cliente_id;fecha_registro;departamento;ciudad;edad;genero;estrato;nivel_educativo;ocupacion;ingreso_mensual_estimado;ingreso_mensual_bi;flag_ingreso;canal_adquisicion;score_externo;tiene_producto_ahorro;numero_dependientes;dispositivo_principal
CL00001;2024-03-25;Valle del Cauca;Cali;41;M;1;Técnico/Tecnólogo;Comerciante;1600000,0;1600000,0;normal;Campaña digital;444,0;False;2;Android
CL00002;2025-09-27;Tolima;Ibagué;35;F;3;Técnico/Tecnólogo;Pensionado;3310000,0;3310000,0;normal;Referido;580,0;False;3;iOS
CL00003;2024-01-19;Bogotá D.C.;Bogotá;42;F;2;Universitario;Independiente;2350000,0;2350000,0;normal;Campaña digital;564,0;False;0;iOS
CL00005;2025-12-12;Cundinamarca;Soacha;34;F;1;Universitario;Empleado;910000,0;910000,0;normal;Aliado comercial;515,0;False;2;Android
CL00006;2024-03-12;Valle del Cauca;Cali;34;F;2;Técnico/Tecnólogo;Empleado;3440000,0;3440000,0;normal;Referido;466,0;True;0;iOS
CL00007;2025-03-21;Antioquia;Medellín;52;M;3;Universitario;Conductor/Repartidor;3860000,0;3860000,0;normal;App orgánico;600,0;True;0;Android
CL00008;2023-12-30;Cundinamarca;Soacha;44;F;4;Técnico/Tecnólogo;Desempleado;1500000,0;1500000,0;normal;Campaña digital;456,0;True;0;Android
CL00010;2024-12-10;Cundinamarca;Soacha;41;F;3;Posgrado;Conductor/Repartidor;2570000,0;2570000,0;normal;Referido;576,0;True;0;Android
CL00011;2025-07-30;Antioquia;Medellín;31;F;4;Técnico/Tecnólogo;Desempleado;1300000,0;1300000,0;normal;Referido;573,0;False;1;Android
CL00012;2024-01-24;Antioquia;Medellín;31;M;4;Universitario;Empleado;3510000,0;3510000,0;normal;Campaña digital;665,0;False;0;Android
CL00013;2024-10-26;Valle del Cauca;Cali;38;M;5;Técnico/Tecnólogo;Empleado;4670000,0;4670000,0;normal;Aliado comercial;692,0;False;0;Android
CL00014;2025-09-30;Cundinamarca;Soacha;19;F;1;Técnico/Tecnólogo;Estudiante;760000,0;760000,0;normal;App orgánico;435,0;False;3;Android
CL00015;2026-01-02;Antioquia;Medellín;19;M;4;Bachiller;Empleado;2970000,0;2970000,0;normal;App orgánico;506,0;False;4;iOS
CL00016;2023-03-05;Atlántico;Barranquilla;30;F;2;Sin información;Empleado;2340000,0;2340000,0;normal;Aliado comercial;577,0;True;1;Web
CL00017;2024-11-22;Caldas;Manizales;26;F;2;Técnico/Tecnólogo;Empleado;3690000,0;3690000,0;normal;App orgánico;658,0;False;1;iOS
CL00018;2024-03-23;Antioquia;Medellín;39;M;5;Bachiller;Comerciante;2890000,0;2890000,0;normal;Referido;651,0;False;1;Android
CL00020;2023-08-14;Bogotá D.C.;Bogotá;22;M;5;Universitario;Empleado;4890000,0;4890000,0;normal;Referido;706,0;True;2;Android
CL00023;2025-11-13;Cundinamarca;Soacha;37;F;5;Sin información;Empleado;3930000,0;3930000,0;normal;Referido;669,0;False;0;Android
CL00026;2025-10-21;Santander;Bucaramanga;37;F;3;Técnico/Tecnólogo;Independiente;3070000,0;3070000,0;normal;Aliado comercial;618,0;False;0;Android
CL00027;2023-05-23;Bogotá D.C.;Bogotá;24;F;5;Técnico/Tecnólogo;Independiente;3560000,0;3560000,0;normal;Call center;616,0;True;1;iOS
CL00028;2025-11-13;Santander;Bucaramanga;40;F;4;Sin información;Estudiante;1080000,0;1080000,0;normal;Referido;548,0;False;0;iOS
CL00029;2024-05-09;Norte de Santander;Cúcuta;30;F;2;Técnico/Tecnólogo;Microempresario;3800000,0;3800000,0;normal;Call center;645,0;False;0;Android
CL00030;2025-11-06;Cundinamarca;Soacha;33;M;3;Universitario;Empleado;3480000,0;3480000,0;normal;Referido;636,0;False;0;Android
CL00031;2024-06-03;Bolívar;Cartagena;30;M;3;Universitario;Independiente;4440000,0;4440000,0;normal;Campaña digital;615,0;True;0;Android
CL00033;2025-07-30;Caldas;Manizales;36;M;4;Bachiller;Independiente;3310000,0;3310000,0;normal;Referido;675,0;False;1;Android
CL00034;2026-01-04;Bogotá D.C.;Bogotá;25;F;1;Técnico/Tecnólogo;Comerciante;1530000,0;1530000,0;normal;Aliado comercial;476,0;True;1;Android
CL00035;2024-12-01;Atlántico;Barranquilla;44;M;3;Posgrado;Microempresario;5040000,0;5040000,0;normal;Campaña digital;684,0;False;2;Android
CL00036;2025-02-16;Cundinamarca;Soacha;24;M;2;Técnico/Tecnólogo;Independiente;2010000,0;2010000,0;normal;Campaña digital;588,0;True;1;Android
CL00037;2025-07-20;Norte de Santander;Cúcuta;38;M;1;Posgrado;Empleado;2050000,0;2050000,0;normal;Campaña digital;601,0;False;1;Android
CL00038;2025-06-29;Antioquia;Medellín;19;F;3;Bachiller;Desempleado;2570000,0;2570000,0;normal;Referido;418,0;False;2;Android
CL00039;2024-03-21;Tolima;Ibagué;23;M;4;Universitario;Empleado;3130000,0;3130000,0;normal;Campaña digital;670,0;True;2;Android
CL00040;2025-12-08;Bolívar;Cartagena;38;M;3;Bachiller;Microempresario;4190000,0;4190000,0;normal;App orgánico;610,0;False;2;iOS
CL00041;2023-06-28;Atlántico;Barranquilla;43;F;4;Técnico/Tecnólogo;Independiente;3040000,0;3040000,0;normal;Campaña digital;699,0;False;1;Android
CL00042;2024-06-07;Bogotá D.C.;Bogotá;38;M;4;Bachiller;Independiente;1790000,0;1790000,0;normal;Referido;587,0;False;4;Android
CL00043;2024-03-07;Santander;Bucaramanga;35;M;5;Técnico/Tecnólogo;Empleado;2450000,0;2450000,0;normal;App orgánico;690,0;False;2;Android
CL00044;2024-12-25;Cundinamarca;Soacha;33;F;4;Bachiller;Microempresario;2970000,0;2970000,0;normal;App orgánico;704,0;False;0;Android
CL00045;2024-10-23;Cundinamarca;Soacha;21;No informa;2;Universitario;Microempresario;2570000,0;2570000,0;normal;Aliado comercial;497,0;True;1;Android
CL00046;2025-01-21;Cundinamarca;Soacha;29;F;5;Técnico/Tecnólogo;Estudiante;2570000,0;2570000,0;normal;Referido;613,0;False;4;iOS
CL00047;2025-08-08;Risaralda;Pereira;31;F;2;Sin información;Comerciante;1640000,0;1640000,0;normal;Campaña digital;569,0;False;0;Android
CL00048;2025-01-03;Tolima;Ibagué;47;M;2;Universitario;Independiente;2570000,0;2570000,0;normal;App orgánico;554,0;False;1;iOS
CL00050;2023-09-17;Bogotá D.C.;Bogotá;19;M;3;Bachiller;Pensionado;2300000,0;2300000,0;normal;App orgánico;523,0;False;1;Android
CL00051;2024-08-07;Bogotá D.C.;Bogotá;39;M;3;Técnico/Tecnólogo;Comerciante;2730000,0;2730000,0;normal;Campaña digital;530,0;False;0;Android
CL00052;2024-04-01;Santander;Bucaramanga;32;F;4;Técnico/Tecnólogo;Empleado;3840000,0;3840000,0;normal;App orgánico;606,0;False;3;iOS
CL00054;2023-06-21;Valle del Cauca;Cali;42;M;1;Posgrado;Microempresario;2180000,0;2180000,0;normal;Referido;550,0;False;2;Android
CL00056;2025-08-08;Santander;Bucaramanga;45;M;2;Bachiller;Empleado;2370000,0;2370000,0;normal;App orgánico;609,0;False;0;Android
CL00057;2023-01-28;Bogotá D.C.;Bogotá;28;F;4;Técnico/Tecnólogo;Independiente;1990000,0;1990000,0;normal;Aliado comercial;512,0;True;1;Android
CL00058;2023-10-13;Antioquia;Medellín;33;F;6;Técnico/Tecnólogo;Independiente;2480000,0;2480000,0;normal;Aliado comercial;667,0;False;0;Android
CL00059;2025-06-08;Bolívar;Cartagena;39;M;3;Bachiller;Independiente;2190000,0;2190000,0;normal;Campaña digital;639,0;False;1;iOS
CL00060;2025-03-17;Cundinamarca;Soacha;46;F;3;Técnico/Tecnólogo;Independiente;3730000,0;3730000,0;normal;Referido;648,0;False;0;Android
CL00061;2023-04-06;Bogotá D.C.;Bogotá;31;M;2;Técnico/Tecnólogo;Empleado;2230000,0;2230000,0;normal;Referido;607,0;False;0;Web
CL00062;2025-04-09;Bogotá D.C.;Bogotá;34;F;4;Posgrado;Independiente;2410000,0;2410000,0;normal;App orgánico;625,0;True;0;iOS
CL00063;2023-02-04;Bogotá D.C.;Bogotá;25;F;2;Sin información;Empleado;3090000,0;3090000,0;normal;Call center;487,0;False;3;iOS
CL00064;2024-01-30;Valle del Cauca;Cali;24;M;4;Universitario;Independiente;2850000,0;2850000,0;normal;Call center;528,0;False;2;Android
CL00065;2024-02-07;Bogotá D.C.;Bogotá;44;M;2;Bachiller;Empleado;6290000,0;6290000,0;normal;Campaña digital;732,0;True;3;Web
CL00067;2024-12-27;Bogotá D.C.;Bogotá;35;F;2;Técnico/Tecnólogo;Microempresario;3970000,0;3970000,0;normal;Campaña digital;728,0;False;0;Android
CL00068;2024-03-24;Antioquia;Medellín;46;M;5;Universitario;Empleado;4810000,0;4810000,0;normal;App orgánico;739,0;True;2;Android
CL00069;2023-05-20;Antioquia;Medellín;40;M;2;Universitario;Estudiante;2050000,0;2050000,0;normal;Call center;500,0;False;1;Android
CL00072;2025-07-22;Bolívar;Cartagena;51;F;2;Técnico/Tecnólogo;Microempresario;2350000,0;2350000,0;normal;Campaña digital;657,0;False;2;iOS
CL00073;2023-08-27;Bogotá D.C.;Bogotá;36;M;1;Técnico/Tecnólogo;Independiente;2040000,0;2040000,0;normal;App orgánico;543,0;True;1;iOS
CL00074;2025-09-05;Bogotá D.C.;Bogotá;52;F;3;Bachiller;Empleado;6110000,0;6110000,0;normal;Aliado comercial;758,0;False;0;Android
CL00075;2025-01-26;Antioquia;Medellín;19;F;3;Universitario;Empleado;3520000,0;3520000,0;normal;Campaña digital;588,0;True;0;Android
CL00076;2024-07-27;Bogotá D.C.;Bogotá;44;F;4;Universitario;Independiente;2370000,0;2370000,0;normal;Referido;592,0;True;2;Android
CL00077;2026-01-13;Antioquia;Medellín;37;F;4;Bachiller;Microempresario;1940000,0;1940000,0;normal;Campaña digital;580,0;True;3;Android
CL00078;2025-04-27;Cundinamarca;Soacha;33;F;2;Técnico/Tecnólogo;Empleado;3200000,0;3200000,0;normal;Call center;622,0;True;3;Android
CL00079;2023-12-29;Atlántico;Barranquilla;37;M;2;Técnico/Tecnólogo;Pensionado;2450000,0;2450000,0;normal;Campaña digital;501,0;True;1;Android
CL00080;2025-09-21;Risaralda;Pereira;19;M;3;Universitario;Empleado;2050000,0;2050000,0;normal;Campaña digital;589,0;False;0;Android
CL00081;2023-11-05;Bolívar;Cartagena;34;F;3;Universitario;Independiente;1850000,0;1850000,0;normal;App orgánico;588,0;False;0;iOS
CL00082;2023-06-04;Bogotá D.C.;Bogotá;40;M;5;Sin información;Empleado;2960000,0;2960000,0;normal;Aliado comercial;594,0;False;2;Android
CL00083;2025-08-01;Antioquia;Medellín;51;M;4;Bachiller;Empleado;2390000,0;2390000,0;normal;Call center;522,0;True;0;iOS
CL00086;2025-12-22;Antioquia;Medellín;31;M;2;Bachiller;Empleado;2610000,0;2610000,0;normal;Campaña digital;425,0;False;2;iOS
CL00088;2024-09-25;Tolima;Ibagué;39;F;1;Universitario;Independiente;1880000,0;1880000,0;normal;App orgánico;507,0;False;0;Android
CL00089;2025-11-10;Antioquia;Medellín;31;M;3;Técnico/Tecnólogo;Desempleado;1100000,0;1100000,0;normal;Campaña digital;440,0;True;1;iOS
CL00091;2025-08-09;Valle del Cauca;Cali;37;M;3;Bachiller;Conductor/Repartidor;1830000,0;1830000,0;normal;App orgánico;497,0;True;1;Android
CL00092;2023-10-14;Bogotá D.C.;Bogotá;46;M;3;Técnico/Tecnólogo;Microempresario;5300000,0;5300000,0;normal;Referido;676,0;True;0;Android
CL00093;2023-07-20;Bogotá D.C.;Bogotá;29;M;4;Técnico/Tecnólogo;Comerciante;4660000,0;4660000,0;normal;App orgánico;693,0;True;4;Android
CL00094;2024-11-06;Bogotá D.C.;Bogotá;33;M;5;Universitario;Desempleado;1250000,0;1250000,0;normal;Call center;602,0;False;1;Android
CL00095;2023-08-18;Antioquia;Medellín;32;F;4;Universitario;Comerciante;2570000,0;2570000,0;normal;Campaña digital;697,0;True;1;Android
CL00096;2024-08-08;Antioquia;Medellín;21;F;4;Sin información;Empleado;4410000,0;4410000,0;normal;Campaña digital;630,0;False;0;Android
CL00097;2023-09-29;Meta;Villavicencio;39;M;1;Universitario;Conductor/Repartidor;2100000,0;2100000,0;normal;App orgánico;505,0;False;0;Android
CL00099;2024-08-12;Santander;Bucaramanga;36;M;3;Técnico/Tecnólogo;Conductor/Repartidor;3460000,0;3460000,0;normal;Campaña digital;612,0;False;0;Android
CL00100;2023-03-12;Bogotá D.C.;Bogotá;34;M;4;Universitario;Microempresario;4340000,0;4340000,0;normal;Aliado comercial;665,0;False;2;Android
CL00101;2024-02-11;Atlántico;Barranquilla;22;M;4;Sin información;Empleado;2710000,0;2710000,0;normal;Aliado comercial;576,0;True;0;iOS
CL00102;2024-05-15;Cundinamarca;Soacha;32;F;3;Bachiller;Estudiante;1120000,0;1120000,0;normal;Aliado comercial;451,0;True;0;Android
CL00103;2025-03-01;Bogotá D.C.;Bogotá;33;M;4;Técnico/Tecnólogo;Independiente;2980000,0;2980000,0;normal;Campaña digital;646,0;False;0;Android
CL00104;2025-11-28;Antioquia;Medellín;28;M;2;Sin información;Empleado;2670000,0;2670000,0;normal;Campaña digital;585,0;False;0;Android
CL00105;2025-07-17;Valle del Cauca;Cali;34;F;3;Técnico/Tecnólogo;Microempresario;2570000,0;2570000,0;normal;Campaña digital;674,0;False;2;iOS
CL00106;2025-11-30;Caldas;Manizales;40;M;4;Universitario;Empleado;5320000,0;5320000,0;normal;App orgánico;756,0;True;1;Android
CL00107;2024-11-08;Valle del Cauca;Cali;55;F;3;Universitario;Comerciante;2570000,0;2570000,0;normal;Aliado comercial;592,0;True;1;Android
CL00108;2025-11-30;Atlántico;Barranquilla;38;M;2;Técnico/Tecnólogo;Comerciante;2570000,0;2570000,0;normal;Campaña digital;596,0;False;0;iOS
CL00109;2024-05-30;Antioquia;Medellín;39;M;3;Técnico/Tecnólogo;Pensionado;2440000,0;2440000,0;normal;Call center;600,0;False;3;Android
CL00110;2025-01-19;Antioquia;Medellín;35;F;2;Universitario;Pensionado;2020000,0;2020000,0;normal;Referido;497,0;True;0;Android
CL00111;2023-06-19;Caldas;Manizales;19;F;2;Universitario;Independiente;1580000,0;1580000,0;normal;Campaña digital;495,0;False;1;Android
CL00113;2024-10-21;Bolívar;Cartagena;37;F;1;Bachiller;Empleado;4830000,0;4830000,0;normal;App orgánico;706,0;True;1;Android
CL00114;2023-03-03;Bogotá D.C.;Bogotá;61;M;4;Bachiller;Empleado;5200000,0;5200000,0;normal;Call center;759,0;False;1;iOS
CL00115;2025-05-11;Antioquia;Medellín;34;M;5;Bachiller;Microempresario;2860000,0;2860000,0;normal;Aliado comercial;586,0;False;0;iOS
CL00116;2023-07-31;Cundinamarca;Soacha;39;M;2;Bachiller;Independiente;2630000,0;2630000,0;normal;App orgánico;588,0;False;1;Android
CL00117;2025-01-22;Antioquia;Medellín;36;F;3;Universitario;Empleado;2900000,0;2900000,0;normal;Aliado comercial;655,0;False;1;iOS
CL00119;2023-08-15;Bogotá D.C.;Bogotá;47;F;4;Técnico/Tecnólogo;Comerciante;1930000,0;1930000,0;normal;App orgánico;613,0;True;0;Android
CL00120;2025-09-21;Antioquia;Medellín;44;F;5;Técnico/Tecnólogo;Microempresario;2570000,0;2570000,0;normal;App orgánico;733,0;True;1;Android
CL00121;2025-04-30;Bogotá D.C.;Bogotá;44;M;1;Posgrado;Empleado;890000,0;890000,0;normal;App orgánico;596,0;True;0;Android
CL00123;2024-05-25;Bogotá D.C.;Bogotá;50;M;2;Bachiller;Empleado;4620000,0;4620000,0;normal;App orgánico;711,0;False;0;Android
CL00125;2024-02-22;Caldas;Manizales;42;F;4;Técnico/Tecnólogo;Empleado;5500000,0;5500000,0;normal;App orgánico;678,0;True;4;iOS
CL00126;2024-08-11;Antioquia;Medellín;58;M;2;Universitario;Independiente;2310000,0;2310000,0;normal;Call center;603,0;True;2;Android
CL00127;2023-07-17;Bogotá D.C.;Bogotá;26;M;2;Sin información;Independiente;3180000,0;3180000,0;normal;Referido;523,0;True;2;Android
CL00128;2023-02-12;Atlántico;Barranquilla;30;F;4;Universitario;Empleado;3530000,0;3530000,0;normal;Referido;630,0;False;1;Android
CL00130;2023-02-27;Bogotá D.C.;Bogotá;31;M;1;Bachiller;Comerciante;1530000,0;1530000,0;normal;App orgánico;492,0;False;1;iOS
CL00131;2023-02-20;Atlántico;Barranquilla;20;F;3;Bachiller;Microempresario;2530000,0;2530000,0;normal;App orgánico;522,0;True;0;Android
CL00133;2023-01-24;Cundinamarca;Soacha;25;F;2;Técnico/Tecnólogo;Empleado;2000000,0;2000000,0;normal;Campaña digital;476,0;False;3;Web
CL00134;2023-05-07;Bogotá D.C.;Bogotá;41;F;3;Bachiller;Empleado;2740000,0;2740000,0;normal;App orgánico;605,0;False;1;Android
CL00135;2025-07-26;Tolima;Ibagué;27;M;3;Bachiller;Empleado;3720000,0;3720000,0;normal;App orgánico;632,0;True;0;Android
CL00137;2025-07-22;Risaralda;Pereira;28;F;2;Universitario;Estudiante;1210000,0;1210000,0;normal;Campaña digital;491,0;True;2;iOS
CL00138;2025-08-01;Bogotá D.C.;Bogotá;33;M;2;Posgrado;Empleado;2960000,0;2960000,0;normal;Aliado comercial;601,0;True;2;Web
CL00139;2023-08-11;Antioquia;Medellín;44;F;3;Universitario;Empleado;2420000,0;2420000,0;normal;Aliado comercial;565,0;True;4;Android
CL00140;2023-07-31;Bogotá D.C.;Bogotá;24;No informa;4;Universitario;Pensionado;3460000,0;3460000,0;normal;App orgánico;577,0;False;2;Android
CL00141;2023-10-01;Bogotá D.C.;Bogotá;38;M;3;Universitario;Conductor/Repartidor;2030000,0;2030000,0;normal;Referido;598,0;False;0;Android
CL00142;2024-12-02;Cundinamarca;Soacha;49;F;3;Técnico/Tecnólogo;Microempresario;5560000,0;5560000,0;normal;App orgánico;781,0;False;0;Android
CL00144;2024-09-06;Caldas;Manizales;38;F;2;Bachiller;Empleado;2980000,0;2980000,0;normal;App orgánico;481,0;False;0;Android
CL00145;2023-12-26;Bogotá D.C.;Bogotá;39;M;3;Posgrado;Comerciante;1640000,0;1640000,0;normal;Aliado comercial;465,0;False;0;Android
CL00146;2023-10-25;Bolívar;Cartagena;44;F;2;Bachiller;Independiente;2880000,0;2880000,0;normal;Referido;589,0;True;0;iOS
CL00148;2023-03-16;Bolívar;Cartagena;23;F;1;Universitario;Empleado;2180000,0;2180000,0;normal;Campaña digital;502,0;False;3;iOS
CL00149;2024-06-18;Bogotá D.C.;Bogotá;41;F;3;Técnico/Tecnólogo;Microempresario;3620000,0;3620000,0;normal;Call center;660,0;False;0;iOS
CL00150;2025-10-30;Cundinamarca;Soacha;39;F;5;Bachiller;Empleado;4200000,0;4200000,0;normal;App orgánico;634,0;False;1;Web
CL00151;2024-12-19;Valle del Cauca;Cali;39;M;1;Posgrado;Empleado;1560000,0;1560000,0;normal;Aliado comercial;477,0;False;0;Android
CL00152;2025-07-26;Norte de Santander;Cúcuta;39;F;4;Universitario;Empleado;2710000,0;2710000,0;normal;App orgánico;632,0;False;1;Android
CL00153;2023-10-30;Risaralda;Pereira;29;M;4;Universitario;Pensionado;1990000,0;1990000,0;normal;Referido;526,0;False;2;Android
CL00154;2024-09-07;Valle del Cauca;Cali;38;F;3;Universitario;Microempresario;2560000,0;2560000,0;normal;App orgánico;626,0;True;4;Android
CL00155;2025-07-20;Meta;Villavicencio;39;M;1;Técnico/Tecnólogo;Empleado;1970000,0;1970000,0;normal;Aliado comercial;484,0;False;2;Android
CL00156;2024-05-14;Antioquia;Medellín;29;F;2;Técnico/Tecnólogo;Comerciante;3770000,0;3770000,0;normal;Campaña digital;625,0;False;0;Android
CL00158;2024-10-31;Bogotá D.C.;Bogotá;41;M;4;Posgrado;Empleado;5650000,0;5650000,0;normal;Campaña digital;668,0;True;0;Android
CL00159;2023-10-08;Bogotá D.C.;Bogotá;24;M;1;Bachiller;Empleado;1560000,0;1560000,0;normal;Call center;506,0;True;2;Android
CL00161;2025-05-19;Atlántico;Barranquilla;26;M;2;Sin información;Empleado;1600000,0;1600000,0;normal;Referido;531,0;False;4;Android
CL00163;2024-10-14;Bolívar;Cartagena;48;F;4;Universitario;Microempresario;3410000,0;3410000,0;normal;Referido;660,0;False;1;Android
CL00164;2023-06-03;Valle del Cauca;Cali;28;M;2;Universitario;Empleado;2600000,0;2600000,0;normal;Call center;659,0;False;1;iOS
CL00165;2023-05-01;Valle del Cauca;Cali;46;F;3;Bachiller;Comerciante;3050000,0;3050000,0;normal;Referido;738,0;False;1;Android
CL00166;2025-11-04;Bogotá D.C.;Bogotá;40;M;3;Técnico/Tecnólogo;Conductor/Repartidor;3140000,0;3140000,0;normal;Campaña digital;622,0;True;3;Android
CL00167;2023-03-15;Cundinamarca;Soacha;44;F;2;Posgrado;Comerciante;2720000,0;2720000,0;normal;App orgánico;517,0;False;3;Android
CL00168;2023-10-04;Cundinamarca;Soacha;55;F;4;Técnico/Tecnólogo;Conductor/Repartidor;2770000,0;2770000,0;normal;Aliado comercial;512,0;False;1;Web
CL00169;2023-06-03;Santander;Bucaramanga;34;F;1;Técnico/Tecnólogo;Empleado;3580000,0;3580000,0;normal;Campaña digital;601,0;False;0;Android
CL00170;2023-12-09;Norte de Santander;Cúcuta;28;F;1;Universitario;Comerciante;2370000,0;2370000,0;normal;Campaña digital;498,0;False;1;Android
CL00172;2025-01-08;Bolívar;Cartagena;28;F;3;Universitario;Empleado;3880000,0;3880000,0;normal;App orgánico;616,0;True;2;Android
CL00173;2023-10-19;Atlántico;Barranquilla;35;F;3;Posgrado;Empleado;2410000,0;2410000,0;normal;App orgánico;585,0;True;2;Android
CL00174;2024-06-24;Valle del Cauca;Cali;39;M;2;Sin información;Microempresario;1600000,0;1600000,0;normal;App orgánico;487,0;True;1;Android
CL00175;2025-03-18;Atlántico;Barranquilla;39;F;2;Universitario;Comerciante;1970000,0;1970000,0;normal;Call center;539,0;False;3;Android
CL00176;2023-10-11;Valle del Cauca;Cali;44;F;3;Técnico/Tecnólogo;Microempresario;2630000,0;2630000,0;normal;App orgánico;580,0;True;1;Android
CL00178;2023-11-30;Cundinamarca;Soacha;51;M;1;Universitario;Empleado;2970000,0;2970000,0;normal;Aliado comercial;638,0;False;0;Android
CL00180;2025-05-11;Antioquia;Medellín;63;F;2;Técnico/Tecnólogo;Microempresario;2970000,0;2970000,0;normal;App orgánico;665,0;True;1;iOS
CL00181;2025-07-08;Bogotá D.C.;Bogotá;42;M;5;Bachiller;Independiente;4850000,0;4850000,0;normal;Referido;691,0;False;2;Android
CL00182;2024-03-14;Bogotá D.C.;Bogotá;27;F;3;Técnico/Tecnólogo;Empleado;3880000,0;3880000,0;normal;App orgánico;594,0;True;4;iOS
CL00183;2024-06-27;Bolívar;Cartagena;25;M;2;Universitario;Desempleado;610000,0;610000,0;normal;Campaña digital;526,0;False;0;Android
CL00184;2023-09-10;Bogotá D.C.;Bogotá;41;F;2;Técnico/Tecnólogo;Empleado;1990000,0;1990000,0;normal;App orgánico;493,0;False;3;Android
CL00185;2025-06-20;Antioquia;Medellín;34;F;1;Universitario;Microempresario;3260000,0;3260000,0;normal;Campaña digital;493,0;True;1;Web
CL00186;2023-07-25;Valle del Cauca;Cali;43;F;3;Sin información;Microempresario;4410000,0;4410000,0;normal;App orgánico;555,0;False;2;Android
CL00188;2024-11-27;Valle del Cauca;Cali;35;F;3;Universitario;Microempresario;2430000,0;2430000,0;normal;Referido;615,0;True;0;Android
CL00189;2024-03-01;Bogotá D.C.;Bogotá;28;M;2;Bachiller;Independiente;2130000,0;2130000,0;normal;Call center;507,0;False;2;Android
CL00190;2025-08-27;Risaralda;Pereira;21;M;3;Bachiller;Empleado;1990000,0;1990000,0;normal;Aliado comercial;659,0;False;1;Android
CL00191;2025-10-21;Bogotá D.C.;Bogotá;32;M;4;Sin información;Independiente;2570000,0;2570000,0;normal;Campaña digital;691,0;False;0;Web
CL00192;2024-01-07;Atlántico;Barranquilla;45;F;2;Universitario;Empleado;2810000,0;2810000,0;normal;Referido;571,0;True;0;Android
CL00193;2025-07-04;Antioquia;Medellín;38;F;5;Universitario;Desempleado;1330000,0;1330000,0;normal;Call center;450,0;True;0;Web
CL00194;2023-10-07;Risaralda;Pereira;24;No informa;3;Bachiller;Empleado;4620000,0;4620000,0;normal;Campaña digital;692,0;False;1;Android
CL00195;2026-01-07;Bogotá D.C.;Bogotá;38;F;4;Bachiller;Empleado;3490000,0;3490000,0;normal;Campaña digital;643,0;True;3;iOS
CL00196;2023-11-18;Bogotá D.C.;Bogotá;40;F;1;Universitario;Empleado;2410000,0;2410000,0;normal;App orgánico;450,0;True;1;Android
CL00197;2023-05-08;Bogotá D.C.;Bogotá;27;F;3;Técnico/Tecnólogo;Empleado;4420000,0;4420000,0;normal;Call center;716,0;False;1;Android
CL00198;2023-03-30;Antioquia;Medellín;38;M;2;Técnico/Tecnólogo;Microempresario;2400000,0;2400000,0;normal;Aliado comercial;511,0;True;0;Android
CL00199;2025-09-03;Bolívar;Cartagena;37;M;1;Universitario;Empleado;1300000,0;1300000,0;normal;App orgánico;588,0;False;1;iOS
CL00200;2024-09-05;Atlántico;Barranquilla;25;M;2;Bachiller;Desempleado;1010000,0;1010000,0;normal;Campaña digital;518,0;False;0;Android
CL00202;2025-08-22;Bolívar;Cartagena;42;M;4;Universitario;Empleado;2410000,0;2410000,0;normal;App orgánico;624,0;True;0;Android
CL00203;2023-12-13;Antioquia;Medellín;47;F;4;Técnico/Tecnólogo;Empleado;2950000,0;2950000,0;normal;Referido;613,0;False;2;Android
CL00204;2023-05-27;Cundinamarca;Soacha;47;F;6;Universitario;Microempresario;7690000,0;7082400,000000003;outlier_real;Campaña digital;850,0;True;1;Android
CL00205;2023-10-05;Norte de Santander;Cúcuta;22;F;3;Sin información;Comerciante;2310000,0;2310000,0;normal;App orgánico;557,0;False;0;Android
CL00206;2023-01-23;Bogotá D.C.;Bogotá;27;F;4;Posgrado;Pensionado;2010000,0;2010000,0;normal;Campaña digital;590,0;False;0;Android
CL00207;2025-01-13;Santander;Bucaramanga;41;M;3;Técnico/Tecnólogo;Independiente;2630000,0;2630000,0;normal;App orgánico;582,0;True;1;Web
CL00208;2024-03-11;Bogotá D.C.;Bogotá;41;F;1;Sin información;Empleado;2330000,0;2330000,0;normal;Referido;622,0;True;2;Android
CL00209;2024-07-20;Bogotá D.C.;Bogotá;41;F;2;Universitario;Empleado;2350000,0;2350000,0;normal;Call center;549,0;False;1;Android
CL00210;2025-12-23;Cundinamarca;Soacha;68;M;3;Bachiller;Empleado;5240000,0;5240000,0;normal;Campaña digital;736,0;False;3;Web
CL00211;2024-03-21;Bogotá D.C.;Bogotá;42;F;3;Universitario;Empleado;3190000,0;3190000,0;normal;Campaña digital;688,0;False;0;Android
CL00212;2025-07-16;Santander;Bucaramanga;47;M;1;Bachiller;Independiente;1260000,0;1260000,0;normal;Referido;392,0;False;1;iOS
CL00214;2025-01-28;Norte de Santander;Cúcuta;43;M;3;Posgrado;Independiente;2750000,0;2750000,0;normal;App orgánico;577,0;False;0;Android
CL00215;2024-05-26;Cundinamarca;Soacha;33;M;1;Bachiller;Conductor/Repartidor;1530000,0;1530000,0;normal;Campaña digital;543,0;False;0;Android
CL00216;2024-11-15;Antioquia;Medellín;44;M;2;Universitario;Pensionado;1920000,0;1920000,0;normal;Referido;505,0;False;1;Android
CL00217;2023-02-20;Bolívar;Cartagena;28;F;3;Bachiller;Comerciante;3900000,0;3900000,0;normal;App orgánico;683,0;False;3;Web
CL00218;2024-07-05;Valle del Cauca;Cali;34;M;2;Universitario;Empleado;1520000,0;1520000,0;normal;Aliado comercial;595,0;True;2;iOS
CL00219;2023-10-21;Antioquia;Medellín;31;F;3;Bachiller;Empleado;3920000,0;3920000,0;normal;Campaña digital;600,0;False;0;Android
CL00220;2023-07-24;Caldas;Manizales;37;M;2;Técnico/Tecnólogo;Empleado;2030000,0;2030000,0;normal;Aliado comercial;611,0;False;3;Web
CL00221;2025-03-12;Caldas;Manizales;59;F;2;Bachiller;Empleado;3660000,0;3660000,0;normal;Aliado comercial;551,0;True;3;Android
CL00222;2023-04-02;Bogotá D.C.;Bogotá;19;F;3;Bachiller;Desempleado;830000,0;830000,0;normal;Aliado comercial;487,0;False;1;Android
CL00223;2025-07-24;Risaralda;Pereira;43;M;1;Bachiller;Empleado;1520000,0;1520000,0;normal;App orgánico;571,0;True;0;Android
CL00224;2024-03-21;Santander;Bucaramanga;20;F;3;Técnico/Tecnólogo;Conductor/Repartidor;3230000,0;3230000,0;normal;Referido;541,0;True;0;Android
CL00225;2025-06-24;Caldas;Manizales;31;M;2;Universitario;Conductor/Repartidor;1850000,0;1850000,0;normal;Referido;511,0;False;0;Android
CL00226;2023-07-07;Risaralda;Pereira;47;F;5;Posgrado;Pensionado;2920000,0;2920000,0;normal;App orgánico;650,0;True;0;Android
CL00227;2024-02-01;Bolívar;Cartagena;37;M;2;Sin información;Empleado;1900000,0;1900000,0;normal;Aliado comercial;581,0;True;0;Android
CL00228;2023-02-10;Bogotá D.C.;Bogotá;25;M;6;Técnico/Tecnólogo;Microempresario;4060000,0;4060000,0;normal;Aliado comercial;637,0;True;4;Web
CL00229;2025-05-13;Bolívar;Cartagena;29;F;2;Técnico/Tecnólogo;Independiente;1740000,0;1740000,0;normal;Call center;565,0;False;1;Android
CL00230;2025-12-21;Bogotá D.C.;Bogotá;43;M;1;Sin información;Empleado;2610000,0;2610000,0;normal;Campaña digital;527,0;False;1;iOS
CL00231;2023-08-19;Caldas;Manizales;29;M;4;Sin información;Empleado;2450000,0;2450000,0;normal;Referido;601,0;False;1;iOS
CL00232;2024-04-03;Norte de Santander;Cúcuta;38;F;3;Bachiller;Microempresario;4080000,0;4080000,0;normal;App orgánico;642,0;False;0;Android
CL00233;2023-10-01;Bogotá D.C.;Bogotá;36;M;4;Bachiller;Comerciante;4600000,0;4600000,0;normal;App orgánico;743,0;True;1;Android
CL00234;2023-01-21;Bogotá D.C.;Bogotá;29;F;4;Universitario;Conductor/Repartidor;1750000,0;1750000,0;normal;Aliado comercial;509,0;False;0;iOS
CL00235;2023-12-30;Valle del Cauca;Cali;57;M;3;Sin información;Empleado;3220000,0;3220000,0;normal;Aliado comercial;763,0;False;2;Android
CL00236;2023-12-09;Atlántico;Barranquilla;42;F;2;Sin información;Empleado;3440000,0;3440000,0;normal;Campaña digital;593,0;False;1;Android
CL00237;2023-08-07;Atlántico;Barranquilla;19;M;4;Sin información;Independiente;2380000,0;2380000,0;normal;Call center;544,0;True;1;Android
CL00238;2024-04-10;Santander;Bucaramanga;38;F;3;Técnico/Tecnólogo;Empleado;3720000,0;3720000,0;normal;Call center;583,0;True;1;Android
CL00239;2025-12-23;Antioquia;Medellín;29;F;6;Bachiller;Empleado;7480000,0;7082400,000000003;outlier_real;Referido;766,0;True;0;iOS
CL00241;2024-07-14;Bogotá D.C.;Bogotá;28;F;4;Posgrado;Empleado;3670000,0;3670000,0;normal;Aliado comercial;577,0;True;3;iOS
CL00243;2024-02-29;Santander;Bucaramanga;41;M;1;Técnico/Tecnólogo;Empleado;1260000,0;1260000,0;normal;Campaña digital;587,0;True;2;Android
CL00244;2023-07-21;Bogotá D.C.;Bogotá;45;M;4;Bachiller;Empleado;-1,0;-1,0;normal;Call center;732,0;False;0;Android
CL00245;2025-06-19;Bogotá D.C.;Bogotá;24;M;3;Técnico/Tecnólogo;Empleado;3920000,0;3920000,0;normal;App orgánico;645,0;False;3;iOS
CL00246;2024-10-07;Tolima;Ibagué;33;F;1;Universitario;Conductor/Repartidor;1190000,0;1190000,0;normal;Referido;460,0;False;0;Android
CL00249;2025-03-01;Valle del Cauca;Cali;54;M;5;Técnico/Tecnólogo;Comerciante;4280000,0;4280000,0;normal;Referido;727,0;True;0;Web
CL00250;2023-04-09;Risaralda;Pereira;40;F;3;Bachiller;Empleado;3970000,0;3970000,0;normal;App orgánico;597,0;False;0;Android
CL00252;2024-04-27;Bogotá D.C.;Bogotá;45;F;2;Bachiller;Microempresario;2770000,0;2770000,0;normal;App orgánico;652,0;True;1;Android
CL00253;2025-02-17;Bogotá D.C.;Bogotá;57;F;5;Sin información;Pensionado;3540000,0;3540000,0;normal;Campaña digital;684,0;False;0;iOS
CL00254;2023-04-28;Bogotá D.C.;Bogotá;46;M;2;Técnico/Tecnólogo;Empleado;2810000,0;2810000,0;normal;App orgánico;613,0;True;1;iOS
CL00255;2025-11-23;Bogotá D.C.;Bogotá;21;M;3;Técnico/Tecnólogo;Empleado;5130000,0;5130000,0;normal;Referido;711,0;True;3;iOS
CL00256;2023-07-01;Bogotá D.C.;Bogotá;31;F;2;Bachiller;Empleado;1920000,0;1920000,0;normal;App orgánico;579,0;False;2;Android
CL00258;2024-05-19;Bogotá D.C.;Bogotá;29;M;3;Técnico/Tecnólogo;Microempresario;9000000,0;7082400,000000003;error_captura;Campaña digital;850,0;False;1;Android
CL00259;2023-09-24;Bogotá D.C.;Bogotá;40;F;4;Bachiller;Microempresario;3190000,0;3190000,0;normal;App orgánico;622,0;False;0;Android
CL00261;2025-11-19;Norte de Santander;Cúcuta;27;F;2;Bachiller;Conductor/Repartidor;2080000,0;2080000,0;normal;Aliado comercial;408,0;False;0;Android
CL00262;2024-12-08;Bogotá D.C.;Bogotá;35;M;5;Sin información;Empleado;3760000,0;3760000,0;normal;Campaña digital;641,0;True;1;iOS
CL00263;2024-12-14;Antioquia;Medellín;19;M;2;Universitario;Independiente;1480000,0;1480000,0;normal;Campaña digital;540,0;True;2;iOS
CL00264;2025-03-03;Valle del Cauca;Cali;26;M;2;Universitario;Estudiante;800000,0;800000,0;normal;Campaña digital;441,0;False;0;Android
CL00265;2023-12-20;Bogotá D.C.;Bogotá;33;F;4;Universitario;Desempleado;1030000,0;1030000,0;normal;Referido;516,0;False;0;Android
CL00266;2024-01-03;Meta;Villavicencio;24;M;3;Universitario;Microempresario;5280000,0;5280000,0;normal;Campaña digital;686,0;True;1;iOS
CL00268;2023-10-22;Risaralda;Pereira;22;M;3;Bachiller;Independiente;2090000,0;2090000,0;normal;Referido;620,0;False;3;iOS
CL00271;2023-09-19;Antioquia;Medellín;50;F;4;Bachiller;Conductor/Repartidor;2030000,0;2030000,0;normal;App orgánico;596,0;False;1;iOS
CL00272;2025-10-23;Bogotá D.C.;Bogotá;22;M;1;Técnico/Tecnólogo;Empleado;2050000,0;2050000,0;normal;Call center;603,0;False;0;Android
CL00273;2024-01-08;Valle del Cauca;Cali;48;M;2;Posgrado;Comerciante;3000000,0;3000000,0;normal;Campaña digital;672,0;False;3;iOS
CL00274;2025-12-05;Valle del Cauca;Cali;36;F;3;Universitario;Conductor/Repartidor;3310000,0;3310000,0;normal;Campaña digital;654,0;False;0;Android
CL00276;2024-05-14;Bogotá D.C.;Bogotá;41;M;2;Bachiller;Estudiante;1090000,0;1090000,0;normal;App orgánico;387,0;True;0;Android
CL00277;2025-09-27;Antioquia;Medellín;38;F;4;Bachiller;Estudiante;1540000,0;1540000,0;normal;Referido;542,0;True;3;iOS
CL00278;2025-09-10;Bolívar;Cartagena;30;F;3;Sin información;Empleado;3360000,0;3360000,0;normal;Aliado comercial;577,0;False;2;Android
CL00279;2023-02-08;Bogotá D.C.;Bogotá;37;M;3;Bachiller;Comerciante;2890000,0;2890000,0;normal;App orgánico;630,0;True;1;Android
CL00280;2025-12-07;Bolívar;Cartagena;32;M;3;Bachiller;Empleado;6110000,0;6110000,0;normal;Call center;703,0;False;2;iOS
CL00281;2023-09-02;Risaralda;Pereira;37;M;3;Bachiller;Independiente;3200000,0;3200000,0;normal;Campaña digital;687,0;False;2;Android
CL00282;2024-12-21;Bogotá D.C.;Bogotá;43;F;3;Universitario;Empleado;2820000,0;2820000,0;normal;App orgánico;638,0;False;1;iOS
CL00283;2023-03-22;Bogotá D.C.;Bogotá;52;M;4;Bachiller;Empleado;3260000,0;3260000,0;normal;Campaña digital;668,0;True;1;Web
CL00284;2023-07-27;Risaralda;Pereira;24;M;4;Bachiller;Microempresario;2380000,0;2380000,0;normal;Campaña digital;592,0;False;2;Android
CL00285;2023-06-04;Bogotá D.C.;Bogotá;57;F;6;Bachiller;Empleado;6420000,0;6420000,0;normal;Referido;797,0;True;3;iOS
CL00286;2025-08-09;Norte de Santander;Cúcuta;19;F;3;Técnico/Tecnólogo;Independiente;3050000,0;3050000,0;normal;Call center;588,0;False;2;Android
CL00287;2024-10-12;Antioquia;Medellín;34;F;3;Bachiller;Empleado;3050000,0;3050000,0;normal;Campaña digital;613,0;True;0;iOS
CL00288;2024-09-08;Antioquia;Medellín;42;F;3;Universitario;Empleado;2720000,0;2720000,0;normal;Referido;560,0;False;1;Android
CL00289;2024-08-19;Atlántico;Barranquilla;39;M;4;Posgrado;Desempleado;850000,0;850000,0;normal;Call center;588,0;False;0;Android
CL00290;2024-01-01;Antioquia;Medellín;30;M;2;Técnico/Tecnólogo;Conductor/Repartidor;2570000,0;2570000,0;normal;Referido;420,0;False;0;iOS
CL00291;2024-01-14;Atlántico;Barranquilla;34;F;3;Bachiller;Independiente;3810000,0;3810000,0;normal;Campaña digital;599,0;False;0;iOS
CL00292;2023-09-16;Atlántico;Barranquilla;31;F;3;Técnico/Tecnólogo;Empleado;6480000,0;6480000,0;normal;Campaña digital;742,0;False;2;iOS
CL00293;2025-03-13;Bogotá D.C.;Bogotá;30;F;3;Técnico/Tecnólogo;Microempresario;6830000,0;6830000,0;normal;Campaña digital;758,0;True;1;Android
CL00294;2024-05-03;Risaralda;Pereira;44;M;4;Bachiller;Independiente;2350000,0;2350000,0;normal;Aliado comercial;529,0;False;0;Android
CL00295;2023-11-03;Bogotá D.C.;Bogotá;40;M;2;Técnico/Tecnólogo;Empleado;2030000,0;2030000,0;normal;Referido;508,0;False;1;iOS
CL00296;2025-12-28;Bolívar;Cartagena;29;M;4;Técnico/Tecnólogo;Empleado;5260000,0;5260000,0;normal;Campaña digital;664,0;False;3;Android
CL00297;2025-12-10;Santander;Bucaramanga;45;F;4;Técnico/Tecnólogo;Empleado;5300000,0;5300000,0;normal;App orgánico;664,0;False;0;Android
CL00298;2023-09-25;Atlántico;Barranquilla;39;M;3;Universitario;Conductor/Repartidor;3400000,0;3400000,0;normal;Referido;559,0;True;1;iOS
CL00299;2025-08-24;Valle del Cauca;Cali;44;F;4;Bachiller;Comerciante;3080000,0;3080000,0;normal;App orgánico;588,0;True;2;Android
CL00300;2025-07-13;Antioquia;Medellín;42;F;1;Técnico/Tecnólogo;Microempresario;2370000,0;2370000,0;normal;App orgánico;635,0;False;2;Android
CL00301;2023-12-18;Tolima;Ibagué;28;F;2;Sin información;Empleado;3400000,0;3400000,0;normal;App orgánico;588,0;True;1;iOS
CL00305;2024-01-09;Atlántico;Barranquilla;36;M;2;Técnico/Tecnólogo;Empleado;2890000,0;2890000,0;normal;Referido;652,0;False;1;Android
CL00306;2023-05-05;Caldas;Manizales;37;F;1;Técnico/Tecnólogo;Empleado;-1,0;-1,0;normal;Aliado comercial;511,0;False;1;Android
CL00307;2025-01-30;Bogotá D.C.;Bogotá;49;M;1;Posgrado;Empleado;3270000,0;3270000,0;normal;Campaña digital;641,0;False;1;Web
CL00308;2026-01-20;Bolívar;Cartagena;30;F;1;Sin información;Empleado;1560000,0;1560000,0;normal;App orgánico;522,0;False;3;iOS
CL00309;2023-09-24;Antioquia;Medellín;41;F;3;Bachiller;Empleado;3970000,0;3970000,0;normal;App orgánico;565,0;False;0;Android
CL00310;2025-04-21;Valle del Cauca;Cali;34;M;4;Bachiller;Independiente;1450000,0;1450000,0;normal;Referido;501,0;False;0;iOS
CL00312;2023-06-16;Atlántico;Barranquilla;47;M;4;Bachiller;Empleado;2250000,0;2250000,0;normal;Aliado comercial;611,0;True;0;Android
CL00313;2026-01-01;Bogotá D.C.;Bogotá;44;F;1;Técnico/Tecnólogo;Pensionado;1530000,0;1530000,0;normal;Aliado comercial;601,0;False;0;Android
CL00314;2023-09-20;Valle del Cauca;Cali;44;F;4;Universitario;Conductor/Repartidor;4150000,0;4150000,0;normal;Aliado comercial;675,0;False;1;Web
CL00317;2025-09-01;Atlántico;Barranquilla;43;M;4;Bachiller;Independiente;3820000,0;3820000,0;normal;Campaña digital;571,0;False;0;Android
CL00318;2023-02-03;Caldas;Manizales;33;M;2;Universitario;Microempresario;4430000,0;4430000,0;normal;Call center;633,0;False;1;Web
CL00319;2024-01-06;Norte de Santander;Cúcuta;39;M;3;Bachiller;Independiente;1830000,0;1830000,0;normal;Referido;559,0;False;1;iOS
CL00320;2024-07-12;Antioquia;Medellín;35;F;3;Técnico/Tecnólogo;Empleado;5920000,0;5920000,0;normal;Aliado comercial;713,0;True;2;Android
CL00321;2024-06-21;Meta;Villavicencio;37;M;2;Universitario;Empleado;5080000,0;5080000,0;normal;App orgánico;714,0;False;1;Android
CL00322;2025-09-21;Antioquia;Medellín;42;F;3;Universitario;Empleado;2490000,0;2490000,0;normal;Campaña digital;564,0;True;0;iOS
CL00323;2024-05-10;Antioquia;Medellín;28;F;3;Universitario;Conductor/Repartidor;2700000,0;2700000,0;normal;Campaña digital;616,0;True;0;iOS
CL00324;2025-06-06;Atlántico;Barranquilla;57;M;3;Bachiller;Comerciante;2430000,0;2430000,0;normal;Campaña digital;663,0;False;0;Web
CL00325;2023-10-07;Antioquia;Medellín;26;M;1;Sin información;Conductor/Repartidor;1620000,0;1620000,0;normal;Campaña digital;588,0;False;0;iOS
CL00327;2024-02-02;Bogotá D.C.;Bogotá;48;F;2;Bachiller;Desempleado;640000,0;640000,0;normal;App orgánico;495,0;False;1;Android
CL00328;2023-05-08;Bogotá D.C.;Bogotá;44;F;5;Bachiller;Empleado;3100000,0;3100000,0;normal;Aliado comercial;688,0;True;0;Web
CL00329;2025-05-13;Bogotá D.C.;Bogotá;42;F;3;Universitario;Empleado;3560000,0;3560000,0;normal;Aliado comercial;757,0;False;0;Android
CL00332;2023-12-09;Risaralda;Pereira;27;M;3;Bachiller;Comerciante;2370000,0;2370000,0;normal;Referido;571,0;False;0;Android
CL00333;2023-09-05;Bogotá D.C.;Bogotá;37;M;3;Bachiller;Microempresario;1850000,0;1850000,0;normal;Aliado comercial;555,0;False;1;Android
CL00334;2023-01-17;Cundinamarca;Soacha;29;F;2;Universitario;Independiente;2100000,0;2100000,0;normal;Referido;454,0;True;4;Android
CL00335;2024-02-13;Bogotá D.C.;Bogotá;46;F;2;Sin información;Independiente;3550000,0;3550000,0;normal;Campaña digital;597,0;False;1;Android
CL00336;2023-11-04;Bogotá D.C.;Bogotá;35;F;4;Técnico/Tecnólogo;Conductor/Repartidor;2760000,0;2760000,0;normal;App orgánico;583,0;False;2;iOS
CL00340;2023-01-28;Norte de Santander;Cúcuta;30;M;3;Posgrado;Empleado;4250000,0;4250000,0;normal;Aliado comercial;666,0;True;3;Android
CL00341;2025-07-07;Bogotá D.C.;Bogotá;28;F;6;Universitario;Desempleado;1590000,0;1590000,0;normal;App orgánico;531,0;True;1;Android
CL00344;2024-11-27;Bogotá D.C.;Bogotá;31;F;2;Universitario;Independiente;1590000,0;1590000,0;normal;App orgánico;548,0;True;2;Android
CL00345;2025-06-05;Bogotá D.C.;Bogotá;31;M;3;Sin información;Desempleado;560000,0;560000,0;normal;Campaña digital;401,0;True;0;iOS
CL00346;2026-01-09;Valle del Cauca;Cali;38;M;3;Bachiller;Independiente;2570000,0;2570000,0;normal;Aliado comercial;569,0;False;1;Android
CL00347;2025-01-03;Risaralda;Pereira;22;F;2;Bachiller;Pensionado;2570000,0;2570000,0;normal;App orgánico;560,0;False;2;iOS
CL00348;2025-08-27;Antioquia;Medellín;22;No informa;3;Sin información;Empleado;2030000,0;2030000,0;normal;App orgánico;565,0;False;2;Android
CL00349;2024-10-19;Antioquia;Medellín;29;F;3;Sin información;Empleado;3290000,0;3290000,0;normal;Campaña digital;604,0;False;0;Android
CL00351;2024-03-04;Norte de Santander;Cúcuta;39;M;2;Técnico/Tecnólogo;Empleado;2350000,0;2350000,0;normal;App orgánico;591,0;True;0;iOS
CL00352;2023-06-01;Bogotá D.C.;Bogotá;51;M;3;Técnico/Tecnólogo;Empleado;1620000,0;1620000,0;normal;Campaña digital;674,0;False;0;Android
CL00353;2023-01-26;Antioquia;Medellín;45;F;4;Bachiller;Empleado;10000000,0;7082400,000000003;outlier_real;Campaña digital;826,0;True;2;Android
CL00354;2025-09-14;Bogotá D.C.;Bogotá;34;F;3;Bachiller;Independiente;2860000,0;2860000,0;normal;App orgánico;631,0;True;3;Android
CL00355;2024-12-30;Bogotá D.C.;Bogotá;36;M;3;Universitario;Empleado;1950000,0;1950000,0;normal;App orgánico;646,0;False;0;iOS
CL00356;2023-11-23;Bogotá D.C.;Bogotá;26;F;4;Sin información;Comerciante;2040000,0;2040000,0;normal;Referido;545,0;False;1;iOS
CL00357;2023-03-03;Cundinamarca;Soacha;36;M;2;Técnico/Tecnólogo;Conductor/Repartidor;1270000,0;1270000,0;normal;Campaña digital;434,0;False;0;iOS
CL00358;2024-01-15;Bogotá D.C.;Bogotá;33;M;3;Universitario;Empleado;3400000,0;3400000,0;normal;Call center;598,0;False;3;iOS
CL00359;2024-10-22;Antioquia;Medellín;39;F;4;Técnico/Tecnólogo;Comerciante;2880000,0;2880000,0;normal;Call center;650,0;True;2;Android
CL00362;2024-10-05;Cundinamarca;Soacha;51;M;4;Universitario;Conductor/Repartidor;1780000,0;1780000,0;normal;Referido;479,0;False;4;Android
CL00363;2024-01-12;Bogotá D.C.;Bogotá;35;M;3;Técnico/Tecnólogo;Microempresario;3480000,0;3480000,0;normal;App orgánico;661,0;False;1;Android
CL00364;2025-01-05;Cundinamarca;Soacha;40;M;3;Sin información;Conductor/Repartidor;2590000,0;2590000,0;normal;App orgánico;530,0;False;0;Android
CL00366;2025-07-01;Valle del Cauca;Cali;32;F;2;Posgrado;Comerciante;2640000,0;2640000,0;normal;Campaña digital;662,0;False;0;Web
CL00368;2024-07-29;Cundinamarca;Soacha;36;F;2;Universitario;Comerciante;2050000,0;2050000,0;normal;Call center;588,0;False;3;Android
CL00369;2024-01-30;Bolívar;Cartagena;37;M;3;Universitario;Empleado;2210000,0;2210000,0;normal;Campaña digital;569,0;False;0;Web
CL00371;2025-05-06;Bogotá D.C.;Bogotá;36;F;3;Universitario;Empleado;4190000,0;4190000,0;normal;App orgánico;588,0;False;2;iOS
CL00372;2023-07-24;Valle del Cauca;Cali;41;F;2;Universitario;Empleado;4380000,0;4380000,0;normal;App orgánico;707,0;True;4;Web
CL00374;2024-01-05;Atlántico;Barranquilla;46;F;1;Universitario;Conductor/Repartidor;1780000,0;1780000,0;normal;Referido;588,0;False;4;iOS
CL00375;2023-03-25;Atlántico;Barranquilla;58;F;4;Técnico/Tecnólogo;Conductor/Repartidor;2320000,0;2320000,0;normal;App orgánico;603,0;False;0;Web
CL00376;2023-03-12;Santander;Bucaramanga;28;M;3;Sin información;Empleado;3010000,0;3010000,0;normal;App orgánico;566,0;False;2;Android
CL00377;2024-12-14;Valle del Cauca;Cali;45;M;1;Bachiller;Empleado;2900000,0;2900000,0;normal;Campaña digital;603,0;True;2;Android
CL00378;2024-10-02;Antioquia;Medellín;38;M;1;Técnico/Tecnólogo;Independiente;1730000,0;1730000,0;normal;Campaña digital;471,0;False;2;Android
CL00379;2024-08-10;Atlántico;Barranquilla;58;M;2;Universitario;Empleado;3770000,0;3770000,0;normal;Aliado comercial;731,0;False;1;Android
CL00380;2025-09-05;Bogotá D.C.;Bogotá;28;F;2;Bachiller;Empleado;2730000,0;2730000,0;normal;Aliado comercial;573,0;True;3;Android
CL00381;2023-03-01;Cundinamarca;Soacha;28;F;3;Universitario;Independiente;1520000,0;1520000,0;normal;Campaña digital;503,0;True;3;Android
CL00382;2025-03-02;Bogotá D.C.;Bogotá;30;F;4;Universitario;Empleado;7150000,0;7082400,000000003;outlier_real;Aliado comercial;730,0;True;0;Android
CL00383;2023-08-07;Atlántico;Barranquilla;19;M;3;Sin información;Independiente;3770000,0;3770000,0;normal;Campaña digital;500,0;False;1;Android
CL00384;2025-12-27;Valle del Cauca;Cali;31;F;5;Bachiller;Microempresario;4250000,0;4250000,0;normal;Aliado comercial;611,0;True;1;Android
CL00385;2023-08-07;Atlántico;Barranquilla;28;M;2;Posgrado;Conductor/Repartidor;2120000,0;2120000,0;normal;App orgánico;565,0;False;0;iOS
CL00386;2024-02-15;Antioquia;Medellín;38;M;4;Técnico/Tecnólogo;Conductor/Repartidor;2590000,0;2590000,0;normal;Campaña digital;473,0;False;1;Android
CL00387;2025-09-08;Bogotá D.C.;Bogotá;39;M;2;Universitario;Comerciante;2570000,0;2570000,0;normal;Campaña digital;469,0;False;2;iOS
CL00389;2025-01-05;Cundinamarca;Soacha;46;No informa;1;Técnico/Tecnólogo;Empleado;2140000,0;2140000,0;normal;Referido;670,0;False;0;iOS
CL00390;2024-05-27;Cundinamarca;Soacha;30;M;6;Posgrado;Empleado;4950000,0;4950000,0;normal;Referido;702,0;False;0;Android
CL00391;2024-12-21;Risaralda;Pereira;27;M;3;Bachiller;Independiente;1920000,0;1920000,0;normal;Referido;568,0;False;2;Android
CL00393;2025-08-16;Santander;Bucaramanga;23;No informa;2;Universitario;Estudiante;730000,0;730000,0;normal;Campaña digital;433,0;False;0;Android
CL00394;2024-09-30;Bogotá D.C.;Bogotá;54;F;3;Universitario;Estudiante;1700000,0;1700000,0;normal;Campaña digital;585,0;True;4;iOS
CL00395;2023-05-10;Bogotá D.C.;Bogotá;48;F;1;Bachiller;Empleado;3110000,0;3110000,0;normal;App orgánico;593,0;True;3;Android
CL00397;2025-07-11;Cundinamarca;Soacha;19;F;2;Bachiller;Comerciante;1800000,0;1800000,0;normal;Referido;453,0;False;0;iOS
CL00398;2025-04-20;Antioquia;Medellín;50;F;1;Universitario;Desempleado;450000,0;450000,0;normal;App orgánico;465,0;False;1;Android
CL00399;2024-09-16;Valle del Cauca;Cali;35;M;2;Técnico/Tecnólogo;Independiente;1750000,0;1750000,0;normal;Aliado comercial;588,0;False;1;Android
CL00400;2024-10-05;Bogotá D.C.;Bogotá;48;M;4;Bachiller;Empleado;2080000,0;2080000,0;normal;App orgánico;701,0;False;1;Web
CL00401;2024-05-24;Bogotá D.C.;Bogotá;20;F;3;Posgrado;Empleado;2280000,0;2280000,0;normal;App orgánico;555,0;True;0;Web
CL00402;2025-10-27;Santander;Bucaramanga;30;M;2;Universitario;Microempresario;3710000,0;3710000,0;normal;App orgánico;548,0;False;0;Web
CL00404;2025-04-04;Antioquia;Medellín;36;M;2;Técnico/Tecnólogo;Independiente;1920000,0;1920000,0;normal;Campaña digital;524,0;False;3;Android
CL00405;2023-05-08;Cundinamarca;Soacha;31;M;3;Técnico/Tecnólogo;Independiente;2570000,0;2570000,0;normal;Campaña digital;604,0;True;0;iOS
CL00406;2023-04-09;Antioquia;Medellín;42;F;4;Universitario;Empleado;2300000,0;2300000,0;normal;Campaña digital;643,0;True;2;Android
CL00407;2024-12-08;Antioquia;Medellín;25;M;3;Sin información;Empleado;2490000,0;2490000,0;normal;Campaña digital;548,0;False;0;Android
CL00408;2025-05-08;Bogotá D.C.;Bogotá;35;M;4;Técnico/Tecnólogo;Pensionado;3220000,0;3220000,0;normal;Aliado comercial;588,0;True;0;Android
CL00410;2024-06-18;Valle del Cauca;Cali;41;F;1;Universitario;Microempresario;3190000,0;3190000,0;normal;Call center;546,0;True;1;Android
CL00411;2025-04-14;Bogotá D.C.;Bogotá;43;F;4;Bachiller;Empleado;6140000,0;6140000,0;normal;Campaña digital;816,0;True;0;iOS
CL00412;2025-09-21;Bogotá D.C.;Bogotá;25;F;2;Bachiller;Microempresario;1880000,0;1880000,0;normal;App orgánico;545,0;False;0;Android
CL00413;2023-08-03;Antioquia;Medellín;21;F;2;Sin información;Comerciante;1950000,0;1950000,0;normal;App orgánico;530,0;False;2;Android
CL00414;2024-12-04;Bogotá D.C.;Bogotá;49;M;2;Técnico/Tecnólogo;Empleado;3260000,0;3260000,0;normal;Campaña digital;588,0;False;0;Android
CL00415;2024-01-13;Tolima;Ibagué;39;M;2;Sin información;Microempresario;2380000,0;2380000,0;normal;Aliado comercial;513,0;False;0;Android
CL00416;2023-01-24;Risaralda;Pereira;29;F;1;Bachiller;Comerciante;3950000,0;3950000,0;normal;App orgánico;610,0;True;2;iOS
CL00417;2023-08-15;Antioquia;Medellín;52;M;2;Técnico/Tecnólogo;Comerciante;3300000,0;3300000,0;normal;Aliado comercial;634,0;True;4;Android
CL00418;2024-10-18;Bogotá D.C.;Bogotá;37;F;3;Universitario;Independiente;3480000,0;3480000,0;normal;Campaña digital;530,0;False;0;Android
CL00420;2023-01-24;Santander;Bucaramanga;37;M;3;Posgrado;Estudiante;2000000,0;2000000,0;normal;Aliado comercial;520,0;False;2;Android
CL00421;2024-12-02;Risaralda;Pereira;57;M;3;Universitario;Empleado;2610000,0;2610000,0;normal;Call center;611,0;False;3;Web
CL00422;2025-01-04;Antioquia;Medellín;54;F;4;Técnico/Tecnólogo;Microempresario;4120000,0;4120000,0;normal;Campaña digital;765,0;True;2;iOS
CL00424;2025-05-10;Bogotá D.C.;Bogotá;46;M;1;Posgrado;Empleado;2710000,0;2710000,0;normal;Referido;582,0;False;1;Android
CL00425;2024-09-26;Cundinamarca;Soacha;42;M;2;Sin información;Empleado;3900000,0;3900000,0;normal;Aliado comercial;480,0;False;0;Android
CL00426;2023-07-16;Antioquia;Medellín;50;M;3;Técnico/Tecnólogo;Conductor/Repartidor;1540000,0;1540000,0;normal;Campaña digital;524,0;True;2;iOS
CL00427;2025-05-28;Atlántico;Barranquilla;26;M;3;Bachiller;Comerciante;2650000,0;2650000,0;normal;Call center;473,0;False;2;iOS
CL00428;2025-01-11;Antioquia;Medellín;43;M;4;Técnico/Tecnólogo;Empleado;2170000,0;2170000,0;normal;Referido;588,0;True;0;Android
CL00430;2026-01-10;Antioquia;Medellín;19;F;6;Bachiller;Empleado;3430000,0;3430000,0;normal;Campaña digital;630,0;False;0;Android
CL00431;2023-11-20;Santander;Bucaramanga;24;F;2;Universitario;Independiente;2690000,0;2690000,0;normal;App orgánico;491,0;False;0;Android
CL00433;2025-08-19;Bogotá D.C.;Bogotá;33;M;6;Sin información;Microempresario;4480000,0;4480000,0;normal;App orgánico;624,0;True;0;Android
CL00434;2025-03-24;Norte de Santander;Cúcuta;43;F;1;Técnico/Tecnólogo;Conductor/Repartidor;2620000,0;2620000,0;normal;App orgánico;588,0;False;0;Android
CL00436;2023-05-27;Bogotá D.C.;Bogotá;37;M;2;Universitario;Empleado;1830000,0;1830000,0;normal;Aliado comercial;505,0;True;1;Web
CL00437;2025-01-05;Bogotá D.C.;Bogotá;52;M;3;Sin información;Comerciante;1960000,0;1960000,0;normal;Referido;662,0;False;1;Android
CL00438;2024-08-06;Santander;Bucaramanga;22;M;3;Universitario;Empleado;3480000,0;3480000,0;normal;Aliado comercial;709,0;True;1;iOS
CL00439;2024-09-22;Bogotá D.C.;Bogotá;19;M;2;Universitario;Empleado;3890000,0;3890000,0;normal;Referido;624,0;False;2;Android
CL00440;2025-04-25;Bogotá D.C.;Bogotá;35;F;5;Universitario;Desempleado;830000,0;830000,0;normal;App orgánico;520,0;False;2;iOS
CL00441;2025-07-08;Antioquia;Medellín;40;F;3;Bachiller;Desempleado;620000,0;620000,0;normal;Call center;548,0;False;0;Android
CL00442;2025-06-23;Cundinamarca;Soacha;36;F;3;Bachiller;Empleado;2650000,0;2650000,0;normal;Referido;588,0;True;0;iOS
CL00443;2024-05-17;Norte de Santander;Cúcuta;19;F;3;Sin información;Conductor/Repartidor;3160000,0;3160000,0;normal;Campaña digital;568,0;False;1;Android
CL00444;2025-02-27;Antioquia;Medellín;35;F;3;Técnico/Tecnólogo;Empleado;4020000,0;4020000,0;normal;Campaña digital;676,0;True;2;iOS
CL00445;2024-09-22;Antioquia;Medellín;23;M;3;Bachiller;Independiente;2360000,0;2360000,0;normal;App orgánico;604,0;True;4;Android
CL00446;2025-06-04;Caldas;Manizales;43;F;4;Técnico/Tecnólogo;Comerciante;2710000,0;2710000,0;normal;App orgánico;686,0;False;1;Web
CL00447;2023-12-20;Cundinamarca;Soacha;40;F;3;Técnico/Tecnólogo;Microempresario;6220000,0;6220000,0;normal;Campaña digital;815,0;False;1;Android
CL00449;2025-06-25;Valle del Cauca;Cali;31;M;1;Sin información;Desempleado;670000,0;670000,0;normal;App orgánico;389,0;False;0;Android
CL00450;2025-02-22;Valle del Cauca;Cali;25;No informa;1;Posgrado;Comerciante;2790000,0;2790000,0;normal;Referido;529,0;False;1;Android
CL00451;2023-04-08;Bogotá D.C.;Bogotá;35;F;2;Bachiller;Empleado;1750000,0;1750000,0;normal;Referido;598,0;True;3;Android
CL00452;2023-05-24;Tolima;Ibagué;46;M;2;Técnico/Tecnólogo;Microempresario;2370000,0;2370000,0;normal;App orgánico;545,0;False;2;Android
CL00453;2023-09-25;Cundinamarca;Soacha;26;M;4;Universitario;Conductor/Repartidor;3060000,0;3060000,0;normal;Campaña digital;556,0;False;3;Android
CL00454;2024-10-30;Bogotá D.C.;Bogotá;41;M;2;Bachiller;Empleado;3280000,0;3280000,0;normal;Campaña digital;574,0;False;0;Android
CL00456;2024-04-29;Bogotá D.C.;Bogotá;28;M;5;Técnico/Tecnólogo;Empleado;3490000,0;3490000,0;normal;Campaña digital;681,0;True;2;Android
CL00458;2025-09-27;Bogotá D.C.;Bogotá;26;F;4;Universitario;Empleado;5270000,0;5270000,0;normal;Campaña digital;661,0;False;1;iOS
CL00459;2025-07-25;Bogotá D.C.;Bogotá;30;F;5;Bachiller;Empleado;9110000,0;7082400,000000003;outlier_real;Campaña digital;850,0;True;0;iOS
CL00460;2026-01-07;Antioquia;Medellín;24;M;3;Bachiller;Empleado;2350000,0;2350000,0;normal;App orgánico;623,0;True;1;iOS
CL00461;2025-05-26;Atlántico;Barranquilla;56;F;1;Bachiller;Empleado;1720000,0;1720000,0;normal;Call center;631,0;True;0;iOS
CL00462;2025-02-23;Antioquia;Medellín;36;M;3;Bachiller;Independiente;2800000,0;2800000,0;normal;Aliado comercial;660,0;False;0;Android
CL00463;2024-08-02;Tolima;Ibagué;29;F;3;Bachiller;Empleado;2710000,0;2710000,0;normal;App orgánico;624,0;False;4;Android
CL00464;2025-12-06;Tolima;Ibagué;38;No informa;1;Técnico/Tecnólogo;Independiente;1710000,0;1710000,0;normal;Campaña digital;636,0;True;1;Android
CL00467;2024-05-24;Bogotá D.C.;Bogotá;42;M;2;Bachiller;Independiente;1900000,0;1900000,0;normal;Campaña digital;493,0;False;0;Web
CL00468;2025-01-15;Meta;Villavicencio;44;M;5;Posgrado;Empleado;5160000,0;5160000,0;normal;Campaña digital;779,0;True;0;Android
CL00469;2024-01-23;Risaralda;Pereira;31;M;2;Universitario;Estudiante;1030000,0;1030000,0;normal;Campaña digital;429,0;True;3;iOS
CL00471;2024-09-25;Bogotá D.C.;Bogotá;33;F;2;Universitario;Estudiante;910000,0;910000,0;normal;App orgánico;370,0;True;2;Web
CL00472;2024-06-02;Bogotá D.C.;Bogotá;19;M;2;Universitario;Independiente;2850000,0;2850000,0;normal;Aliado comercial;590,0;True;1;Android
CL00473;2025-08-24;Meta;Villavicencio;21;F;4;Bachiller;Microempresario;2580000,0;2580000,0;normal;Campaña digital;598,0;True;0;Android
CL00474;2025-07-04;Santander;Bucaramanga;50;M;3;Universitario;Comerciante;1790000,0;1790000,0;normal;Campaña digital;548,0;True;2;Android
CL00475;2023-09-19;Cundinamarca;Soacha;52;M;2;Bachiller;Comerciante;2030000,0;2030000,0;normal;Call center;521,0;False;1;Android
CL00477;2023-01-25;Bogotá D.C.;Bogotá;42;F;2;Técnico/Tecnólogo;Empleado;2570000,0;2570000,0;normal;Referido;613,0;False;0;Web
CL00478;2024-01-03;Bogotá D.C.;Bogotá;39;F;2;Técnico/Tecnólogo;Empleado;2370000,0;2370000,0;normal;Campaña digital;583,0;False;4;Android
CL00479;2024-10-02;Caldas;Manizales;67;M;3;Técnico/Tecnólogo;Empleado;3050000,0;3050000,0;normal;Aliado comercial;650,0;False;0;Android
CL00480;2023-11-06;Antioquia;Medellín;47;M;5;Universitario;Empleado;2830000,0;2830000,0;normal;Campaña digital;721,0;False;0;iOS
CL00482;2025-09-25;Risaralda;Pereira;26;M;3;Bachiller;Conductor/Repartidor;2990000,0;2990000,0;normal;Campaña digital;628,0;False;0;Android
CL00483;2024-06-18;Norte de Santander;Cúcuta;20;M;3;Técnico/Tecnólogo;Empleado;5420000,0;5420000,0;normal;Campaña digital;672,0;True;0;Android
CL00485;2023-09-16;Bogotá D.C.;Barranquilla;28;M;2;Sin información;Independiente;2440000,0;2440000,0;normal;App orgánico;584,0;False;1;Android
CL00486;2023-02-02;Valle del Cauca;Cali;22;M;2;Universitario;Comerciante;5720000,0;5720000,0;normal;App orgánico;630,0;True;2;Android
CL00487;2024-07-16;Antioquia;Medellín;30;M;3;Universitario;Independiente;2370000,0;2370000,0;normal;Referido;743,0;False;0;Android
CL00488;2023-09-07;Antioquia;Medellín;25;M;3;Posgrado;Estudiante;970000,0;970000,0;normal;App orgánico;552,0;False;0;Android
CL00489;2023-07-25;Bogotá D.C.;Bogotá;53;M;3;Técnico/Tecnólogo;Microempresario;5180000,0;5180000,0;normal;App orgánico;840,0;False;1;Android
CL00490;2023-12-14;Santander;Bucaramanga;45;M;6;Sin información;Independiente;2800000,0;2800000,0;normal;App orgánico;609,0;False;2;iOS
CL00491;2025-08-31;Cundinamarca;Soacha;36;F;2;Universitario;Independiente;870000,0;870000,0;normal;Referido;524,0;False;0;Android
CL00492;2023-08-09;Tolima;Ibagué;51;F;2;Bachiller;Empleado;4410000,0;4410000,0;normal;Referido;684,0;False;3;iOS
CL00493;2023-04-24;Atlántico;Barranquilla;37;M;2;Técnico/Tecnólogo;Independiente;120000000,0;7082400,000000003;error_captura;Aliado comercial;555,0;False;2;Android
CL00495;2023-05-12;Bogotá D.C.;Bogotá;51;M;3;Técnico/Tecnólogo;Empleado;2550000,0;2550000,0;normal;Campaña digital;581,0;False;0;iOS
CL00496;2023-03-19;Bogotá D.C.;Bogotá;41;F;4;Técnico/Tecnólogo;Empleado;3420000,0;3420000,0;normal;App orgánico;596,0;False;2;Android
CL00497;2023-09-28;Bogotá D.C.;Bogotá;26;M;2;Técnico/Tecnólogo;Empleado;5610000,0;5610000,0;normal;App orgánico;680,0;False;0;Android
CL00499;2023-03-07;Norte de Santander;Cúcuta;27;F;4;Bachiller;Estudiante;1360000,0;1360000,0;normal;App orgánico;420,0;False;1;iOS
CL00500;2023-07-16;Antioquia;Medellín;22;F;2;Universitario;Empleado;1970000,0;1970000,0;normal;Referido;614,0;False;2;Android
CL00501;2025-06-28;Valle del Cauca;Cali;45;M;3;Universitario;Desempleado;700000,0;700000,0;normal;Referido;528,0;False;1;Android
CL00503;2024-11-05;Antioquia;Medellín;22;M;3;Universitario;Independiente;3170000,0;3170000,0;normal;App orgánico;555,0;False;0;Android
CL00504;2023-07-26;Antioquia;Medellín;42;F;2;Universitario;Empleado;8510000,0;7082400,000000003;error_captura;Referido;820,0;False;3;Android
CL00505;2023-10-13;Bogotá D.C.;Bogotá;29;F;3;Técnico/Tecnólogo;Empleado;4440000,0;4440000,0;normal;Campaña digital;636,0;False;1;iOS
CL00506;2024-02-24;Cundinamarca;Soacha;31;M;2;Técnico/Tecnólogo;Comerciante;2620000,0;2620000,0;normal;App orgánico;524,0;True;1;Android
CL00507;2025-03-17;Antioquia;Medellín;30;M;4;Universitario;Empleado;3270000,0;3270000,0;normal;App orgánico;623,0;False;0;Android
CL00508;2025-04-27;Bogotá D.C.;Bogotá;27;M;1;Universitario;Microempresario;3130000,0;3130000,0;normal;App orgánico;495,0;False;1;iOS
CL00509;2023-12-19;Tolima;Ibagué;36;F;3;Universitario;Empleado;5770000,0;5770000,0;normal;App orgánico;743,0;True;0;Android
CL00510;2026-01-05;Bogotá D.C.;Bogotá;28;F;3;Posgrado;Comerciante;3190000,0;3190000,0;normal;App orgánico;607,0;False;3;Android
CL00511;2024-08-18;Bogotá D.C.;Bogotá;39;M;3;Universitario;Comerciante;1570000,0;1570000,0;normal;App orgánico;440,0;False;0;iOS
CL00512;2025-01-08;Norte de Santander;Cúcuta;35;F;5;Bachiller;Empleado;3550000,0;3550000,0;normal;Campaña digital;700,0;False;3;Android
CL00513;2024-06-19;Bogotá D.C.;Bogotá;34;F;3;Posgrado;Independiente;1560000,0;1560000,0;normal;Campaña digital;604,0;False;0;Android
CL00514;2025-08-09;Bogotá D.C.;Bogotá;27;M;3;Bachiller;Independiente;3310000,0;3310000,0;normal;App orgánico;603,0;True;1;Android
CL00515;2024-08-17;Valle del Cauca;Cali;30;M;3;Bachiller;Empleado;2080000,0;2080000,0;normal;App orgánico;598,0;True;1;Web
CL00516;2023-06-22;Santander;Bucaramanga;44;F;3;Universitario;Empleado;4490000,0;4490000,0;normal;Campaña digital;656,0;False;0;Android
CL00517;2024-10-04;Antioquia;Medellín;41;F;3;Sin información;Empleado;2430000,0;2430000,0;normal;App orgánico;587,0;False;2;Android
CL00519;2025-11-17;Norte de Santander;Cúcuta;37;F;4;Técnico/Tecnólogo;Independiente;2140000,0;2140000,0;normal;Referido;583,0;False;2;Android
CL00520;2025-12-25;Meta;Villavicencio;44;F;2;Técnico/Tecnólogo;Independiente;1700000,0;1700000,0;normal;Aliado comercial;550,0;False;0;iOS
CL00521;2023-02-01;Santander;Bucaramanga;19;F;5;Universitario;Empleado;6760000,0;6760000,0;normal;App orgánico;750,0;True;0;iOS
CL00522;2024-04-28;Bogotá D.C.;Bogotá;41;M;1;Técnico/Tecnólogo;Estudiante;1000000,0;1000000,0;normal;App orgánico;484,0;False;3;Android
CL00524;2025-01-11;Cundinamarca;Soacha;42;M;2;Técnico/Tecnólogo;Microempresario;2470000,0;2470000,0;normal;Campaña digital;604,0;True;0;Android
CL00525;2025-04-01;Valle del Cauca;Cali;28;M;5;Universitario;Conductor/Repartidor;3880000,0;3880000,0;normal;Campaña digital;606,0;True;0;Android
CL00526;2024-10-24;Bogotá D.C.;Bogotá;19;M;2;Técnico/Tecnólogo;Empleado;1410000,0;1410000,0;normal;App orgánico;587,0;False;1;Web
CL00527;2023-07-26;Atlántico;Barranquilla;20;M;2;Técnico/Tecnólogo;Independiente;1920000,0;1920000,0;normal;Referido;531,0;False;0;Android
CL00529;2024-06-27;Bolívar;Cartagena;39;F;2;Bachiller;Microempresario;1520000,0;1520000,0;normal;Campaña digital;514,0;False;0;Android
CL00531;2025-04-21;Bogotá D.C.;Bogotá;42;M;1;Universitario;Empleado;2110000,0;2110000,0;normal;App orgánico;650,0;False;2;Android
CL00532;2025-02-21;Valle del Cauca;Cali;19;F;4;Bachiller;Independiente;1870000,0;1870000,0;normal;Call center;626,0;False;0;Android
CL00533;2023-02-03;Atlántico;Barranquilla;35;F;2;Sin información;Desempleado;820000,0;820000,0;normal;Call center;486,0;False;0;Android
CL00534;2024-05-02;Bolívar;Cartagena;24;F;3;Universitario;Empleado;2590000,0;2590000,0;normal;Referido;622,0;False;4;Android
CL00535;2025-12-02;Bogotá D.C.;Bogotá;29;M;1;Bachiller;Estudiante;700000,0;700000,0;normal;App orgánico;438,0;False;0;Android
CL00537;2023-02-05;Antioquia;Medellín;27;F;2;Universitario;Independiente;2680000,0;2680000,0;normal;App orgánico;476,0;False;4;Android
CL00538;2023-08-11;Bogotá D.C.;Bogotá;32;F;2;Sin información;Independiente;3460000,0;3460000,0;normal;Call center;642,0;False;1;Android
CL00539;2025-10-27;Santander;Bucaramanga;46;F;4;Sin información;Independiente;2620000,0;2620000,0;normal;Aliado comercial;651,0;False;2;Android
CL00540;2023-01-22;Antioquia;Medellín;30;M;2;Técnico/Tecnólogo;Microempresario;3240000,0;3240000,0;normal;Campaña digital;736,0;False;3;iOS
CL00541;2023-04-26;Atlántico;Barranquilla;44;M;2;Sin información;Empleado;2570000,0;2570000,0;normal;Campaña digital;668,0;False;1;Android
CL00542;2024-02-15;Bogotá D.C.;Bogotá;25;F;3;Técnico/Tecnólogo;Empleado;2350000,0;2350000,0;normal;Referido;535,0;False;2;Android
CL00543;2024-10-04;Atlántico;Barranquilla;41;F;5;Bachiller;Empleado;4250000,0;4250000,0;normal;Campaña digital;678,0;True;0;Web
CL00544;2025-11-05;Bolívar;Cartagena;50;M;5;Técnico/Tecnólogo;Microempresario;2820000,0;2820000,0;normal;Referido;689,0;False;3;Android
CL00545;2023-05-03;Cundinamarca;Soacha;19;F;2;Sin información;Empleado;1910000,0;1910000,0;normal;Referido;649,0;False;0;Android
CL00546;2023-04-02;Valle del Cauca;Cali;28;M;2;Posgrado;Comerciante;4760000,0;4760000,0;normal;Aliado comercial;684,0;True;0;Android
CL00547;2025-04-27;Antioquia;Medellín;42;F;3;Bachiller;Microempresario;2530000,0;2530000,0;normal;Referido;642,0;True;1;Android
CL00548;2025-07-03;Santander;Bucaramanga;34;M;2;Universitario;Independiente;1860000,0;1860000,0;normal;App orgánico;488,0;False;1;Android
CL00550;2023-09-22;Valle del Cauca;Cali;30;M;5;Técnico/Tecnólogo;Microempresario;2830000,0;2830000,0;normal;Call center;705,0;False;0;Android
CL00551;2025-12-23;Bogotá D.C.;Bogotá;37;M;3;Posgrado;Microempresario;3230000,0;3230000,0;normal;App orgánico;513,0;False;1;Android
CL00552;2024-05-17;Antioquia;Medellín;34;M;2;Universitario;Empleado;2250000,0;2250000,0;normal;Campaña digital;699,0;False;2;Web
CL00553;2024-12-23;Bogotá D.C.;Bogotá;48;F;2;Bachiller;Comerciante;1250000,0;1250000,0;normal;Aliado comercial;641,0;True;2;Android
CL00554;2023-07-13;Bogotá D.C.;Bogotá;39;M;2;Posgrado;Comerciante;2570000,0;2570000,0;normal;Campaña digital;478,0;False;3;Android
CL00555;2025-02-27;Bogotá D.C.;Bogotá;39;F;1;Bachiller;Pensionado;1750000,0;1750000,0;normal;Referido;450,0;True;2;iOS
CL00556;2024-05-10;Valle del Cauca;Cali;32;F;2;Universitario;Estudiante;480000,0;480000,0;normal;Aliado comercial;592,0;False;2;Android
CL00559;2023-08-27;Bogotá D.C.;Bogotá;40;M;2;Técnico/Tecnólogo;Empleado;3880000,0;3880000,0;normal;App orgánico;611,0;True;0;Android
CL00561;2023-07-08;Valle del Cauca;Cali;39;M;2;Bachiller;Empleado;2940000,0;2940000,0;normal;Call center;553,0;False;2;Android
CL00562;2024-01-30;Cundinamarca;Soacha;57;F;4;Universitario;Independiente;5140000,0;5140000,0;normal;Referido;781,0;True;0;Android
CL00563;2023-07-27;Santander;Bucaramanga;45;M;2;Universitario;Empleado;2570000,0;2570000,0;normal;Aliado comercial;605,0;False;3;Android
CL00564;2023-12-19;Bogotá D.C.;Bogotá;33;F;3;Técnico/Tecnólogo;Independiente;2570000,0;2570000,0;normal;App orgánico;703,0;False;2;iOS
CL00566;2023-02-23;Valle del Cauca;Cali;32;M;3;Bachiller;Conductor/Repartidor;1230000,0;1230000,0;normal;Aliado comercial;392,0;False;0;Android
CL00568;2025-09-04;Bogotá D.C.;Bogotá;26;M;2;Universitario;Empleado;2570000,0;2570000,0;normal;Referido;528,0;False;3;Android
CL00569;2025-08-13;Atlántico;Barranquilla;19;M;4;Bachiller;Estudiante;820000,0;820000,0;normal;App orgánico;538,0;True;3;iOS
CL00570;2025-07-25;Valle del Cauca;Cali;32;F;4;Universitario;Conductor/Repartidor;2110000,0;2110000,0;normal;Campaña digital;506,0;False;4;Android
CL00571;2023-11-01;Antioquia;Medellín;36;F;2;Universitario;Microempresario;1870000,0;1870000,0;normal;Campaña digital;571,0;True;2;Android
CL00573;2025-10-08;Santander;Bucaramanga;39;F;4;Técnico/Tecnólogo;Pensionado;2450000,0;2450000,0;normal;Aliado comercial;577,0;False;2;iOS
CL00574;2025-02-07;Tolima;Ibagué;34;M;3;Sin información;Independiente;2170000,0;2170000,0;normal;Referido;631,0;False;2;Web
CL00575;2024-04-15;Antioquia;Medellín;44;M;3;Técnico/Tecnólogo;Empleado;3230000,0;3230000,0;normal;Referido;572,0;False;2;Android
CL00576;2023-10-10;Bogotá D.C.;Bogotá;19;M;5;Bachiller;Microempresario;4330000,0;4330000,0;normal;App orgánico;673,0;True;2;Android
CL00578;2023-10-16;Bogotá D.C.;Bogotá;44;M;2;Bachiller;Microempresario;1670000,0;1670000,0;normal;Campaña digital;589,0;True;2;Android
CL00579;2024-05-21;Risaralda;Pereira;21;M;2;Bachiller;Empleado;4210000,0;4210000,0;normal;App orgánico;600,0;False;1;Android
CL00580;2023-12-08;Bogotá D.C.;Bogotá;47;M;3;Posgrado;Microempresario;2740000,0;2740000,0;normal;Call center;611,0;False;0;Android
CL00582;2026-01-16;Santander;Bucaramanga;32;M;2;Universitario;Independiente;1880000,0;1880000,0;normal;Referido;497,0;False;3;Android
CL00583;2024-09-04;Santander;Bucaramanga;42;F;3;Universitario;Independiente;2100000,0;2100000,0;normal;Referido;540,0;False;1;Android
CL00584;2023-02-26;Cundinamarca;Soacha;59;M;5;Técnico/Tecnólogo;Comerciante;3470000,0;3470000,0;normal;App orgánico;674,0;False;1;Android
CL00585;2023-02-19;Atlántico;Barranquilla;38;M;4;Técnico/Tecnólogo;Empleado;3040000,0;3040000,0;normal;App orgánico;687,0;False;4;Android
CL00586;2024-04-27;Santander;Bucaramanga;38;M;2;Posgrado;Conductor/Repartidor;1340000,0;1340000,0;normal;Call center;487,0;False;2;Android
CL00587;2023-05-03;Meta;Villavicencio;31;F;1;Bachiller;Empleado;1310000,0;1310000,0;normal;Campaña digital;552,0;True;1;Android
CL00589;2025-11-13;Meta;Villavicencio;44;F;4;Posgrado;Conductor/Repartidor;2180000,0;2180000,0;normal;App orgánico;490,0;False;2;Android
CL00590;2025-05-10;Bogotá D.C.;Bogotá;27;M;3;Técnico/Tecnólogo;Microempresario;2550000,0;2550000,0;normal;Campaña digital;642,0;False;0;Android
CL00591;2024-02-01;Antioquia;Medellín;37;F;3;Bachiller;Microempresario;4810000,0;4810000,0;normal;Aliado comercial;588,0;True;2;iOS
CL00593;2023-07-22;Bogotá D.C.;Bogotá;41;F;1;Universitario;Estudiante;1160000,0;1160000,0;normal;Referido;588,0;False;0;Android
CL00594;2025-03-13;Cundinamarca;Soacha;39;F;1;Sin información;Microempresario;2170000,0;2170000,0;normal;Aliado comercial;505,0;False;0;Android
CL00597;2024-08-19;Santander;Bucaramanga;33;F;2;Técnico/Tecnólogo;Microempresario;2670000,0;2670000,0;normal;Campaña digital;515,0;False;0;iOS
CL00598;2023-03-21;Norte de Santander;Cúcuta;26;M;3;Técnico/Tecnólogo;Independiente;4660000,0;4660000,0;normal;Campaña digital;705,0;True;1;Android
CL00599;2024-07-11;Meta;Villavicencio;32;F;2;Universitario;Empleado;2570000,0;2570000,0;normal;Aliado comercial;616,0;True;3;Android
CL00600;2025-11-04;Antioquia;Medellín;40;F;5;Universitario;Empleado;4020000,0;4020000,0;normal;Aliado comercial;733,0;False;2;iOS
CL00601;2023-03-18;Bogotá D.C.;Bogotá;44;F;3;Técnico/Tecnólogo;Independiente;1570000,0;1570000,0;normal;Call center;664,0;False;2;iOS
CL00602;2023-11-23;Bogotá D.C.;Bogotá;27;M;3;Posgrado;Independiente;2720000,0;2720000,0;normal;Call center;486,0;False;3;iOS
CL00603;2025-12-28;Norte de Santander;Cúcuta;45;F;3;Técnico/Tecnólogo;Independiente;2570000,0;2570000,0;normal;Referido;537,0;True;3;Android
CL00604;2025-05-26;Antioquia;Medellín;50;F;2;Universitario;Comerciante;2370000,0;2370000,0;normal;App orgánico;551,0;True;2;Android
CL00606;2025-05-21;Caldas;Manizales;55;M;1;Sin información;Empleado;2830000,0;2830000,0;normal;Referido;575,0;False;1;Android
CL00607;2025-01-20;Bogotá D.C.;Bogotá;28;M;1;Universitario;Empleado;3300000,0;3300000,0;normal;App orgánico;550,0;False;0;Web
CL00609;2023-09-17;Bogotá D.C.;Bogotá;19;M;3;Técnico/Tecnólogo;Conductor/Repartidor;2330000,0;2330000,0;normal;Aliado comercial;536,0;True;1;Android
CL00611;2023-06-17;Bogotá D.C.;Bogotá;43;M;2;Universitario;Conductor/Repartidor;1910000,0;1910000,0;normal;App orgánico;529,0;True;2;Android
CL00612;2024-05-20;Valle del Cauca;Cali;35;F;3;Bachiller;Comerciante;2570000,0;2570000,0;normal;Referido;588,0;False;2;Android
CL00613;2024-09-02;Antioquia;Medellín;39;F;2;Bachiller;Independiente;3570000,0;3570000,0;normal;Campaña digital;547,0;False;2;Android
CL00614;2023-06-17;Santander;Bucaramanga;25;M;3;Bachiller;Empleado;4450000,0;4450000,0;normal;Call center;717,0;False;0;Android
CL00615;2024-03-17;Antioquia;Medellín;60;M;4;Universitario;Independiente;1970000,0;1970000,0;normal;Campaña digital;588,0;False;2;Android
CL00616;2025-11-23;Santander;Bucaramanga;37;F;2;Bachiller;Empleado;2800000,0;2800000,0;normal;Call center;710,0;True;0;Web
CL00617;2024-11-11;Valle del Cauca;Cali;37;F;3;Técnico/Tecnólogo;Desempleado;880000,0;880000,0;normal;Aliado comercial;543,0;False;1;Android
CL00618;2024-12-28;Atlántico;Barranquilla;43;F;5;Técnico/Tecnólogo;Estudiante;1550000,0;1550000,0;normal;App orgánico;532,0;True;2;Android
CL00619;2024-10-02;Atlántico;Barranquilla;41;M;2;Bachiller;Pensionado;1880000,0;1880000,0;normal;App orgánico;503,0;False;3;Android
CL00622;2025-07-25;Antioquia;Medellín;41;M;1;Universitario;Independiente;2140000,0;2140000,0;normal;Referido;659,0;False;1;iOS
CL00623;2024-08-17;Bogotá D.C.;Bogotá;55;M;4;Universitario;Independiente;2030000,0;2030000,0;normal;App orgánico;576,0;False;1;Android
CL00624;2025-01-15;Bolívar;Cartagena;49;F;4;Bachiller;Empleado;6520000,0;6520000,0;normal;App orgánico;675,0;False;1;Web
CL00625;2025-01-20;Norte de Santander;Cúcuta;52;F;1;Sin información;Empleado;2300000,0;2300000,0;normal;Aliado comercial;572,0;False;2;Android
CL00627;2024-09-28;Antioquia;Medellín;26;F;3;Sin información;Independiente;3350000,0;3350000,0;normal;App orgánico;581,0;False;0;Android
CL00628;2025-03-19;Bogotá D.C.;Bogotá;35;F;4;Universitario;Comerciante;4240000,0;4240000,0;normal;App orgánico;657,0;False;1;Android
CL00629;2023-09-15;Antioquia;Medellín;37;M;1;Bachiller;Empleado;3380000,0;3380000,0;normal;Campaña digital;662,0;False;2;iOS
CL00630;2024-04-22;Bogotá D.C.;Bogotá;47;F;3;Técnico/Tecnólogo;Comerciante;3190000,0;3190000,0;normal;App orgánico;572,0;False;2;Web
CL00632;2025-07-07;Valle del Cauca;Cali;51;M;3;Técnico/Tecnólogo;Independiente;2450000,0;2450000,0;normal;App orgánico;547,0;True;1;Android
CL00634;2024-03-16;Bolívar;Cartagena;32;F;4;Bachiller;Independiente;3180000,0;3180000,0;normal;Referido;565,0;True;0;Android
CL00635;2023-09-04;Cundinamarca;Soacha;26;F;1;Técnico/Tecnólogo;Empleado;2160000,0;2160000,0;normal;Referido;511,0;False;4;Android
CL00636;2024-03-06;Valle del Cauca;Cali;19;M;2;Técnico/Tecnólogo;Independiente;2350000,0;2350000,0;normal;Referido;520,0;False;2;Android
CL00637;2023-11-30;Santander;Bucaramanga;44;F;4;Universitario;Pensionado;2400000,0;2400000,0;normal;Aliado comercial;601,0;False;4;Android
CL00639;2025-08-25;Atlántico;Barranquilla;23;F;5;Técnico/Tecnólogo;Estudiante;2740000,0;2740000,0;normal;Campaña digital;583,0;True;2;iOS
CL00640;2023-03-28;Antioquia;Medellín;23;M;4;Bachiller;Microempresario;2930000,0;2930000,0;normal;Referido;541,0;False;2;Web
CL00641;2025-03-22;Bogotá D.C.;Bogotá;33;F;2;Técnico/Tecnólogo;Empleado;2910000,0;2910000,0;normal;Aliado comercial;547,0;False;0;Android
CL00642;2023-12-29;Antioquia;Medellín;53;M;3;Universitario;Empleado;3810000,0;3810000,0;normal;App orgánico;633,0;True;3;iOS
CL00643;2025-04-25;Valle del Cauca;Cali;33;M;2;Bachiller;Empleado;2000000,0;2000000,0;normal;Referido;555,0;False;1;Android
CL00645;2025-12-05;Atlántico;Barranquilla;34;M;2;Técnico/Tecnólogo;Empleado;1940000,0;1940000,0;normal;Campaña digital;574,0;False;0;Android
CL00646;2024-12-05;Risaralda;Pereira;33;F;1;Bachiller;Desempleado;320000,0;320000,0;normal;Campaña digital;415,0;False;0;iOS
CL00647;2025-03-21;Bogotá D.C.;Bogotá;19;F;2;Técnico/Tecnólogo;Empleado;2550000,0;2550000,0;normal;Campaña digital;588,0;True;0;iOS
CL00648;2025-03-26;Bogotá D.C.;Bogotá;35;F;4;Técnico/Tecnólogo;Independiente;2130000,0;2130000,0;normal;Campaña digital;605,0;False;1;Android
CL00649;2025-12-14;Valle del Cauca;Cali;34;F;2;Técnico/Tecnólogo;Comerciante;1680000,0;1680000,0;normal;Referido;577,0;False;1;iOS
CL00652;2024-02-20;Bogotá D.C.;Bogotá;47;M;4;Bachiller;Empleado;4510000,0;4510000,0;normal;Call center;588,0;True;1;iOS
CL00653;2023-08-24;Norte de Santander;Cúcuta;33;F;2;Técnico/Tecnólogo;Independiente;1870000,0;1870000,0;normal;Referido;578,0;True;0;iOS
CL00654;2024-06-01;Bogotá D.C.;Bogotá;25;F;5;Técnico/Tecnólogo;Empleado;4700000,0;4700000,0;normal;Referido;645,0;False;3;iOS
CL00656;2024-03-24;Bogotá D.C.;Bogotá;37;M;2;Técnico/Tecnólogo;Microempresario;3720000,0;3720000,0;normal;App orgánico;634,0;False;1;Android
CL00657;2023-12-03;Valle del Cauca;Cali;36;F;4;Bachiller;Conductor/Repartidor;1830000,0;1830000,0;normal;Aliado comercial;547,0;False;0;Android
CL00658;2023-05-07;Risaralda;Pereira;36;F;1;Técnico/Tecnólogo;Empleado;2370000,0;2370000,0;normal;App orgánico;569,0;True;2;Web
CL00659;2025-08-20;Antioquia;Medellín;38;F;2;Bachiller;Desempleado;870000,0;870000,0;normal;App orgánico;448,0;False;2;iOS
CL00660;2025-06-19;Antioquia;Medellín;35;F;3;Universitario;Conductor/Repartidor;1550000,0;1550000,0;normal;Referido;572,0;False;1;Android
CL00661;2025-09-12;Santander;Bucaramanga;30;F;4;Técnico/Tecnólogo;Comerciante;4440000,0;4440000,0;normal;Aliado comercial;616,0;False;1;iOS
CL00663;2025-03-19;Atlántico;Barranquilla;36;M;2;Bachiller;Comerciante;3410000,0;3410000,0;normal;Campaña digital;556,0;False;2;Android
CL00666;2023-08-21;Santander;Bucaramanga;37;M;2;Técnico/Tecnólogo;Empleado;6560000,0;6560000,0;normal;Referido;647,0;True;3;Android
CL00667;2023-08-28;Santander;Bucaramanga;33;No informa;4;Universitario;Empleado;2620000,0;2620000,0;normal;Campaña digital;645,0;True;1;Android
CL00668;2023-11-16;Atlántico;Barranquilla;51;M;2;Universitario;Empleado;1860000,0;1860000,0;normal;Call center;492,0;False;0;Android
CL00670;2025-01-06;Bogotá D.C.;Bogotá;47;F;4;Universitario;Comerciante;5440000,0;5440000,0;normal;Aliado comercial;684,0;False;1;iOS
CL00671;2024-09-04;Bogotá D.C.;Bogotá;48;M;3;Universitario;Empleado;2700000,0;2700000,0;normal;Call center;641,0;True;3;Android
CL00672;2025-11-27;Bogotá D.C.;Bogotá;19;M;3;Bachiller;Empleado;5590000,0;5590000,0;normal;Aliado comercial;687,0;False;1;Android
CL00673;2023-03-25;Bogotá D.C.;Bogotá;33;M;4;Universitario;Empleado;6550000,0;6550000,0;normal;Campaña digital;774,0;False;3;iOS
CL00674;2023-08-08;Antioquia;Medellín;32;M;1;Bachiller;Empleado;2030000,0;2030000,0;normal;Campaña digital;495,0;True;1;Android
CL00677;2025-01-07;Santander;Bucaramanga;25;M;5;Técnico/Tecnólogo;Empleado;3520000,0;3520000,0;normal;Aliado comercial;604,0;False;0;Android
CL00678;2023-06-07;Norte de Santander;Cúcuta;54;M;2;Bachiller;Empleado;2140000,0;2140000,0;normal;Campaña digital;658,0;True;0;Android
CL00679;2024-08-11;Atlántico;Barranquilla;45;M;2;Sin información;Independiente;960000,0;960000,0;normal;Campaña digital;441,0;False;0;Android
CL00680;2025-07-14;Santander;Bucaramanga;49;M;4;Bachiller;Conductor/Repartidor;2730000,0;2730000,0;normal;App orgánico;594,0;False;1;Android
CL00682;2025-06-30;Risaralda;Pereira;25;F;3;Bachiller;Empleado;3760000,0;3760000,0;normal;Aliado comercial;669,0;True;0;Android
CL00683;2025-02-05;Atlántico;Barranquilla;31;F;1;Sin información;Empleado;2130000,0;2130000,0;normal;Referido;552,0;True;2;Android
CL00685;2023-12-01;Antioquia;Medellín;24;M;1;Técnico/Tecnólogo;Comerciante;1590000,0;1590000,0;normal;App orgánico;465,0;False;0;Android
CL00687;2024-08-02;Antioquia;Medellín;34;M;3;Bachiller;Independiente;3440000,0;3440000,0;normal;Referido;695,0;False;0;Web
CL00688;2024-10-23;Bogotá D.C.;Bogotá;32;M;4;Posgrado;Empleado;6150000,0;6150000,0;normal;Referido;706,0;True;3;Android
CL00689;2025-04-22;Bogotá D.C.;Bogotá;43;F;2;Bachiller;Comerciante;4940000,0;4940000,0;normal;App orgánico;608,0;True;0;Android
CL00690;2024-08-14;Bogotá D.C.;Bogotá;40;M;2;Universitario;Microempresario;1980000,0;1980000,0;normal;Campaña digital;539,0;False;3;iOS
CL00691;2025-11-11;Santander;Bucaramanga;32;M;2;Técnico/Tecnólogo;Empleado;3160000,0;3160000,0;normal;Campaña digital;644,0;True;2;Web
CL00692;2025-04-11;Bogotá D.C.;Bogotá;48;M;2;Universitario;Empleado;3050000,0;3050000,0;normal;Call center;587,0;True;2;Android
CL00693;2025-10-13;Bogotá D.C.;Bogotá;25;F;3;Técnico/Tecnólogo;Independiente;3260000,0;3260000,0;normal;Campaña digital;550,0;False;0;iOS
CL00694;2023-04-05;Antioquia;Medellín;42;M;2;Sin información;Pensionado;1830000,0;1830000,0;normal;Campaña digital;526,0;True;1;iOS
CL00695;2024-04-28;Bogotá D.C.;Bogotá;42;No informa;3;Bachiller;Empleado;1610000,0;1610000,0;normal;Aliado comercial;485,0;False;0;Web
CL00696;2024-08-03;Antioquia;Medellín;33;M;5;Técnico/Tecnólogo;Independiente;3370000,0;3370000,0;normal;Aliado comercial;654,0;False;3;Android
CL00697;2024-05-21;Valle del Cauca;Cali;39;M;6;Universitario;Comerciante;6580000,0;6580000,0;normal;Referido;809,0;False;1;Android
CL00698;2025-07-19;Tolima;Ibagué;23;M;2;Bachiller;Microempresario;2570000,0;2570000,0;normal;Referido;639,0;True;3;Web
CL00699;2024-02-17;Antioquia;Medellín;45;F;2;Universitario;Comerciante;2170000,0;2170000,0;normal;App orgánico;583,0;False;1;Android
CL00700;2024-06-12;Bogotá D.C.;Bogotá;34;M;5;Bachiller;Empleado;3050000,0;3050000,0;normal;App orgánico;744,0;False;3;iOS
CL00701;2023-06-09;Tolima;Ibagué;31;M;6;Técnico/Tecnólogo;Estudiante;-1,0;-1,0;normal;App orgánico;559,0;True;2;Android
CL00702;2023-04-11;Bogotá D.C.;Bogotá;46;M;2;Técnico/Tecnólogo;Independiente;2720000,0;2720000,0;normal;Referido;694,0;False;1;iOS
CL00703;2025-11-30;Valle del Cauca;Cali;29;F;1;Bachiller;Empleado;2750000,0;2750000,0;normal;App orgánico;534,0;False;0;Android
CL00704;2024-12-28;Bogotá D.C.;Bogotá;22;F;3;Universitario;Empleado;2570000,0;2570000,0;normal;Referido;588,0;True;0;Android
CL00705;2023-08-24;Bogotá D.C.;Bogotá;20;M;3;Posgrado;Independiente;3440000,0;3440000,0;normal;Referido;544,0;False;1;Android
CL00706;2024-06-27;Tolima;Ibagué;42;M;2;Bachiller;Independiente;1550000,0;1550000,0;normal;App orgánico;552,0;False;3;Android
CL00707;2023-07-15;Cundinamarca;Soacha;23;M;2;Posgrado;Conductor/Repartidor;2000000,0;2000000,0;normal;Campaña digital;510,0;False;0;Android
CL00708;2025-12-04;Antioquia;Medellín;54;F;3;Universitario;Microempresario;4720000,0;4720000,0;normal;App orgánico;685,0;False;0;Android
CL00709;2024-08-31;Santander;Bucaramanga;19;F;4;Técnico/Tecnólogo;Comerciante;3420000,0;3420000,0;normal;Campaña digital;501,0;True;4;Android
CL00710;2025-10-17;Valle del Cauca;Cali;53;F;3;Bachiller;Estudiante;1480000,0;1480000,0;normal;Campaña digital;525,0;False;2;Android
CL00711;2023-08-26;Bogotá D.C.;Bogotá;38;M;6;Técnico/Tecnólogo;Independiente;3100000,0;3100000,0;normal;Aliado comercial;686,0;False;1;Android
CL00712;2025-12-01;Antioquia;Medellín;35;F;3;Universitario;Empleado;6010000,0;6010000,0;normal;Referido;767,0;False;2;Web
CL00713;2023-12-29;Antioquia;Medellín;31;F;5;Universitario;Empleado;5680000,0;5680000,0;normal;App orgánico;716,0;False;1;Android
CL00714;2023-10-30;Bogotá D.C.;Bogotá;40;M;3;Universitario;Empleado;6330000,0;6330000,0;normal;Aliado comercial;797,0;True;2;iOS
CL00715;2025-05-09;Bogotá D.C.;Bogotá;36;F;4;Técnico/Tecnólogo;Estudiante;970000,0;970000,0;normal;Campaña digital;614,0;False;3;Android
CL00716;2024-03-02;Meta;Villavicencio;47;F;5;Técnico/Tecnólogo;Microempresario;5730000,0;5730000,0;normal;Aliado comercial;588,0;False;2;Android
CL00718;2023-01-26;Bogotá D.C.;Bogotá;38;F;4;Universitario;Empleado;2660000,0;2660000,0;normal;Referido;637,0;False;0;Android
CL00719;2025-10-02;Meta;Villavicencio;32;M;3;Universitario;Microempresario;2840000,0;2840000,0;normal;App orgánico;697,0;True;0;Android
CL00720;2025-08-10;Atlántico;Barranquilla;35;M;5;Posgrado;Independiente;4220000,0;4220000,0;normal;Campaña digital;644,0;False;1;Android
CL00722;2024-03-12;Cundinamarca;Soacha;19;M;3;Bachiller;Pensionado;2890000,0;2890000,0;normal;Aliado comercial;567,0;True;0;iOS
CL00723;2023-12-28;Norte de Santander;Cúcuta;23;M;3;Técnico/Tecnólogo;Microempresario;4690000,0;4690000,0;normal;App orgánico;569,0;True;2;Android
CL00724;2025-01-18;Bogotá D.C.;Bogotá;43;F;2;Bachiller;Empleado;4570000,0;4570000,0;normal;Campaña digital;656,0;True;2;Web
CL00727;2023-06-18;Cundinamarca;Soacha;36;F;2;Bachiller;Desempleado;600000,0;600000,0;normal;App orgánico;483,0;False;2;Android
CL00728;2025-11-11;Bogotá D.C.;Bogotá;39;M;3;Universitario;Pensionado;1520000,0;1520000,0;normal;Referido;472,0;False;4;Android
CL00729;2025-10-14;Caldas;Manizales;31;M;3;Técnico/Tecnólogo;Empleado;2500000,0;2500000,0;normal;Campaña digital;651,0;False;0;Web
CL00730;2023-10-28;Valle del Cauca;Cali;28;F;1;Bachiller;Comerciante;2540000,0;2540000,0;normal;Referido;588,0;False;3;Android
CL00731;2025-09-17;Bogotá D.C.;Bogotá;38;M;3;Bachiller;Conductor/Repartidor;1560000,0;1560000,0;normal;Referido;598,0;True;0;Web
CL00732;2024-05-25;Meta;Villavicencio;26;M;1;Universitario;Estudiante;710000,0;710000,0;normal;Campaña digital;449,0;True;0;Android
CL00733;2024-11-24;Meta;Villavicencio;40;F;1;Sin información;Empleado;2260000,0;2260000,0;normal;Referido;485,0;False;3;iOS
CL00734;2023-02-05;Cundinamarca;Soacha;19;F;4;Técnico/Tecnólogo;Empleado;4960000,0;4960000,0;normal;App orgánico;689,0;False;2;Android
CL00735;2023-03-19;Risaralda;Pereira;46;F;2;Universitario;Independiente;1800000,0;1800000,0;normal;Referido;551,0;False;4;iOS
CL00736;2024-09-13;Antioquia;Medellín;41;F;5;Técnico/Tecnólogo;Empleado;4370000,0;4370000,0;normal;Campaña digital;804,0;False;1;Android
CL00737;2023-10-27;Cundinamarca;Soacha;39;M;3;Posgrado;Estudiante;1470000,0;1470000,0;normal;Aliado comercial;526,0;False;2;Android
CL00738;2023-02-26;Bogotá D.C.;Bogotá;46;F;3;Bachiller;Independiente;1550000,0;1550000,0;normal;Campaña digital;627,0;False;0;Android
CL00739;2025-12-03;Norte de Santander;Cúcuta;53;M;5;Técnico/Tecnólogo;Empleado;4290000,0;4290000,0;normal;Campaña digital;671,0;False;2;Android
CL00740;2025-10-25;Cundinamarca;Soacha;46;F;3;Bachiller;Independiente;3390000,0;3390000,0;normal;Referido;562,0;True;0;Android
CL00742;2026-01-01;Valle del Cauca;Cali;23;F;3;Bachiller;Microempresario;5920000,0;5920000,0;normal;Campaña digital;705,0;False;4;Web
CL00743;2024-01-29;Caldas;Manizales;30;F;2;Universitario;Microempresario;2380000,0;2380000,0;normal;Referido;526,0;True;0;iOS
CL00746;2023-06-15;Risaralda;Pereira;29;F;4;Técnico/Tecnólogo;Microempresario;2720000,0;2720000,0;normal;App orgánico;692,0;True;1;Android
CL00747;2025-12-02;Bogotá D.C.;Bogotá;38;M;4;Universitario;Independiente;1920000,0;1920000,0;normal;Aliado comercial;452,0;False;1;iOS
CL00748;2024-03-07;Bogotá D.C.;Bogotá;28;F;1;Técnico/Tecnólogo;Comerciante;0,0;0,0;normal;App orgánico;483,0;False;2;iOS
CL00749;2025-02-05;Bogotá D.C.;Bogotá;30;F;3;Universitario;Estudiante;2060000,0;2060000,0;normal;Referido;604,0;False;0;iOS
CL00750;2023-04-26;Valle del Cauca;Cali;22;M;6;Bachiller;Empleado;2570000,0;2570000,0;normal;Campaña digital;674,0;True;1;Android
CL00751;2024-04-07;Antioquia;Medellín;27;M;3;Universitario;Microempresario;3790000,0;3790000,0;normal;App orgánico;588,0;True;1;Android
CL00753;2025-12-04;Antioquia;Medellín;26;M;3;Universitario;Empleado;1680000,0;1680000,0;normal;Campaña digital;550,0;False;1;Android
CL00754;2024-06-02;Cundinamarca;Soacha;47;F;3;Sin información;Independiente;2570000,0;2570000,0;normal;Campaña digital;629,0;True;0;Android
CL00755;2023-01-20;Bolívar;Cartagena;27;F;3;Universitario;Comerciante;2370000,0;2370000,0;normal;App orgánico;656,0;True;0;Android
CL00757;2024-09-16;Santander;Bucaramanga;41;F;2;Bachiller;Empleado;2960000,0;2960000,0;normal;Referido;663,0;True;0;iOS
CL00758;2024-01-16;Valle del Cauca;Cali;38;M;2;Sin información;Empleado;3390000,0;3390000,0;normal;App orgánico;633,0;False;0;Android
CL00759;2024-08-15;Bogotá D.C.;Bogotá;27;M;3;Bachiller;Empleado;2990000,0;2990000,0;normal;Aliado comercial;575,0;True;0;Android
CL00761;2024-08-11;Bogotá D.C.;Bogotá;30;F;2;Universitario;Empleado;3820000,0;3820000,0;normal;Campaña digital;562,0;True;3;Android
CL00762;2025-06-28;Bogotá D.C.;Bogotá;37;M;2;Bachiller;Comerciante;3630000,0;3630000,0;normal;App orgánico;532,0;True;2;iOS
CL00763;2024-03-02;Cundinamarca;Soacha;62;F;2;Técnico/Tecnólogo;Comerciante;4590000,0;4590000,0;normal;App orgánico;688,0;False;1;Android
CL00764;2025-05-31;Bogotá D.C.;Bogotá;35;F;2;Bachiller;Independiente;2840000,0;2840000,0;normal;Campaña digital;587,0;False;1;Android
CL00765;2024-05-08;Bogotá D.C.;Bogotá;47;M;2;Universitario;Conductor/Repartidor;1780000,0;1780000,0;normal;Campaña digital;525,0;False;2;Android
CL00766;2023-10-23;Bogotá D.C.;Bogotá;29;F;2;Bachiller;Empleado;1760000,0;1760000,0;normal;Call center;644,0;True;0;Android
CL00767;2024-11-13;Atlántico;Barranquilla;36;F;4;Sin información;Comerciante;2260000,0;2260000,0;normal;Aliado comercial;566,0;False;2;iOS
CL00768;2023-10-17;Bogotá D.C.;Bogotá;54;F;2;Técnico/Tecnólogo;Empleado;3990000,0;3990000,0;normal;App orgánico;721,0;True;2;Web
CL00769;2024-08-10;Bogotá D.C.;Bogotá;30;M;2;Bachiller;Conductor/Repartidor;1170000,0;1170000,0;normal;Aliado comercial;401,0;False;0;Android
CL00770;2024-02-20;Valle del Cauca;Cali;54;F;3;Bachiller;Conductor/Repartidor;2130000,0;2130000,0;normal;Aliado comercial;525,0;False;1;Android
CL00773;2025-10-06;Valle del Cauca;Cali;42;F;4;Bachiller;Independiente;2180000,0;2180000,0;normal;Aliado comercial;625,0;False;1;Android
CL00774;2025-12-21;Tolima;Ibagué;46;M;4;Universitario;Desempleado;1530000,0;1530000,0;normal;Aliado comercial;519,0;False;0;Web
CL00775;2025-10-15;Valle del Cauca;Cali;42;M;3;Universitario;Estudiante;830000,0;830000,0;normal;Call center;450,0;True;0;Android
CL00776;2024-01-10;Meta;Villavicencio;20;F;3;Técnico/Tecnólogo;Microempresario;2330000,0;2330000,0;normal;Referido;566,0;False;1;Android
CL00777;2024-05-29;Norte de Santander;Cúcuta;29;M;1;Posgrado;Empleado;3760000,0;3760000,0;normal;Campaña digital;694,0;False;4;Android
CL00778;2024-09-06;Bogotá D.C.;Bogotá;34;M;2;Sin información;Microempresario;3980000,0;3980000,0;normal;App orgánico;627,0;False;1;Android
CL00780;2025-12-01;Antioquia;Medellín;42;M;1;Bachiller;Comerciante;1570000,0;1570000,0;normal;Aliado comercial;580,0;True;1;iOS
CL00781;2024-12-10;Antioquia;Medellín;38;F;1;Sin información;Independiente;-1,0;-1,0;normal;App orgánico;507,0;True;2;Android
CL00782;2023-09-01;Bogotá D.C.;Bogotá;23;M;3;Universitario;Independiente;2570000,0;2570000,0;normal;Referido;568,0;False;2;Android
CL00785;2024-06-21;Cundinamarca;Soacha;42;M;6;Bachiller;Comerciante;3070000,0;3070000,0;normal;Call center;709,0;False;3;Android
CL00786;2024-04-10;Caldas;Manizales;47;F;4;Bachiller;Comerciante;3460000,0;3460000,0;normal;App orgánico;674,0;True;0;Android
CL00788;2023-03-08;Santander;Bucaramanga;41;M;3;Técnico/Tecnólogo;Empleado;3160000,0;3160000,0;normal;Referido;649,0;True;1;iOS
CL00789;2024-03-28;Bogotá D.C.;Bogotá;35;M;2;Técnico/Tecnólogo;Microempresario;2480000,0;2480000,0;normal;Campaña digital;627,0;False;1;iOS
CL00790;2024-02-05;Bogotá D.C.;Bogotá;19;F;4;Posgrado;Independiente;4000000,0;4000000,0;normal;Aliado comercial;564,0;True;2;Android
CL00791;2025-06-30;Meta;Villavicencio;40;M;2;Universitario;Conductor/Repartidor;1640000,0;1640000,0;normal;App orgánico;450,0;False;0;Web
CL00792;2024-07-26;Valle del Cauca;Cali;38;M;2;Posgrado;Empleado;3360000,0;3360000,0;normal;App orgánico;574,0;False;3;Android
CL00793;2024-05-19;Valle del Cauca;Cali;39;M;3;Universitario;Empleado;4010000,0;4010000,0;normal;Call center;794,0;True;2;iOS
CL00794;2024-03-29;Bogotá D.C.;Bogotá;23;M;2;Técnico/Tecnólogo;Empleado;5000000,0;5000000,0;normal;Campaña digital;670,0;True;0;iOS
CL00795;2024-08-29;Tolima;Ibagué;25;M;4;Técnico/Tecnólogo;Empleado;2720000,0;2720000,0;normal;Campaña digital;521,0;True;1;Android
CL00796;2025-06-01;Bogotá D.C.;Bogotá;47;M;1;Bachiller;Empleado;2570000,0;2570000,0;normal;Campaña digital;507,0;False;0;iOS
CL00798;2024-08-05;Bolívar;Cartagena;43;M;2;Posgrado;Independiente;1590000,0;1590000,0;normal;Call center;548,0;False;0;Android
CL00799;2024-03-08;Meta;Villavicencio;36;M;4;Bachiller;Pensionado;1990000,0;1990000,0;normal;Referido;577,0;False;0;iOS
CL00801;2023-05-18;Bogotá D.C.;Bogotá;45;M;1;Universitario;Pensionado;800000,0;800000,0;normal;Campaña digital;489,0;True;0;iOS
CL00802;2023-11-03;Antioquia;Medellín;31;M;2;Bachiller;Empleado;2200000,0;2200000,0;normal;Campaña digital;578,0;False;0;Android
CL00803;2025-06-04;Bolívar;Cartagena;36;F;3;Bachiller;Pensionado;1220000,0;1220000,0;normal;Campaña digital;452,0;False;2;Android
CL00804;2025-03-20;Antioquia;Medellín;31;M;4;Universitario;Microempresario;4020000,0;4020000,0;normal;Campaña digital;588,0;False;0;iOS
CL00806;2024-02-16;Bogotá D.C.;Bogotá;33;F;5;Técnico/Tecnólogo;Independiente;2990000,0;2990000,0;normal;App orgánico;687,0;False;0;Android
CL00807;2024-06-02;Tolima;Ibagué;38;M;4;Bachiller;Empleado;4540000,0;4540000,0;normal;App orgánico;588,0;False;0;Android
CL00808;2023-08-07;Valle del Cauca;Cali;31;F;3;Técnico/Tecnólogo;Empleado;3740000,0;3740000,0;normal;Campaña digital;567,0;False;0;Android
CL00809;2023-09-02;Antioquia;Medellín;49;M;3;Bachiller;Empleado;4080000,0;4080000,0;normal;Referido;605,0;False;3;Android
CL00811;2025-03-19;Antioquia;Medellín;34;F;4;Bachiller;Independiente;3580000,0;3580000,0;normal;Campaña digital;616,0;True;2;Android
CL00812;2025-02-22;Bogotá D.C.;Bogotá;82;M;2;Universitario;Independiente;1300000,0;1300000,0;normal;App orgánico;555,0;False;1;Android
CL00813;2025-11-18;Atlántico;Barranquilla;50;M;3;Universitario;Independiente;3990000,0;3990000,0;normal;App orgánico;698,0;False;1;iOS
CL00814;2024-12-24;Santander;Bucaramanga;38;M;3;Técnico/Tecnólogo;Comerciante;1890000,0;1890000,0;normal;App orgánico;476,0;True;4;Android
CL00815;2023-02-24;Santander;Bucaramanga;46;F;3;Posgrado;Independiente;3660000,0;3660000,0;normal;App orgánico;685,0;True;0;Android
CL00816;2024-09-07;Bogotá D.C.;Bogotá;21;M;3;Bachiller;Conductor/Repartidor;2130000,0;2130000,0;normal;Aliado comercial;616,0;False;3;iOS
CL00817;2023-05-22;Bogotá D.C.;Bogotá;36;F;3;Técnico/Tecnólogo;Empleado;1930000,0;1930000,0;normal;Referido;559,0;False;1;iOS
CL00818;2023-06-08;Risaralda;Pereira;45;F;3;Posgrado;Independiente;2120000,0;2120000,0;normal;Referido;522,0;False;3;Android
CL00819;2024-03-20;Bogotá D.C.;Bogotá;37;M;3;Bachiller;Empleado;2530000,0;2530000,0;normal;Campaña digital;609,0;True;0;iOS
CL00822;2023-07-25;Bogotá D.C.;Bogotá;50;M;3;Bachiller;Independiente;2570000,0;2570000,0;normal;Campaña digital;625,0;True;0;Android
CL00823;2025-12-16;Santander;Bucaramanga;59;M;3;Universitario;Pensionado;1520000,0;1520000,0;normal;Campaña digital;562,0;True;1;Android
CL00824;2024-11-24;Meta;Villavicencio;32;M;1;Posgrado;Desempleado;600000,0;600000,0;normal;App orgánico;469,0;False;0;iOS
CL00825;2024-09-02;Antioquia;Medellín;32;F;3;Posgrado;Empleado;2470000,0;2470000,0;normal;App orgánico;514,0;False;0;Android
CL00826;2025-10-31;Bogotá D.C.;Bogotá;51;M;4;Posgrado;Pensionado;1880000,0;1880000,0;normal;App orgánico;594,0;True;1;Android
CL00827;2024-10-12;Valle del Cauca;Cali;52;F;2;Bachiller;Empleado;4080000,0;4080000,0;normal;Call center;777,0;False;2;Android
CL00828;2023-12-19;Valle del Cauca;Cali;31;F;4;Universitario;Independiente;2710000,0;2710000,0;normal;Aliado comercial;494,0;False;2;Web
CL00829;2023-11-15;Bogotá D.C.;Bogotá;32;F;2;Bachiller;Pensionado;1610000,0;1610000,0;normal;App orgánico;451,0;False;2;Android
CL00830;2024-02-18;Tolima;Ibagué;33;M;2;Posgrado;Empleado;1920000,0;1920000,0;normal;Campaña digital;376,0;True;0;iOS
CL00831;2023-04-27;Norte de Santander;Cúcuta;23;F;1;Bachiller;Empleado;4070000,0;4070000,0;normal;App orgánico;586,0;False;0;iOS
CL00832;2023-06-23;Norte de Santander;Cúcuta;27;F;3;Técnico/Tecnólogo;Microempresario;3020000,0;3020000,0;normal;App orgánico;605,0;False;3;Android
CL00834;2025-12-23;Santander;Bucaramanga;28;M;2;Técnico/Tecnólogo;Independiente;2500000,0;2500000,0;normal;Referido;559,0;False;0;Android
CL00835;2024-08-19;Bogotá D.C.;Bogotá;36;M;3;Sin información;Independiente;2370000,0;2370000,0;normal;Aliado comercial;576,0;False;2;Android
CL00837;2025-01-04;Cundinamarca;Soacha;52;F;2;Bachiller;Independiente;2190000,0;2190000,0;normal;App orgánico;589,0;False;2;iOS
CL00838;2024-03-22;Atlántico;Barranquilla;26;F;2;Bachiller;Conductor/Repartidor;2550000,0;2550000,0;normal;App orgánico;517,0;False;2;Android
CL00839;2024-01-27;Bogotá D.C.;Bogotá;46;M;4;Sin información;Empleado;2390000,0;2390000,0;normal;Aliado comercial;610,0;True;0;Android
CL00840;2025-07-02;Valle del Cauca;Cali;34;M;2;Bachiller;Empleado;2500000,0;2500000,0;normal;Aliado comercial;517,0;True;0;Android
CL00841;2025-10-06;Bogotá D.C.;Bogotá;36;F;6;Bachiller;Empleado;6720000,0;6720000,0;normal;App orgánico;841,0;True;0;Android
CL00842;2024-08-21;Bogotá D.C.;Bogotá;43;M;4;Técnico/Tecnólogo;Independiente;2570000,0;2570000,0;normal;App orgánico;565,0;False;1;Android
CL00843;2024-11-12;Bogotá D.C.;Bogotá;25;F;2;Sin información;Empleado;2080000,0;2080000,0;normal;App orgánico;528,0;True;0;iOS
CL00844;2023-12-05;Bogotá D.C.;Bogotá;40;M;1;Sin información;Conductor/Repartidor;2240000,0;2240000,0;normal;Call center;574,0;True;2;Android
CL00846;2025-04-12;Bogotá D.C.;Bogotá;41;F;2;Bachiller;Empleado;1590000,0;1590000,0;normal;Call center;588,0;False;1;Android
CL00847;2024-12-05;Antioquia;Medellín;39;F;2;Técnico/Tecnólogo;Comerciante;2570000,0;2570000,0;normal;App orgánico;553,0;False;4;Android
CL00848;2023-01-22;Bogotá D.C.;Bogotá;61;F;4;Universitario;Empleado;2570000,0;2570000,0;normal;Referido;681,0;False;0;Android
CL00849;2025-08-06;Bogotá D.C.;Bogotá;30;M;3;Técnico/Tecnólogo;Independiente;2180000,0;2180000,0;normal;Referido;537,0;False;0;Android
CL00850;2025-10-09;Bogotá D.C.;Bogotá;31;F;3;Universitario;Empleado;3030000,0;3030000,0;normal;Aliado comercial;590,0;False;0;Android
CL00851;2023-03-26;Bogotá D.C.;Bogotá;30;F;2;Sin información;Empleado;2730000,0;2730000,0;normal;Campaña digital;513,0;True;0;Android
CL00852;2025-06-20;Cundinamarca;Soacha;30;F;5;Bachiller;Empleado;7650000,0;7082400,000000003;outlier_real;Referido;821,0;True;0;Android
CL00853;2025-07-15;Cundinamarca;Soacha;30;M;2;Bachiller;Independiente;1890000,0;1890000,0;normal;App orgánico;567,0;True;1;iOS
CL00854;2024-04-11;Bolívar;Cartagena;48;F;3;Sin información;Pensionado;1770000,0;1770000,0;normal;Campaña digital;561,0;True;2;Android
CL00855;2025-05-31;Norte de Santander;Cúcuta;50;M;6;Bachiller;Empleado;2570000,0;2570000,0;normal;Aliado comercial;715,0;False;0;Web
CL00857;2025-12-19;Bogotá D.C.;Bogotá;28;M;3;Sin información;Independiente;1610000,0;1610000,0;normal;Campaña digital;496,0;False;0;Android
CL00859;2024-12-26;Antioquia;Medellín;30;F;4;Bachiller;Empleado;6890000,0;6890000,0;normal;App orgánico;778,0;True;1;Android
CL00861;2023-12-18;Bogotá D.C.;Bogotá;38;M;3;Bachiller;Pensionado;2270000,0;2270000,0;normal;App orgánico;588,0;False;0;Web
CL00862;2024-06-27;Santander;Bucaramanga;21;M;2;Bachiller;Comerciante;3560000,0;3560000,0;normal;Referido;705,0;False;1;Android
CL00863;2023-10-17;Norte de Santander;Cúcuta;51;F;3;Bachiller;Empleado;2410000,0;2410000,0;normal;Referido;674,0;False;1;iOS
CL00864;2025-12-19;Bogotá D.C.;Bogotá;54;F;1;Bachiller;Empleado;3900000,0;3900000,0;normal;Campaña digital;583,0;False;2;Android
CL00865;2024-09-10;Risaralda;Pereira;30;M;3;Técnico/Tecnólogo;Desempleado;1390000,0;1390000,0;normal;Aliado comercial;495,0;True;1;Android
CL00866;2024-04-03;Tolima;Ibagué;32;M;3;Bachiller;Empleado;2570000,0;2570000,0;normal;Aliado comercial;594,0;False;0;Android
CL00868;2024-12-27;Antioquia;Medellín;39;F;4;Bachiller;Empleado;3080000,0;3080000,0;normal;Campaña digital;587,0;True;0;Android
CL00869;2025-07-16;Bogotá D.C.;Bogotá;43;F;2;Bachiller;Independiente;1470000,0;1470000,0;normal;App orgánico;473,0;True;1;Android
CL00870;2023-08-05;Santander;Bucaramanga;56;M;3;Técnico/Tecnólogo;Conductor/Repartidor;2570000,0;2570000,0;normal;App orgánico;547,0;True;2;Android
CL00871;2023-05-19;Antioquia;Medellín;34;M;3;Bachiller;Empleado;1610000,0;1610000,0;normal;Campaña digital;611,0;False;1;Android
CL00873;2024-11-12;Bogotá D.C.;Bogotá;22;M;3;Bachiller;Empleado;3140000,0;3140000,0;normal;Referido;551,0;True;0;iOS
CL00874;2024-11-07;Santander;Bucaramanga;29;F;5;Sin información;Microempresario;4090000,0;4090000,0;normal;Campaña digital;716,0;False;1;Android
CL00876;2025-04-18;Risaralda;Pereira;54;M;3;Universitario;Conductor/Repartidor;3260000,0;3260000,0;normal;Campaña digital;605,0;False;3;Web
CL00877;2026-01-18;Bogotá D.C.;Bogotá;31;F;1;Bachiller;Pensionado;1060000,0;1060000,0;normal;Campaña digital;498,0;False;4;Android
CL00878;2023-07-18;Santander;Bucaramanga;38;F;3;Bachiller;Estudiante;1790000,0;1790000,0;normal;Campaña digital;594,0;True;3;Web
CL00879;2024-04-06;Atlántico;Barranquilla;36;M;4;Posgrado;Empleado;3480000,0;3480000,0;normal;App orgánico;704,0;True;1;Android
CL00881;2026-01-14;Cundinamarca;Soacha;61;F;4;Posgrado;Independiente;2150000,0;2150000,0;normal;Referido;676,0;False;1;Android
CL00882;2023-05-20;Bogotá D.C.;Bogotá;31;M;2;Universitario;Empleado;4470000,0;4470000,0;normal;Campaña digital;633,0;False;1;Android
CL00883;2023-07-26;Antioquia;Medellín;31;F;3;Bachiller;Desempleado;630000,0;630000,0;normal;Campaña digital;408,0;False;2;Android
CL00884;2023-05-29;Santander;Bucaramanga;46;M;2;Posgrado;Empleado;5710000,0;5710000,0;normal;Campaña digital;685,0;False;1;Android
CL00886;2025-09-27;Antioquia;Medellín;54;F;4;Técnico/Tecnólogo;Estudiante;1280000,0;1280000,0;normal;Referido;642,0;True;0;Web
CL00887;2026-01-03;Bogotá D.C.;Bogotá;42;F;2;Bachiller;Empleado;2280000,0;2280000,0;normal;Referido;520,0;True;1;Web
CL00889;2023-07-20;Santander;Bucaramanga;42;M;3;Bachiller;Conductor/Repartidor;2700000,0;2700000,0;normal;Campaña digital;620,0;False;0;Android
CL00890;2024-07-10;Cundinamarca;Soacha;47;F;3;Universitario;Microempresario;2200000,0;2200000,0;normal;Campaña digital;588,0;False;3;Android
CL00891;2023-04-23;Bogotá D.C.;Bogotá;44;M;2;Bachiller;Comerciante;2680000,0;2680000,0;normal;App orgánico;637,0;False;2;Android
CL00892;2025-03-26;Bolívar;Cartagena;41;M;3;Sin información;Empleado;2570000,0;2570000,0;normal;App orgánico;601,0;False;1;Android
CL00893;2025-06-19;Atlántico;Barranquilla;47;F;1;Sin información;Empleado;2080000,0;2080000,0;normal;Aliado comercial;588,0;True;3;iOS
CL00895;2025-12-25;Caldas;Manizales;50;M;1;Técnico/Tecnólogo;Empleado;5000000,0;5000000,0;normal;Referido;673,0;True;0;iOS
CL00896;2025-08-17;Caldas;Manizales;42;M;1;Universitario;Empleado;2560000,0;2560000,0;normal;App orgánico;591,0;False;4;Android
CL00897;2024-02-21;Valle del Cauca;Cali;34;F;1;Bachiller;Conductor/Repartidor;1460000,0;1460000,0;normal;Campaña digital;495,0;True;1;Android
CL00898;2025-07-17;Tolima;Ibagué;37;M;1;Bachiller;Conductor/Repartidor;1300000,0;1300000,0;normal;App orgánico;446,0;False;1;iOS
CL00900;2024-05-03;Bogotá D.C.;Bogotá;28;F;2;Universitario;Empleado;2690000,0;2690000,0;normal;Referido;588,0;False;1;Android
CL00904;2023-08-27;Cundinamarca;Soacha;49;M;1;Posgrado;Independiente;1550000,0;1550000,0;normal;Campaña digital;621,0;False;1;Android
CL00905;2025-09-04;Valle del Cauca;Cali;38;M;2;Sin información;Empleado;2200000,0;2200000,0;normal;Aliado comercial;571,0;True;1;iOS
CL00906;2024-05-20;Bogotá D.C.;Bogotá;36;M;6;Bachiller;Conductor/Repartidor;3540000,0;3540000,0;normal;App orgánico;712,0;False;0;Android
CL00907;2024-07-10;Bogotá D.C.;Bogotá;22;F;2;Sin información;Empleado;3280000,0;3280000,0;normal;Campaña digital;603,0;False;0;Android
CL00908;2024-10-14;Santander;Bucaramanga;43;M;4;Posgrado;Independiente;2290000,0;2290000,0;normal;Referido;534,0;False;3;Android
CL00909;2023-11-07;Bogotá D.C.;Bogotá;42;M;1;Bachiller;Microempresario;1650000,0;1650000,0;normal;Campaña digital;603,0;False;0;Android
CL00911;2025-03-08;Antioquia;Medellín;33;F;3;Sin información;Conductor/Repartidor;2730000,0;2730000,0;normal;Aliado comercial;605,0;False;1;Android
CL00912;2025-05-14;Antioquia;Medellín;38;F;2;Universitario;Empleado;3010000,0;3010000,0;normal;App orgánico;586,0;True;0;iOS
CL00913;2025-09-01;Bogotá D.C.;Bogotá;38;M;1;Técnico/Tecnólogo;Independiente;1220000,0;1220000,0;normal;App orgánico;572,0;False;2;Web
CL00914;2025-01-30;Bogotá D.C.;Bogotá;52;F;3;Bachiller;Microempresario;2570000,0;2570000,0;normal;Campaña digital;589,0;False;0;Android
CL00915;2025-03-27;Antioquia;Medellín;35;F;2;Técnico/Tecnólogo;Comerciante;2020000,0;2020000,0;normal;App orgánico;470,0;False;0;Android
CL00916;2023-02-14;Antioquia;Medellín;39;F;5;Técnico/Tecnólogo;Empleado;3440000,0;3440000,0;normal;Campaña digital;742,0;True;2;Android
CL00917;2025-09-07;Tolima;Ibagué;42;M;5;Bachiller;Pensionado;3280000,0;3280000,0;normal;App orgánico;768,0;False;1;Android
CL00918;2023-11-05;Antioquia;Medellín;38;M;3;Técnico/Tecnólogo;Empleado;6740000,0;6740000,0;normal;Campaña digital;642,0;False;0;Android
CL00919;2024-11-06;Valle del Cauca;Cali;32;F;3;Técnico/Tecnólogo;Comerciante;2570000,0;2570000,0;normal;Referido;573,0;False;1;Android
CL00920;2023-11-17;Bogotá D.C.;Bogotá;38;M;4;Universitario;Empleado;3490000,0;3490000,0;normal;App orgánico;712,0;True;1;iOS
CL00921;2023-09-20;Meta;Villavicencio;47;M;2;Técnico/Tecnólogo;Comerciante;2240000,0;2240000,0;normal;Campaña digital;526,0;False;1;iOS
CL00923;2023-05-18;Valle del Cauca;Cali;37;F;4;Sin información;Empleado;3470000,0;3470000,0;normal;Referido;557,0;False;0;iOS
CL00925;2025-02-04;Santander;Bucaramanga;48;M;2;Bachiller;Empleado;2810000,0;2810000,0;normal;Referido;713,0;True;1;Android
CL00927;2025-04-18;Valle del Cauca;Cali;30;F;3;Bachiller;Conductor/Repartidor;1940000,0;1940000,0;normal;App orgánico;565,0;True;3;iOS
CL00928;2023-04-08;Bogotá D.C.;Bogotá;40;M;2;Bachiller;Independiente;1160000,0;1160000,0;normal;Aliado comercial;459,0;False;0;iOS
CL00929;2025-06-15;Cundinamarca;Soacha;52;M;3;Bachiller;Empleado;1340000,0;1340000,0;normal;App orgánico;531,0;False;1;Android
CL00930;2025-01-28;Risaralda;Pereira;35;F;1;Bachiller;Empleado;1470000,0;1470000,0;normal;Referido;532,0;True;2;Android
CL00931;2025-02-28;Valle del Cauca;Cali;30;M;1;Técnico/Tecnólogo;Independiente;1760000,0;1760000,0;normal;Aliado comercial;505,0;True;2;Android
CL00932;2025-04-19;Valle del Cauca;Cali;55;F;4;Bachiller;Conductor/Repartidor;2690000,0;2690000,0;normal;App orgánico;655,0;True;1;Android
CL00933;2024-03-24;Atlántico;Barranquilla;22;F;1;Bachiller;Empleado;1960000,0;1960000,0;normal;Call center;575,0;False;2;iOS
CL00934;2023-01-25;Bogotá D.C.;Bogotá;19;M;3;Técnico/Tecnólogo;Independiente;3160000,0;3160000,0;normal;Campaña digital;482,0;False;3;iOS
CL00937;2025-11-10;Antioquia;Medellín;26;M;3;Sin información;Conductor/Repartidor;2880000,0;2880000,0;normal;Campaña digital;585,0;True;1;iOS
CL00938;2025-04-18;Atlántico;Barranquilla;43;M;4;Técnico/Tecnólogo;Empleado;2450000,0;2450000,0;normal;App orgánico;608,0;True;0;Android
CL00939;2023-03-10;Valle del Cauca;Cali;38;M;1;Universitario;Empleado;3320000,0;3320000,0;normal;App orgánico;587,0;False;0;iOS
CL00940;2023-11-13;Risaralda;Pereira;30;F;4;Sin información;Empleado;5150000,0;5150000,0;normal;Referido;620,0;False;2;Android
CL00941;2023-12-13;Cundinamarca;Soacha;23;F;3;Universitario;Independiente;2340000,0;2340000,0;normal;App orgánico;615,0;True;2;Android
CL00942;2025-03-20;Antioquia;Medellín;45;M;3;Técnico/Tecnólogo;Empleado;3540000,0;3540000,0;normal;Campaña digital;673,0;True;2;Android
CL00943;2023-09-18;Bogotá D.C.;Bogotá;43;M;2;Bachiller;Empleado;1710000,0;1710000,0;normal;Campaña digital;584,0;True;3;Web
CL00944;2023-02-28;Bogotá D.C.;Bogotá;35;F;2;Bachiller;Conductor/Repartidor;1530000,0;1530000,0;normal;Referido;449,0;False;1;Android
CL00945;2026-01-03;Tolima;Ibagué;54;F;3;Universitario;Empleado;2990000,0;2990000,0;normal;Referido;588,0;False;1;Android
CL00946;2024-10-28;Meta;Villavicencio;25;F;4;Técnico/Tecnólogo;Microempresario;2780000,0;2780000,0;normal;Campaña digital;586,0;False;0;Android
CL00947;2023-08-20;Bogotá D.C.;Bogotá;21;F;4;Bachiller;Empleado;4610000,0;4610000,0;normal;Referido;675,0;True;1;Android
CL00949;2026-01-09;Antioquia;Medellín;36;M;4;Sin información;Pensionado;1720000,0;1720000,0;normal;App orgánico;619,0;False;3;Web
CL00950;2023-02-09;Bolívar;Cartagena;38;F;3;Técnico/Tecnólogo;Independiente;1540000,0;1540000,0;normal;Campaña digital;452,0;False;1;Android
CL00951;2024-09-29;Bolívar;Cartagena;34;F;4;Universitario;Empleado;2060000,0;2060000,0;normal;Referido;531,0;False;2;Android
CL00952;2023-06-12;Valle del Cauca;Cali;40;F;1;Universitario;Empleado;2720000,0;2720000,0;normal;Referido;542,0;False;0;Android
CL00953;2024-01-24;Bogotá D.C.;Bogotá;23;M;2;Bachiller;Comerciante;2980000,0;2980000,0;normal;Campaña digital;593,0;False;1;Android
CL00954;2023-04-03;Bogotá D.C.;Bogotá;50;F;3;Posgrado;Empleado;2200000,0;2200000,0;normal;App orgánico;619,0;False;0;Android
CL00956;2024-08-12;Caldas;Manizales;47;F;6;Bachiller;Microempresario;4820000,0;4820000,0;normal;Aliado comercial;799,0;True;2;Android
CL00957;2024-11-13;Valle del Cauca;Cali;39;M;4;Universitario;Empleado;4490000,0;4490000,0;normal;Campaña digital;698,0;False;1;Android
CL00958;2024-11-21;Antioquia;Medellín;41;F;1;Sin información;Empleado;3010000,0;3010000,0;normal;Aliado comercial;588,0;True;2;Android
CL00960;2023-11-16;Cundinamarca;Soacha;40;F;3;Sin información;Conductor/Repartidor;3360000,0;3360000,0;normal;Referido;552,0;False;0;Android
CL00961;2025-12-04;Antioquia;Medellín;42;F;1;Técnico/Tecnólogo;Comerciante;2640000,0;2640000,0;normal;Campaña digital;575,0;True;1;Android
CL00962;2025-12-16;Cundinamarca;Soacha;49;F;2;Bachiller;Empleado;3220000,0;3220000,0;normal;Aliado comercial;708,0;False;0;Android
CL00963;2023-10-03;Caldas;Manizales;38;F;1;Técnico/Tecnólogo;Independiente;1910000,0;1910000,0;normal;Aliado comercial;571,0;True;1;Android
CL00964;2025-12-10;Santander;Bucaramanga;43;F;2;Universitario;Independiente;1930000,0;1930000,0;normal;App orgánico;625,0;False;2;iOS
CL00965;2023-11-09;Risaralda;Pereira;35;F;5;Bachiller;Comerciante;2570000,0;2570000,0;normal;Aliado comercial;557,0;True;3;Android
CL00966;2025-09-26;Risaralda;Pereira;50;F;3;Universitario;Empleado;2570000,0;2570000,0;normal;Aliado comercial;671,0;False;2;Android
CL00968;2025-08-19;Tolima;Ibagué;54;M;2;Bachiller;Independiente;2290000,0;2290000,0;normal;Aliado comercial;672,0;True;3;Android
CL00969;2023-03-13;Antioquia;Medellín;36;M;2;Bachiller;Empleado;2570000,0;2570000,0;normal;App orgánico;686,0;False;0;Android
CL00970;2025-06-09;Antioquia;Medellín;22;F;2;Bachiller;Conductor/Repartidor;2220000,0;2220000,0;normal;Campaña digital;508,0;False;1;Android
CL00971;2024-07-10;Atlántico;Barranquilla;37;F;3;Técnico/Tecnólogo;Conductor/Repartidor;2340000,0;2340000,0;normal;Call center;481,0;False;0;Android
CL00972;2024-10-21;Bogotá D.C.;Bogotá;29;F;3;Bachiller;Desempleado;760000,0;760000,0;normal;Aliado comercial;405,0;False;2;Android
CL00973;2025-01-11;Risaralda;Pereira;44;M;5;Técnico/Tecnólogo;Conductor/Repartidor;4660000,0;4660000,0;normal;App orgánico;587,0;False;1;Android
CL00975;2023-08-12;Valle del Cauca;Cali;32;F;3;Bachiller;Empleado;1730000,0;1730000,0;normal;Aliado comercial;485,0;False;2;Android
CL00978;2024-06-24;Tolima;Ibagué;19;M;2;Sin información;Empleado;2570000,0;2570000,0;normal;App orgánico;576,0;False;1;Android
CL00979;2023-01-28;Santander;Bucaramanga;20;M;2;Técnico/Tecnólogo;Comerciante;1260000,0;1260000,0;normal;App orgánico;494,0;False;2;Android
CL00980;2024-12-08;Valle del Cauca;Cali;44;M;5;Universitario;Empleado;2870000,0;2870000,0;normal;Campaña digital;673,0;True;3;Android
CL00981;2024-04-03;Bogotá D.C.;Bogotá;44;M;3;Técnico/Tecnólogo;Comerciante;4280000,0;4280000,0;normal;App orgánico;694,0;False;0;Android
CL00982;2023-07-26;Valle del Cauca;Cali;40;M;1;Universitario;Empleado;1810000,0;1810000,0;normal;App orgánico;554,0;False;0;iOS
CL00983;2024-10-22;Santander;Bucaramanga;26;M;4;Universitario;Independiente;2950000,0;2950000,0;normal;Campaña digital;569,0;False;1;iOS
CL00984;2024-02-07;Antioquia;Medellín;36;F;2;Técnico/Tecnólogo;Estudiante;1970000,0;1970000,0;normal;App orgánico;539,0;False;1;iOS
CL00985;2025-12-15;Antioquia;Medellín;36;F;4;Bachiller;Comerciante;2180000,0;2180000,0;normal;Aliado comercial;461,0;True;2;Android
CL00986;2024-05-04;Bolívar;Cartagena;24;M;2;Universitario;Independiente;1960000,0;1960000,0;normal;App orgánico;588,0;True;0;Android
CL00987;2025-07-12;Cundinamarca;Soacha;51;F;2;Técnico/Tecnólogo;Empleado;2260000,0;2260000,0;normal;Referido;661,0;False;2;Android
CL00988;2024-12-24;Valle del Cauca;Cali;45;M;2;Universitario;Pensionado;3400000,0;3400000,0;normal;Referido;555,0;False;3;Android
CL00989;2024-08-14;Bogotá D.C.;Bogotá;34;M;2;Bachiller;Comerciante;2480000,0;2480000,0;normal;App orgánico;582,0;False;0;Android
CL00990;2025-11-28;Santander;Bucaramanga;36;M;3;Técnico/Tecnólogo;Empleado;2260000,0;2260000,0;normal;App orgánico;588,0;True;1;Android
CL00991;2023-06-18;Tolima;Ibagué;38;M;5;Bachiller;Empleado;3900000,0;3900000,0;normal;Aliado comercial;629,0;True;3;Android
CL00992;2024-05-14;Tolima;Ibagué;19;F;3;Universitario;Conductor/Repartidor;2680000,0;2680000,0;normal;Campaña digital;510,0;True;1;Android
CL00994;2025-01-30;Valle del Cauca;Cali;29;M;3;Universitario;Microempresario;3570000,0;3570000,0;normal;Call center;590,0;True;4;Android
CL00995;2025-02-15;Bogotá D.C.;Bogotá;26;F;1;Bachiller;Empleado;2640000,0;2640000,0;normal;Campaña digital;449,0;False;1;Android
CL00996;2025-09-12;Risaralda;Pereira;33;M;3;Universitario;Empleado;2880000,0;2880000,0;normal;App orgánico;642,0;False;0;Android
CL00999;2025-11-02;Bogotá D.C.;Bogotá;30;M;3;Técnico/Tecnólogo;Empleado;2340000,0;2340000,0;normal;Campaña digital;650,0;False;3;Android
CL01000;2025-06-19;Bogotá D.C.;Bogotá;42;M;3;Bachiller;Empleado;3740000,0;3740000,0;normal;App orgánico;676,0;False;0;Android
CL01001;2024-12-06;Cundinamarca;Soacha;50;F;4;Bachiller;Comerciante;4240000,0;4240000,0;normal;Referido;688,0;False;1;Android
CL01002;2025-07-11;Bolívar;Cartagena;45;F;1;Sin información;Microempresario;1670000,0;1670000,0;normal;App orgánico;537,0;False;3;Android
CL01003;2025-10-05;Antioquia;Medellín;37;M;2;Sin información;Pensionado;3040000,0;3040000,0;normal;Aliado comercial;573,0;False;0;Android
CL01004;2025-09-07;Bogotá D.C.;Bogotá;30;F;2;Bachiller;Microempresario;5760000,0;5760000,0;normal;App orgánico;634,0;False;0;Android
CL01005;2023-02-25;Antioquia;Medellín;43;F;2;Técnico/Tecnólogo;Independiente;2120000,0;2120000,0;normal;Aliado comercial;564,0;False;0;Android
CL01006;2024-03-20;Bogotá D.C.;Bogotá;40;F;2;Universitario;Independiente;3570000,0;3570000,0;normal;App orgánico;532,0;True;4;Android
CL01007;2023-08-02;Risaralda;Pereira;45;F;4;Universitario;Empleado;2100000,0;2100000,0;normal;Campaña digital;585,0;True;0;Android
CL01009;2024-09-25;Atlántico;Barranquilla;46;F;4;Bachiller;Conductor/Repartidor;1790000,0;1790000,0;normal;Campaña digital;634,0;True;2;Android
CL01010;2024-12-07;Bogotá D.C.;Medellín;31;M;1;Técnico/Tecnólogo;Empleado;1660000,0;1660000,0;normal;Campaña digital;488,0;True;1;iOS
CL01012;2025-04-03;Antioquia;Medellín;38;F;1;Sin información;Empleado;3270000,0;3270000,0;normal;Campaña digital;609,0;False;0;Android
CL01013;2024-11-21;Bolívar;Cartagena;57;F;3;Universitario;Independiente;2950000,0;2950000,0;normal;Campaña digital;634,0;False;2;Web
CL01014;2023-02-16;Bogotá D.C.;Bogotá;29;M;1;Bachiller;Independiente;1420000,0;1420000,0;normal;Referido;500,0;False;0;iOS
CL01015;2025-03-15;Caldas;Manizales;53;F;3;Universitario;Desempleado;620000,0;620000,0;normal;Campaña digital;538,0;False;0;Android
CL01016;2025-04-06;Valle del Cauca;Cali;38;F;4;Universitario;Empleado;6110000,0;6110000,0;normal;Campaña digital;711,0;True;0;iOS
CL01017;2024-08-16;Bogotá D.C.;Bogotá;29;M;1;Universitario;Conductor/Repartidor;2240000,0;2240000,0;normal;Campaña digital;436,0;False;2;iOS
CL01018;2024-02-09;Bolívar;Cartagena;82;F;2;Bachiller;Empleado;2320000,0;2320000,0;normal;App orgánico;719,0;False;0;Android
CL01019;2024-04-10;Atlántico;Barranquilla;33;M;2;Bachiller;Empleado;2570000,0;2570000,0;normal;App orgánico;547,0;True;2;Android
CL01020;2024-12-27;Bogotá D.C.;Bogotá;40;M;4;Sin información;Empleado;3520000,0;3520000,0;normal;App orgánico;592,0;False;2;Android
CL01021;2025-10-10;Santander;Bucaramanga;41;M;2;Bachiller;Independiente;2260000,0;2260000,0;normal;Campaña digital;504,0;True;2;Android
CL01022;2023-07-05;Cundinamarca;Soacha;30;F;3;Sin información;Microempresario;4380000,0;4380000,0;normal;Aliado comercial;747,0;False;3;Android
CL01025;2025-08-12;Bogotá D.C.;Bogotá;53;M;5;Técnico/Tecnólogo;Microempresario;4860000,0;4860000,0;normal;Campaña digital;675,0;True;1;Android
CL01026;2023-04-12;Bogotá D.C.;Bogotá;40;M;4;Técnico/Tecnólogo;Independiente;5880000,0;5880000,0;normal;Referido;766,0;False;1;Web
CL01028;2023-07-30;Antioquia;Medellín;37;M;1;Universitario;Empleado;1510000,0;1510000,0;normal;Campaña digital;591,0;True;3;Android
CL01029;2023-12-15;Norte de Santander;Cúcuta;42;M;3;Bachiller;Microempresario;3150000,0;3150000,0;normal;Call center;577,0;False;0;Web
CL01030;2025-05-31;Bogotá D.C.;Bogotá;26;F;3;Técnico/Tecnólogo;Independiente;1450000,0;1450000,0;normal;Campaña digital;550,0;True;2;Web
CL01031;2024-01-14;Santander;Bucaramanga;33;F;3;Técnico/Tecnólogo;Comerciante;2640000,0;2640000,0;normal;Call center;516,0;False;4;Android
CL01032;2024-06-14;Antioquia;Medellín;19;M;3;Bachiller;Conductor/Repartidor;4140000,0;4140000,0;normal;Campaña digital;557,0;False;4;Android
CL01033;2024-01-31;Santander;Bucaramanga;40;F;1;Bachiller;Conductor/Repartidor;1180000,0;1180000,0;normal;Call center;383,0;False;0;Android
CL01035;2024-10-16;Atlántico;Barranquilla;31;M;2;Bachiller;Pensionado;1670000,0;1670000,0;normal;Aliado comercial;543,0;False;1;Android
CL01036;2023-10-18;Cundinamarca;Soacha;52;M;4;Universitario;Desempleado;700000,0;700000,0;normal;App orgánico;562,0;False;0;Android
CL01037;2024-03-29;Valle del Cauca;Cali;24;F;2;Posgrado;Comerciante;1560000,0;1560000,0;normal;App orgánico;601,0;True;2;Android
CL01038;2023-05-13;Atlántico;Barranquilla;21;F;1;Universitario;Estudiante;670000,0;670000,0;normal;App orgánico;395,0;False;3;iOS
CL01040;2025-03-06;Atlántico;Barranquilla;46;M;4;Técnico/Tecnólogo;Empleado;2870000,0;2870000,0;normal;Referido;717,0;False;1;iOS
CL01041;2024-03-22;Atlántico;Barranquilla;53;F;1;Universitario;Empleado;2280000,0;2280000,0;normal;Referido;616,0;False;1;Android
CL01043;2024-03-27;Bogotá D.C.;Bogotá;47;F;5;Bachiller;Conductor/Repartidor;2550000,0;2550000,0;normal;Campaña digital;526,0;False;1;Android
CL01044;2024-02-27;Antioquia;Medellín;36;M;2;Bachiller;Empleado;2570000,0;2570000,0;normal;Aliado comercial;537,0;False;1;iOS
CL01045;2023-03-16;Antioquia;Medellín;34;F;4;Universitario;Independiente;2570000,0;2570000,0;normal;App orgánico;627,0;True;0;Android
CL01046;2023-06-29;Atlántico;Barranquilla;45;M;5;Sin información;Independiente;5460000,0;5460000,0;normal;Campaña digital;777,0;False;0;iOS
CL01047;2023-09-27;Bogotá D.C.;Bogotá;43;M;3;Técnico/Tecnólogo;Comerciante;2570000,0;2570000,0;normal;Campaña digital;612,0;False;3;iOS
CL01048;2025-10-24;Santander;Bucaramanga;20;F;2;Bachiller;Independiente;1730000,0;1730000,0;normal;App orgánico;488,0;False;0;Android
CL01051;2023-02-14;Antioquia;Medellín;30;M;2;Bachiller;Independiente;1090000,0;1090000,0;normal;Campaña digital;448,0;True;0;Android
CL01053;2025-08-07;Bogotá D.C.;Bogotá;41;M;3;Técnico/Tecnólogo;Empleado;2080000,0;2080000,0;normal;App orgánico;558,0;False;1;Android
CL01054;2025-11-11;Valle del Cauca;Cali;39;F;3;Sin información;Pensionado;2630000,0;2630000,0;normal;Campaña digital;622,0;False;3;Web
CL01055;2024-08-09;Bolívar;Cartagena;30;M;2;Universitario;Comerciante;2240000,0;2240000,0;normal;App orgánico;486,0;False;2;Android
CL01056;2023-09-12;Antioquia;Medellín;29;F;4;Técnico/Tecnólogo;Independiente;1430000,0;1430000,0;normal;App orgánico;574,0;False;3;Android
CL01058;2023-04-30;Antioquia;Medellín;48;M;3;Bachiller;Desempleado;650000,0;650000,0;normal;Campaña digital;488,0;False;1;Android
CL01059;2023-09-25;Atlántico;Barranquilla;41;M;3;Sin información;Empleado;4680000,0;4680000,0;normal;Call center;667,0;False;1;Android
CL01061;2025-01-08;Norte de Santander;Cúcuta;44;F;2;Bachiller;Independiente;1260000,0;1260000,0;normal;Referido;570,0;True;4;Android
CL01062;2025-01-10;Bogotá D.C.;Bogotá;19;M;2;Técnico/Tecnólogo;Empleado;1870000,0;1870000,0;normal;App orgánico;543,0;True;2;Android
CL01063;2024-05-28;Meta;Villavicencio;47;M;4;Bachiller;Independiente;3220000,0;3220000,0;normal;Aliado comercial;630,0;False;1;Web
CL01064;2024-01-06;Bogotá D.C.;Bogotá;19;F;2;Universitario;Empleado;2760000,0;2760000,0;normal;Referido;711,0;False;0;iOS
CL01065;2024-04-06;Atlántico;Barranquilla;32;F;3;Universitario;Conductor/Repartidor;1400000,0;1400000,0;normal;Referido;596,0;False;2;Android
CL01066;2025-03-03;Valle del Cauca;Cali;25;M;4;Bachiller;Pensionado;2840000,0;2840000,0;normal;Aliado comercial;576,0;True;0;Android
CL01067;2023-11-17;Bolívar;Cartagena;23;F;3;Universitario;Empleado;2200000,0;2200000,0;normal;Campaña digital;575,0;False;1;Android
CL01070;2024-03-08;Bogotá D.C.;Bogotá;39;F;3;Universitario;Microempresario;3660000,0;3660000,0;normal;Aliado comercial;720,0;False;1;Android
CL01071;2025-05-23;Risaralda;Pereira;36;F;6;Técnico/Tecnólogo;Independiente;2920000,0;2920000,0;normal;Campaña digital;696,0;False;1;iOS
CL01072;2023-11-06;Valle del Cauca;Cali;41;M;5;Técnico/Tecnólogo;Empleado;4200000,0;4200000,0;normal;Aliado comercial;626,0;False;1;Android
CL01073;2025-02-16;Norte de Santander;Cúcuta;37;M;3;Técnico/Tecnólogo;Comerciante;1360000,0;1360000,0;normal;Referido;601,0;False;1;Android
CL01075;2023-09-25;Bogotá D.C.;Bogotá;46;M;4;Técnico/Tecnólogo;Empleado;6870000,0;6870000,0;normal;Campaña digital;799,0;False;1;Android
CL01078;2024-11-15;Norte de Santander;Cúcuta;32;M;3;Universitario;Empleado;4620000,0;4620000,0;normal;Campaña digital;613,0;False;2;Android
CL01080;2025-08-19;Bogotá D.C.;Bogotá;45;F;2;Técnico/Tecnólogo;Independiente;3260000,0;3260000,0;normal;App orgánico;637,0;True;1;iOS
CL01082;2023-06-28;Caldas;Manizales;33;M;2;Técnico/Tecnólogo;Comerciante;3040000,0;3040000,0;normal;Campaña digital;507,0;False;2;Android
CL01083;2023-09-17;Cundinamarca;Soacha;33;F;2;Técnico/Tecnólogo;Empleado;1320000,0;1320000,0;normal;Aliado comercial;494,0;True;2;Android
CL01084;2024-04-21;Santander;Bucaramanga;57;F;2;Sin información;Pensionado;1860000,0;1860000,0;normal;Aliado comercial;553,0;False;0;iOS
CL01086;2023-05-12;Valle del Cauca;Cali;40;M;1;Universitario;Conductor/Repartidor;1460000,0;1460000,0;normal;Aliado comercial;365,0;False;4;Android
CL01087;2023-02-23;Bogotá D.C.;Bogotá;46;M;5;Bachiller;Comerciante;3690000,0;3690000,0;normal;Campaña digital;703,0;False;1;Android
CL01089;2024-04-25;Bogotá D.C.;Bogotá;33;M;1;Posgrado;Estudiante;1290000,0;1290000,0;normal;App orgánico;504,0;True;0;Android
CL01093;2024-10-19;Cundinamarca;Soacha;43;M;4;Universitario;Empleado;3930000,0;3930000,0;normal;Referido;589,0;True;2;Android
CL01095;2023-02-03;Valle del Cauca;Cali;43;F;3;Técnico/Tecnólogo;Empleado;2740000,0;2740000,0;normal;Call center;615,0;True;0;Android
CL01096;2023-09-30;Valle del Cauca;Cali;35;F;2;Universitario;Comerciante;1470000,0;1470000,0;normal;Aliado comercial;555,0;False;2;Android
CL01097;2024-09-23;Bolívar;Cartagena;37;M;3;Bachiller;Comerciante;2920000,0;2920000,0;normal;Campaña digital;583,0;False;0;iOS
CL01098;2025-10-04;Valle del Cauca;Cali;19;M;3;Técnico/Tecnólogo;Comerciante;2070000,0;2070000,0;normal;App orgánico;561,0;False;2;iOS
CL01099;2025-11-09;Bogotá D.C.;Bogotá;45;M;1;Bachiller;Empleado;1030000,0;1030000,0;normal;App orgánico;523,0;False;0;Android
CL01100;2025-05-14;Valle del Cauca;Cali;39;F;4;Técnico/Tecnólogo;Empleado;9200000,0;7082400,000000003;outlier_real;Campaña digital;812,0;False;1;Android
CL01101;2024-02-20;Bogotá D.C.;Bogotá;46;F;5;Posgrado;Desempleado;1880000,0;1880000,0;normal;Aliado comercial;616,0;True;1;Web
CL01102;2025-12-30;Santander;Bucaramanga;19;M;2;Técnico/Tecnólogo;Conductor/Repartidor;1390000,0;1390000,0;normal;Referido;446,0;False;1;Android
CL01103;2025-08-27;Atlántico;Barranquilla;57;M;2;Universitario;Conductor/Repartidor;4130000,0;4130000,0;normal;App orgánico;668,0;True;1;Android
CL01104;2023-04-17;Bogotá D.C.;Bogotá;35;F;2;Técnico/Tecnólogo;Independiente;1180000,0;1180000,0;normal;App orgánico;484,0;False;0;Android
CL01106;2025-09-14;Atlántico;Barranquilla;26;M;2;Técnico/Tecnólogo;Conductor/Repartidor;1490000,0;1490000,0;normal;Campaña digital;469,0;False;2;Android
CL01107;2023-02-18;Bogotá D.C.;Bogotá;42;M;2;Sin información;Conductor/Repartidor;1140000,0;1140000,0;normal;Campaña digital;567,0;False;0;Android
CL01108;2023-03-17;Atlántico;Barranquilla;25;M;2;Universitario;Estudiante;1180000,0;1180000,0;normal;Campaña digital;488,0;True;1;iOS
CL01109;2023-06-04;Valle del Cauca;Cali;30;F;2;Universitario;Empleado;2310000,0;2310000,0;normal;Campaña digital;588,0;False;0;Android
CL01111;2025-05-07;Antioquia;Medellín;34;M;2;Universitario;Independiente;1980000,0;1980000,0;normal;Referido;398,0;True;1;Android
CL01112;2025-09-17;Bogotá D.C.;Bogotá;38;F;2;Técnico/Tecnólogo;Empleado;1750000,0;1750000,0;normal;Referido;469,0;False;4;Android
CL01113;2025-02-03;Cundinamarca;Soacha;45;M;4;Bachiller;Empleado;7370000,0;7082400,000000003;outlier_real;Referido;850,0;False;1;iOS
CL01114;2026-01-14;Cundinamarca;Soacha;41;M;2;Universitario;Empleado;3370000,0;3370000,0;normal;Referido;527,0;False;1;Android
CL01115;2023-04-27;Norte de Santander;Cúcuta;38;M;2;Universitario;Independiente;2190000,0;2190000,0;normal;Campaña digital;535,0;False;1;Android
CL01116;2024-04-22;Bogotá D.C.;Bogotá;40;M;2;Universitario;Estudiante;2570000,0;2570000,0;normal;Campaña digital;449,0;True;2;Android
CL01117;2023-11-08;Antioquia;Medellín;60;F;3;Técnico/Tecnólogo;Conductor/Repartidor;2510000,0;2510000,0;normal;Referido;576,0;False;2;Android
CL01118;2023-06-10;Atlántico;Barranquilla;35;F;2;Universitario;Comerciante;1650000,0;1650000,0;normal;App orgánico;573,0;False;2;Android
CL01119;2025-06-18;Valle del Cauca;Cali;38;M;2;Técnico/Tecnólogo;Desempleado;940000,0;940000,0;normal;Aliado comercial;531,0;False;1;iOS
CL01120;2023-08-25;Antioquia;Medellín;47;No informa;1;Técnico/Tecnólogo;Comerciante;1380000,0;1380000,0;normal;Campaña digital;533,0;True;4;iOS
CL01121;2023-08-06;Antioquia;Medellín;47;M;3;Técnico/Tecnólogo;Conductor/Repartidor;1770000,0;1770000,0;normal;Campaña digital;547,0;False;1;Android
CL01122;2023-10-30;Bogotá D.C.;Bogotá;36;M;3;Bachiller;Estudiante;1600000,0;1600000,0;normal;App orgánico;359,0;False;2;Android
CL01123;2024-10-31;Bogotá D.C.;Bogotá;42;M;6;Sin información;Empleado;5100000,0;5100000,0;normal;App orgánico;738,0;False;2;iOS
CL01124;2023-05-01;Tolima;Ibagué;25;F;3;Técnico/Tecnólogo;Independiente;2240000,0;2240000,0;normal;App orgánico;545,0;True;1;Android
CL01125;2023-10-16;Antioquia;Medellín;52;M;5;Técnico/Tecnólogo;Independiente;2600000,0;2600000,0;normal;App orgánico;646,0;True;2;Android
CL01127;2025-05-08;Bogotá D.C.;Bogotá;39;F;4;Técnico/Tecnólogo;Comerciante;2500000,0;2500000,0;normal;Aliado comercial;635,0;False;3;Android
CL01128;2024-08-04;Bogotá D.C.;Bogotá;28;F;2;Sin información;Empleado;3070000,0;3070000,0;normal;App orgánico;654,0;True;3;Android
CL01130;2023-01-22;Valle del Cauca;Cali;39;F;3;Técnico/Tecnólogo;Pensionado;4470000,0;4470000,0;normal;Campaña digital;730,0;False;3;Android
CL01132;2024-11-14;Atlántico;Barranquilla;40;M;3;Técnico/Tecnólogo;Empleado;2510000,0;2510000,0;normal;Referido;614,0;True;1;iOS
CL01133;2025-08-26;Bogotá D.C.;Bogotá;52;M;1;Universitario;Microempresario;2760000,0;2760000,0;normal;Campaña digital;668,0;True;2;Android
CL01134;2024-11-28;Bogotá D.C.;Bogotá;41;F;3;Técnico/Tecnólogo;Microempresario;3810000,0;3810000,0;normal;App orgánico;619,0;False;4;Android
CL01135;2023-02-10;Antioquia;Medellín;34;F;3;Sin información;Empleado;2100000,0;2100000,0;normal;Call center;532,0;False;0;iOS
CL01136;2024-03-30;Bogotá D.C.;Bogotá;46;M;3;Posgrado;Microempresario;2570000,0;2570000,0;normal;App orgánico;644,0;False;0;iOS
CL01137;2023-09-02;Antioquia;Medellín;48;M;3;Técnico/Tecnólogo;Empleado;1870000,0;1870000,0;normal;App orgánico;482,0;False;3;Android
CL01138;2025-12-13;Meta;Villavicencio;24;F;1;Universitario;Empleado;2740000,0;2740000,0;normal;Call center;555,0;False;1;Android
CL01139;2024-02-05;Valle del Cauca;Cali;42;M;3;Bachiller;Independiente;1260000,0;1260000,0;normal;Campaña digital;441,0;True;0;Android
CL01140;2023-03-16;Cundinamarca;Soacha;43;F;3;Técnico/Tecnólogo;Empleado;2190000,0;2190000,0;normal;Call center;556,0;True;1;Android
CL01141;2023-06-13;Valle del Cauca;Cali;33;F;5;Universitario;Independiente;3280000,0;3280000,0;normal;Campaña digital;584,0;False;2;Android
CL01142;2023-03-05;Atlántico;Barranquilla;50;M;3;Técnico/Tecnólogo;Comerciante;3140000,0;3140000,0;normal;App orgánico;594,0;False;3;Web
CL01143;2023-03-05;Bogotá D.C.;Bogotá;34;M;3;Universitario;Microempresario;2800000,0;2800000,0;normal;Campaña digital;655,0;False;4;Android
CL01144;2024-10-22;Risaralda;Pereira;37;F;2;Universitario;Empleado;2330000,0;2330000,0;normal;Campaña digital;654,0;True;0;Web
CL01145;2023-03-23;Cundinamarca;Soacha;34;F;2;Bachiller;Independiente;1370000,0;1370000,0;normal;App orgánico;458,0;False;1;Android
CL01148;2024-01-17;Caldas;Manizales;22;M;2;Bachiller;Microempresario;2950000,0;2950000,0;normal;App orgánico;464,0;False;2;Android
CL01150;2023-04-09;Atlántico;Barranquilla;28;M;3;Universitario;Empleado;2070000,0;2070000,0;normal;Campaña digital;642,0;False;0;Android
CL01152;2025-07-03;Bogotá D.C.;Bogotá;19;F;5;Universitario;Empleado;2430000,0;2430000,0;normal;Aliado comercial;589,0;False;2;Web
CL01153;2023-05-07;Atlántico;Barranquilla;30;F;3;Técnico/Tecnólogo;Empleado;4500000,0;4500000,0;normal;Campaña digital;673,0;False;0;iOS
CL01155;2025-05-06;Risaralda;Pereira;52;M;4;Posgrado;Conductor/Repartidor;2450000,0;2450000,0;normal;Campaña digital;506,0;True;1;iOS
CL01156;2023-11-22;Caldas;Manizales;46;F;3;Bachiller;Independiente;3790000,0;3790000,0;normal;App orgánico;526,0;False;0;Android
CL01158;2025-07-07;Cundinamarca;Soacha;59;M;3;Universitario;Independiente;2680000,0;2680000,0;normal;Referido;559,0;True;2;Android
CL01159;2023-04-13;Atlántico;Barranquilla;46;M;3;Universitario;Empleado;1360000,0;1360000,0;normal;Aliado comercial;596,0;True;1;Android
CL01160;2024-03-12;Antioquia;Medellín;33;F;3;Universitario;Comerciante;3740000,0;3740000,0;normal;App orgánico;633,0;False;0;Web
CL01161;2025-03-24;Risaralda;Pereira;19;F;2;Bachiller;Empleado;3910000,0;3910000,0;normal;Aliado comercial;521,0;False;1;Android
CL01162;2024-08-16;Risaralda;Pereira;59;M;3;Técnico/Tecnólogo;Comerciante;1850000,0;1850000,0;normal;Referido;687,0;False;1;Android
CL01165;2024-02-20;Bogotá D.C.;Bogotá;46;F;4;Universitario;Independiente;1920000,0;1920000,0;normal;Referido;597,0;False;3;iOS
CL01166;2023-06-01;Antioquia;Medellín;60;M;2;Universitario;Comerciante;3580000,0;3580000,0;normal;Campaña digital;696,0;False;2;Android
CL01168;2025-04-15;Bogotá D.C.;Bogotá;42;F;6;Bachiller;Empleado;5520000,0;5520000,0;normal;Campaña digital;745,0;False;2;iOS
CL01169;2023-08-07;Cundinamarca;Soacha;42;F;3;Universitario;Comerciante;4910000,0;4910000,0;normal;Call center;740,0;False;2;iOS
CL01170;2023-08-19;Bogotá D.C.;Bogotá;45;M;2;Técnico/Tecnólogo;Microempresario;3620000,0;3620000,0;normal;Campaña digital;624,0;True;3;iOS
CL01171;2024-11-14;Norte de Santander;Cúcuta;44;F;2;Bachiller;Independiente;1640000,0;1640000,0;normal;Call center;549,0;False;2;iOS
CL01172;2024-10-28;Santander;Bucaramanga;39;F;4;Universitario;Estudiante;1550000,0;1550000,0;normal;Referido;603,0;False;2;iOS
CL01173;2025-10-28;Valle del Cauca;Cali;37;M;2;Bachiller;Independiente;1620000,0;1620000,0;normal;Referido;526,0;False;1;Android
CL01174;2023-02-26;Antioquia;Medellín;35;F;3;Técnico/Tecnólogo;Empleado;3940000,0;3940000,0;normal;Campaña digital;593,0;True;0;Android
CL01175;2024-09-21;Bogotá D.C.;Bogotá;28;M;1;Universitario;Microempresario;4220000,0;4220000,0;normal;Aliado comercial;594,0;False;4;iOS
CL01177;2024-12-25;Norte de Santander;Cúcuta;19;F;2;Posgrado;Estudiante;940000,0;940000,0;normal;Campaña digital;492,0;False;1;iOS
CL01178;2023-12-23;Atlántico;Barranquilla;35;F;3;Sin información;Comerciante;2750000,0;2750000,0;normal;App orgánico;644,0;True;3;iOS
CL01180;2023-03-18;Bogotá D.C.;Bogotá;25;M;4;Bachiller;Empleado;3310000,0;3310000,0;normal;Aliado comercial;646,0;False;0;Android
CL01181;2023-07-03;Antioquia;Medellín;38;F;1;Universitario;Empleado;1800000,0;1800000,0;normal;App orgánico;569,0;True;1;Android
CL01182;2025-10-06;Antioquia;Medellín;50;F;5;Técnico/Tecnólogo;Empleado;8240000,0;7082400,000000003;outlier_real;Campaña digital;821,0;False;1;iOS
CL01183;2024-01-17;Valle del Cauca;Cali;45;M;4;Bachiller;Comerciante;2680000,0;2680000,0;normal;App orgánico;600,0;False;1;Android
CL01184;2024-07-01;Bogotá D.C.;Bogotá;20;M;2;Bachiller;Independiente;1500000,0;1500000,0;normal;App orgánico;585,0;False;2;Android
CL01185;2025-02-06;Bolívar;Cartagena;26;F;2;Bachiller;Empleado;2310000,0;2310000,0;normal;App orgánico;508,0;False;2;Android
CL01186;2025-05-24;Bogotá D.C.;Bogotá;45;M;3;Técnico/Tecnólogo;Empleado;2600000,0;2600000,0;normal;Referido;660,0;False;1;Web
CL01187;2023-11-25;Bogotá D.C.;Bogotá;26;M;3;Posgrado;Pensionado;2710000,0;2710000,0;normal;App orgánico;638,0;True;1;iOS
CL01188;2023-11-06;Santander;Bucaramanga;34;M;1;Bachiller;Comerciante;2570000,0;2570000,0;normal;Campaña digital;519,0;True;0;Android
CL01189;2024-09-07;Bogotá D.C.;Bogotá;42;M;4;Bachiller;Desempleado;430000,0;430000,0;normal;Campaña digital;467,0;True;2;Android
CL01190;2023-03-24;Bogotá D.C.;Bogotá;26;M;4;Técnico/Tecnólogo;Empleado;6790000,0;6790000,0;normal;Campaña digital;688,0;True;1;Android
CL01191;2023-09-05;Bogotá D.C.;Bogotá;37;F;4;Bachiller;Pensionado;1840000,0;1840000,0;normal;App orgánico;612,0;False;3;Android
CL01193;2024-05-14;Atlántico;Barranquilla;30;F;4;Técnico/Tecnólogo;Independiente;2930000,0;2930000,0;normal;Aliado comercial;695,0;False;1;Android
CL01195;2023-10-05;Antioquia;Medellín;20;M;5;Universitario;Empleado;2700000,0;2700000,0;normal;Campaña digital;543,0;False;0;Web
CL01199;2025-07-19;Cundinamarca;Soacha;38;F;4;Universitario;Independiente;2450000,0;2450000,0;normal;Campaña digital;577,0;True;1;Android
CL01200;2024-12-13;Bogotá D.C.;Bogotá;50;M;2;Universitario;Conductor/Repartidor;1660000,0;1660000,0;normal;App orgánico;555,0;False;2;Android
CL01201;2023-08-21;Bogotá D.C.;Bogotá;37;F;2;Técnico/Tecnólogo;Conductor/Repartidor;2430000,0;2430000,0;normal;Referido;547,0;True;1;Android
CL01202;2025-12-02;Atlántico;Barranquilla;32;M;4;Bachiller;Microempresario;4470000,0;4470000,0;normal;Aliado comercial;679,0;False;0;Android
CL01203;2023-12-15;Tolima;Ibagué;37;M;2;Técnico/Tecnólogo;Desempleado;780000,0;780000,0;normal;Referido;448,0;False;1;Android
CL01204;2025-09-01;Atlántico;Barranquilla;41;F;3;Bachiller;Independiente;3760000,0;3760000,0;normal;Referido;671,0;False;1;iOS
CL01205;2023-06-30;Santander;Bucaramanga;36;F;2;Bachiller;Empleado;2090000,0;2090000,0;normal;App orgánico;568,0;False;1;iOS
CL01207;2024-05-28;Bogotá D.C.;Bogotá;29;M;4;Técnico/Tecnólogo;Independiente;2760000,0;2760000,0;normal;Aliado comercial;666,0;True;0;Android
CL01208;2023-07-08;Bogotá D.C.;Bogotá;29;M;1;Bachiller;Desempleado;2570000,0;2570000,0;normal;Aliado comercial;436,0;False;2;iOS
CL01209;2023-01-23;Bogotá D.C.;Bogotá;22;F;3;Bachiller;Independiente;2720000,0;2720000,0;normal;App orgánico;564,0;True;2;Android
CL01210;2025-10-25;Antioquia;Medellín;53;M;1;Universitario;Desempleado;1030000,0;1030000,0;normal;Campaña digital;544,0;False;1;iOS
CL01211;2024-05-26;Bolívar;Cartagena;24;M;3;Universitario;Conductor/Repartidor;1510000,0;1510000,0;normal;App orgánico;499,0;False;1;Android
CL01214;2024-01-01;Santander;Bucaramanga;45;M;3;Técnico/Tecnólogo;Empleado;2780000,0;2780000,0;normal;Campaña digital;642,0;False;0;Android
CL01215;2023-04-06;Atlántico;Barranquilla;33;F;5;Técnico/Tecnólogo;Independiente;2080000,0;2080000,0;normal;Campaña digital;573,0;True;3;iOS
CL01216;2024-11-17;Caldas;Manizales;48;F;5;Técnico/Tecnólogo;Conductor/Repartidor;4280000,0;4280000,0;normal;Campaña digital;621,0;False;1;Android
CL01217;2024-06-27;Cundinamarca;Soacha;29;F;3;Bachiller;Microempresario;2570000,0;2570000,0;normal;Aliado comercial;658,0;False;0;iOS
CL01219;2025-09-09;Valle del Cauca;Cali;28;F;6;Universitario;Comerciante;6200000,0;6200000,0;normal;Referido;742,0;False;2;Android
CL01220;2023-05-02;Antioquia;Medellín;57;M;4;Técnico/Tecnólogo;Desempleado;1250000,0;1250000,0;normal;Referido;518,0;False;3;Android
CL01221;2023-07-14;Bogotá D.C.;Bogotá;24;F;3;Universitario;Conductor/Repartidor;3110000,0;3110000,0;normal;App orgánico;575,0;False;0;iOS
CL01222;2024-05-18;Santander;Bucaramanga;39;F;4;Técnico/Tecnólogo;Desempleado;970000,0;970000,0;normal;Referido;501,0;False;1;iOS
CL01224;2024-12-13;Bogotá D.C.;Bogotá;40;M;2;Técnico/Tecnólogo;Estudiante;500000,0;500000,0;normal;Campaña digital;477,0;False;1;Android
CL01225;2025-06-28;Bolívar;Cartagena;34;M;3;Técnico/Tecnólogo;Empleado;2440000,0;2440000,0;normal;Aliado comercial;588,0;True;3;Android
CL01226;2023-02-08;Bogotá D.C.;Bogotá;35;M;2;Universitario;Empleado;2210000,0;2210000,0;normal;Campaña digital;508,0;False;2;Android
CL01227;2023-05-26;Cundinamarca;Soacha;36;M;4;Posgrado;Empleado;3050000,0;3050000,0;normal;Campaña digital;581,0;True;3;Web
CL01228;2024-06-04;Antioquia;Medellín;35;M;1;Universitario;Estudiante;640000,0;640000,0;normal;Aliado comercial;457,0;False;4;Android
CL01229;2024-12-22;Bogotá D.C.;Bogotá;46;F;2;Bachiller;Empleado;3020000,0;3020000,0;normal;Aliado comercial;665,0;False;4;Android
CL01230;2023-05-11;Valle del Cauca;Cali;58;F;2;Sin información;Empleado;2420000,0;2420000,0;normal;Campaña digital;592,0;False;0;Android
CL01233;2024-10-23;Santander;Bucaramanga;75;F;3;Bachiller;Empleado;2240000,0;2240000,0;normal;Campaña digital;705,0;True;0;iOS
CL01234;2025-01-19;Bogotá D.C.;Bogotá;62;M;1;Bachiller;Microempresario;2280000,0;2280000,0;normal;Aliado comercial;598,0;False;0;Web
CL01235;2024-06-17;Santander;Bucaramanga;28;M;3;Universitario;Empleado;2870000,0;2870000,0;normal;Referido;635,0;False;3;Android
CL01236;2024-05-24;Bogotá D.C.;Bogotá;52;M;3;Técnico/Tecnólogo;Estudiante;650000,0;650000,0;normal;App orgánico;586,0;False;1;Android
CL01237;2025-12-10;Valle del Cauca;Cali;53;F;3;Técnico/Tecnólogo;Empleado;3780000,0;3780000,0;normal;Campaña digital;703,0;True;2;Android
CL01238;2024-03-29;Valle del Cauca;Cali;30;M;4;Técnico/Tecnólogo;Empleado;3860000,0;3860000,0;normal;Campaña digital;649,0;False;0;Android
CL01239;2025-06-27;Valle del Cauca;Cali;42;F;3;Bachiller;Empleado;2570000,0;2570000,0;normal;Aliado comercial;652,0;False;2;iOS
CL01240;2025-12-20;Antioquia;Medellín;52;No informa;1;Bachiller;Comerciante;2600000,0;2600000,0;normal;Campaña digital;576,0;False;1;Web
CL01241;2023-05-13;Bogotá D.C.;Bogotá;32;F;3;Posgrado;Comerciante;1970000,0;1970000,0;normal;Referido;565,0;False;2;iOS
CL01242;2023-07-07;Antioquia;Medellín;34;M;1;Bachiller;Empleado;2410000,0;2410000,0;normal;Campaña digital;474,0;False;1;iOS
CL01243;2025-05-19;Bolívar;Cartagena;30;F;1;Bachiller;Empleado;2440000,0;2440000,0;normal;Referido;561,0;False;0;Web
CL01244;2023-03-05;Bogotá D.C.;Bogotá;26;M;1;Posgrado;Independiente;1870000,0;1870000,0;normal;Aliado comercial;564,0;False;3;Android
CL01246;2024-04-21;Bogotá D.C.;Bogotá;24;M;2;Sin información;Empleado;2570000,0;2570000,0;normal;App orgánico;526,0;True;4;Android
CL01247;2023-06-11;Atlántico;Barranquilla;36;M;1;Universitario;Empleado;2340000,0;2340000,0;normal;Referido;596,0;True;2;Android
CL01249;2023-02-23;Bogotá D.C.;Bogotá;38;M;5;Bachiller;Desempleado;1080000,0;1080000,0;normal;App orgánico;544,0;True;0;Android
CL01250;2025-11-02;Antioquia;Medellín;20;F;2;Técnico/Tecnólogo;Empleado;1930000,0;1930000,0;normal;Referido;588,0;False;2;Web
CL01252;2025-03-27;Norte de Santander;Cúcuta;44;M;2;Técnico/Tecnólogo;Empleado;1910000,0;1910000,0;normal;Referido;514,0;False;1;Web
CL01253;2023-09-29;Valle del Cauca;Cali;19;F;2;Universitario;Empleado;2720000,0;2720000,0;normal;Campaña digital;685,0;False;2;iOS
CL01254;2023-08-31;Valle del Cauca;Cali;40;F;2;Universitario;Microempresario;3980000,0;3980000,0;normal;Aliado comercial;644,0;False;3;Android
CL01256;2023-04-04;Antioquia;Medellín;24;F;3;Bachiller;Conductor/Repartidor;3200000,0;3200000,0;normal;App orgánico;580,0;True;2;Android
CL01258;2023-08-02;Bolívar;Cartagena;40;M;3;Bachiller;Independiente;1280000,0;1280000,0;normal;Aliado comercial;517,0;False;3;iOS
CL01259;2024-08-13;Bogotá D.C.;Bogotá;29;M;3;Bachiller;Conductor/Repartidor;5810000,0;5810000,0;normal;Campaña digital;707,0;False;0;Android
CL01260;2025-08-19;Valle del Cauca;Cali;35;M;4;Sin información;Comerciante;4120000,0;4120000,0;normal;Referido;694,0;False;0;iOS
CL01261;2023-09-26;Antioquia;Medellín;42;F;3;Técnico/Tecnólogo;Microempresario;2350000,0;2350000,0;normal;App orgánico;536,0;False;3;iOS
CL01262;2024-09-11;Antioquia;Medellín;37;F;5;Técnico/Tecnólogo;Empleado;6700000,0;6700000,0;normal;Campaña digital;806,0;False;1;Android
CL01263;2023-09-12;Cundinamarca;Soacha;41;No informa;4;Sin información;Conductor/Repartidor;3280000,0;3280000,0;normal;Aliado comercial;539,0;True;4;Android
CL01264;2024-08-18;Bolívar;Cartagena;27;F;1;Bachiller;Empleado;1880000,0;1880000,0;normal;Campaña digital;617,0;False;1;Android
CL01266;2024-07-25;Antioquia;Medellín;22;M;2;Universitario;Empleado;2990000,0;2990000,0;normal;App orgánico;500,0;False;2;iOS
CL01267;2024-06-13;Cundinamarca;Soacha;35;M;5;Bachiller;Microempresario;4640000,0;4640000,0;normal;Campaña digital;637,0;False;1;Android
CL01268;2024-03-31;Bolívar;Cartagena;27;M;2;Sin información;Independiente;3320000,0;3320000,0;normal;Aliado comercial;599,0;False;0;iOS
CL01269;2023-08-02;Caldas;Manizales;29;F;3;Universitario;Desempleado;760000,0;760000,0;normal;App orgánico;505,0;False;1;Android
CL01270;2024-01-31;Bogotá D.C.;Bogotá;48;M;3;Técnico/Tecnólogo;Microempresario;4020000,0;4020000,0;normal;Campaña digital;704,0;False;2;iOS
CL01271;2023-01-29;Bogotá D.C.;Bogotá;47;M;2;Sin información;Comerciante;4610000,0;4610000,0;normal;Aliado comercial;704,0;True;2;Android
CL01272;2023-04-17;Bolívar;Cartagena;42;F;2;Técnico/Tecnólogo;Estudiante;1220000,0;1220000,0;normal;App orgánico;540,0;True;2;iOS
CL01273;2024-01-04;Bogotá D.C.;Bogotá;25;F;2;Bachiller;Conductor/Repartidor;2770000,0;2770000,0;normal;Campaña digital;580,0;True;2;Android
CL01274;2025-01-13;Norte de Santander;Cúcuta;33;F;4;Técnico/Tecnólogo;Independiente;2760000,0;2760000,0;normal;Aliado comercial;663,0;False;3;iOS
CL01275;2023-03-07;Caldas;Manizales;48;M;4;Bachiller;Comerciante;2610000,0;2610000,0;normal;Campaña digital;697,0;True;1;Android
CL01276;2025-07-02;Bogotá D.C.;Bogotá;37;F;3;Bachiller;Empleado;4190000,0;4190000,0;normal;App orgánico;551,0;False;3;Web
CL01277;2024-01-07;Santander;Bucaramanga;59;M;3;Bachiller;Pensionado;740000,0;740000,0;normal;Referido;545,0;False;4;Web
CL01279;2025-09-09;Antioquia;Medellín;38;M;3;Técnico/Tecnólogo;Pensionado;1760000,0;1760000,0;normal;Referido;521,0;False;0;Android
CL01280;2025-07-22;Cundinamarca;Soacha;33;M;3;Posgrado;Empleado;4880000,0;4880000,0;normal;Campaña digital;609,0;False;0;Android
CL01282;2024-02-01;Santander;Bucaramanga;34;M;2;Sin información;Desempleado;690000,0;690000,0;normal;Aliado comercial;397,0;False;1;Android
CL01283;2025-11-17;Valle del Cauca;Cali;43;F;3;Técnico/Tecnólogo;Empleado;1870000,0;1870000,0;normal;Campaña digital;527,0;False;0;Android
CL01284;2023-03-17;Bogotá D.C.;Bogotá;46;F;1;Universitario;Empleado;3630000,0;3630000,0;normal;Aliado comercial;702,0;False;1;Android
CL01285;2025-04-13;Bogotá D.C.;Bogotá;28;M;3;Bachiller;Comerciante;3800000,0;3800000,0;normal;Referido;656,0;False;0;Android
CL01286;2025-03-09;Bogotá D.C.;Bogotá;23;F;2;Bachiller;Empleado;2570000,0;2570000,0;normal;Call center;505,0;True;2;Android
CL01287;2023-09-04;Antioquia;Medellín;19;M;1;Universitario;Conductor/Repartidor;2080000,0;2080000,0;normal;App orgánico;496,0;False;1;Android
CL01288;2025-08-04;Norte de Santander;Cúcuta;41;M;3;Posgrado;Microempresario;2920000,0;2920000,0;normal;App orgánico;597,0;False;0;Android
CL01289;2025-02-11;Bogotá D.C.;Bogotá;25;F;1;Bachiller;Comerciante;1370000,0;1370000,0;normal;App orgánico;457,0;False;1;Android
CL01290;2023-05-06;Bolívar;Cartagena;19;M;2;Bachiller;Conductor/Repartidor;1780000,0;1780000,0;normal;App orgánico;370,0;False;2;Web
CL01291;2025-04-04;Santander;Bucaramanga;40;F;2;Bachiller;Desempleado;620000,0;620000,0;normal;App orgánico;524,0;False;3;Android
CL01294;2025-07-25;Bogotá D.C.;Bogotá;44;M;2;Universitario;Estudiante;1420000,0;1420000,0;normal;App orgánico;521,0;False;1;Android
CL01295;2023-05-08;Atlántico;Barranquilla;37;F;2;Bachiller;Empleado;4010000,0;4010000,0;normal;Referido;606,0;False;2;Android
CL01296;2024-07-20;Atlántico;Barranquilla;35;F;2;Técnico/Tecnólogo;Empleado;3340000,0;3340000,0;normal;App orgánico;543,0;True;0;Android
CL01297;2024-09-01;Cundinamarca;Soacha;45;M;3;Universitario;Empleado;1060000,0;1060000,0;normal;Call center;577,0;False;0;Web
CL01299;2024-08-09;Valle del Cauca;Cali;39;F;3;Sin información;Empleado;2390000,0;2390000,0;normal;Campaña digital;579,0;False;1;Android
CL01300;2025-03-18;Bogotá D.C.;Bogotá;39;M;2;Bachiller;Independiente;800000,0;800000,0;normal;App orgánico;502,0;False;2;Android
CL01302;2024-05-22;Norte de Santander;Cúcuta;46;F;4;Bachiller;Conductor/Repartidor;2970000,0;2970000,0;normal;Campaña digital;609,0;False;1;Android
CL01303;2023-08-09;Santander;Bucaramanga;34;F;3;Técnico/Tecnólogo;Empleado;2220000,0;2220000,0;normal;App orgánico;518,0;True;3;Android
CL01304;2024-03-05;Bogotá D.C.;Bogotá;28;M;3;Sin información;Desempleado;2570000,0;2570000,0;normal;Campaña digital;490,0;False;1;Android
CL01306;2025-09-26;Cundinamarca;Soacha;27;M;5;Universitario;Empleado;3990000,0;3990000,0;normal;App orgánico;623,0;False;1;Android
CL01307;2023-08-19;Santander;Bucaramanga;36;F;2;Técnico/Tecnólogo;Independiente;1660000,0;1660000,0;normal;Campaña digital;561,0;True;1;iOS
CL01308;2023-12-08;Antioquia;Medellín;36;M;5;Bachiller;Comerciante;3900000,0;3900000,0;normal;Campaña digital;595,0;False;0;Android
CL01309;2025-03-26;Antioquia;Medellín;47;M;3;Posgrado;Independiente;2080000,0;2080000,0;normal;Campaña digital;655,0;True;0;Android
CL01310;2025-08-05;Antioquia;Medellín;41;F;3;Posgrado;Conductor/Repartidor;1990000,0;1990000,0;normal;Call center;525,0;False;2;Web
CL01311;2025-10-06;Norte de Santander;Cúcuta;36;M;4;Universitario;Estudiante;1100000,0;1100000,0;normal;App orgánico;542,0;False;1;Android
CL01312;2024-08-09;Bogotá D.C.;Bogotá;44;M;3;Sin información;Conductor/Repartidor;2340000,0;2340000,0;normal;App orgánico;567,0;False;0;Android
CL01313;2023-02-18;Cundinamarca;Soacha;50;M;1;Bachiller;Empleado;1820000,0;1820000,0;normal;Campaña digital;580,0;False;0;Android
CL01314;2023-04-19;Bogotá D.C.;Bogotá;42;M;4;Posgrado;Conductor/Repartidor;2530000,0;2530000,0;normal;Aliado comercial;606,0;False;0;iOS
CL01315;2023-12-27;Bogotá D.C.;Bogotá;36;M;1;Técnico/Tecnólogo;Empleado;830000,0;830000,0;normal;App orgánico;527,0;False;1;Android
CL01316;2023-04-18;Bogotá D.C.;Bogotá;23;F;5;Bachiller;Estudiante;2130000,0;2130000,0;normal;Aliado comercial;507,0;False;2;Android
CL01317;2023-06-18;Bogotá D.C.;Bogotá;25;M;3;Bachiller;Empleado;5080000,0;5080000,0;normal;Aliado comercial;531,0;True;1;iOS
CL01318;2024-08-16;Atlántico;Barranquilla;33;M;6;Técnico/Tecnólogo;Empleado;5200000,0;5200000,0;normal;App orgánico;753,0;False;3;Android
CL01319;2025-05-24;Valle del Cauca;Cali;30;M;1;Universitario;Empleado;2570000,0;2570000,0;normal;App orgánico;573,0;False;3;iOS
CL01320;2023-04-15;Bogotá D.C.;Bogotá;34;M;4;Universitario;Independiente;4390000,0;4390000,0;normal;Campaña digital;658,0;False;1;Android
CL01321;2024-03-30;Atlántico;Barranquilla;37;F;1;Sin información;Conductor/Repartidor;2300000,0;2300000,0;normal;Campaña digital;510,0;True;4;iOS
CL01322;2025-02-02;Antioquia;Medellín;41;F;3;Bachiller;Comerciante;3280000,0;3280000,0;normal;App orgánico;587,0;False;1;iOS
CL01323;2024-10-16;Antioquia;Medellín;35;M;1;Técnico/Tecnólogo;Empleado;2370000,0;2370000,0;normal;App orgánico;573,0;False;0;Android
CL01325;2023-09-01;Bogotá D.C.;Bogotá;37;M;4;Sin información;Independiente;2000000,0;2000000,0;normal;App orgánico;542,0;False;1;Android
CL01326;2023-10-20;Santander;Bucaramanga;19;F;4;Sin información;Estudiante;1720000,0;1720000,0;normal;Referido;588,0;False;1;Android
CL01327;2024-12-05;Antioquia;Medellín;27;F;3;Bachiller;Empleado;4440000,0;4440000,0;normal;App orgánico;680,0;False;0;Android
CL01328;2024-10-01;Bogotá D.C.;Bogotá;35;M;1;Técnico/Tecnólogo;Microempresario;1570000,0;1570000,0;normal;Campaña digital;535,0;False;2;Android
CL01329;2025-06-02;Bogotá D.C.;Bogotá;24;M;1;Bachiller;Comerciante;2030000,0;2030000,0;normal;Aliado comercial;639,0;False;2;Android
CL01330;2023-02-23;Antioquia;Medellín;42;F;3;Técnico/Tecnólogo;Empleado;2470000,0;2470000,0;normal;Campaña digital;601,0;False;4;Android
CL01331;2023-03-05;Antioquia;Medellín;51;M;3;Bachiller;Independiente;3110000,0;3110000,0;normal;Referido;643,0;False;3;Android
CL01332;2024-09-10;Bogotá D.C.;Bogotá;48;M;2;Universitario;Microempresario;2630000,0;2630000,0;normal;Campaña digital;630,0;False;0;Android
CL01333;2025-07-15;Atlántico;Barranquilla;34;F;2;Universitario;Empleado;4480000,0;4480000,0;normal;Call center;588,0;False;2;Android
CL01334;2025-06-21;Valle del Cauca;Cali;51;F;3;Bachiller;Independiente;3000000,0;3000000,0;normal;App orgánico;559,0;False;0;iOS
CL01335;2024-08-07;Bogotá D.C.;Bogotá;37;M;3;Técnico/Tecnólogo;Estudiante;600000,0;600000,0;normal;App orgánico;408,0;True;0;iOS
CL01336;2023-02-28;Bolívar;Cartagena;33;M;1;Bachiller;Independiente;1070000,0;1070000,0;normal;Aliado comercial;492,0;False;0;Android
CL01337;2024-03-18;Bogotá D.C.;Bogotá;30;F;2;Técnico/Tecnólogo;Microempresario;3940000,0;3940000,0;normal;Aliado comercial;677,0;False;2;Android
CL01338;2023-03-10;Atlántico;Barranquilla;33;F;1;Bachiller;Empleado;2100000,0;2100000,0;normal;Campaña digital;590,0;False;2;Android
CL01339;2023-06-02;Cundinamarca;Soacha;36;F;2;Bachiller;Empleado;2570000,0;2570000,0;normal;Aliado comercial;583,0;False;2;Android
CL01340;2024-07-04;Valle del Cauca;Cali;38;M;1;Técnico/Tecnólogo;Empleado;2080000,0;2080000,0;normal;Referido;579,0;False;0;Web
CL01341;2024-04-29;Antioquia;Medellín;38;F;3;Universitario;Comerciante;3780000,0;3780000,0;normal;Referido;642,0;False;0;Android
CL01342;2024-07-23;Santander;Bucaramanga;36;F;3;Bachiller;Empleado;3500000,0;3500000,0;normal;Aliado comercial;588,0;False;0;Android
CL01343;2025-10-28;Bolívar;Cartagena;40;M;1;Técnico/Tecnólogo;Empleado;2380000,0;2380000,0;normal;Aliado comercial;573,0;False;0;iOS
CL01344;2023-09-22;Antioquia;Medellín;48;F;1;Universitario;Empleado;2510000,0;2510000,0;normal;Campaña digital;584,0;False;0;Android
CL01345;2024-08-05;Risaralda;Pereira;45;M;3;Universitario;Empleado;2220000,0;2220000,0;normal;App orgánico;587,0;False;2;Android
CL01346;2024-01-02;Santander;Bucaramanga;21;F;2;Técnico/Tecnólogo;Independiente;1010000,0;1010000,0;normal;Aliado comercial;510,0;False;2;Android
CL01347;2025-08-28;Antioquia;Medellín;19;M;1;Sin información;Conductor/Repartidor;1950000,0;1950000,0;normal;App orgánico;470,0;False;0;Android
CL01349;2024-12-07;Bogotá D.C.;Bogotá;22;M;2;Bachiller;Desempleado;770000,0;770000,0;normal;Referido;422,0;True;1;iOS
CL01350;2025-08-12;Antioquia;Medellín;34;M;3;Técnico/Tecnólogo;Independiente;2180000,0;2180000,0;normal;App orgánico;617,0;True;0;Android
CL01351;2025-04-26;Atlántico;Barranquilla;24;M;1;Universitario;Pensionado;1980000,0;1980000,0;normal;App orgánico;489,0;True;2;Android
CL01352;2024-01-03;Antioquia;Medellín;19;F;3;Técnico/Tecnólogo;Pensionado;1200000,0;1200000,0;normal;Campaña digital;414,0;False;2;Android
CL01353;2024-12-19;Valle del Cauca;Cali;41;M;2;Universitario;Comerciante;2230000,0;2230000,0;normal;Campaña digital;608,0;False;1;Android
CL01354;2024-10-22;Cundinamarca;Soacha;44;M;4;Universitario;Independiente;3180000,0;3180000,0;normal;Campaña digital;603,0;True;3;Android
CL01356;2025-07-26;Bogotá D.C.;Bogotá;19;M;5;Técnico/Tecnólogo;Empleado;4560000,0;4560000,0;normal;Referido;696,0;False;0;Android
CL01359;2024-08-18;Bogotá D.C.;Bogotá;21;M;3;Universitario;Empleado;2780000,0;2780000,0;normal;Call center;575,0;True;0;Web
CL01360;2024-07-21;Bolívar;Cartagena;38;M;2;Técnico/Tecnólogo;Comerciante;2570000,0;2570000,0;normal;Referido;588,0;False;2;iOS
CL01362;2025-12-31;Valle del Cauca;Cali;42;M;3;Bachiller;Empleado;2570000,0;2570000,0;normal;Referido;569,0;True;2;Android
CL01363;2025-03-12;Valle del Cauca;Cali;37;F;1;Sin información;Empleado;3530000,0;3530000,0;normal;Aliado comercial;615,0;False;1;Android
CL01364;2025-06-02;Bogotá D.C.;Bogotá;26;M;2;Técnico/Tecnólogo;Empleado;2000000,0;2000000,0;normal;App orgánico;617,0;False;0;iOS
CL01365;2025-03-04;Antioquia;Medellín;48;M;1;Sin información;Comerciante;1660000,0;1660000,0;normal;Campaña digital;550,0;False;2;Android
CL01366;2024-10-03;Caldas;Manizales;34;F;3;Técnico/Tecnólogo;Empleado;3500000,0;3500000,0;normal;Aliado comercial;588,0;False;1;iOS
CL01367;2026-01-06;Bogotá D.C.;Bogotá;36;M;3;Sin información;Microempresario;4400000,0;4400000,0;normal;Aliado comercial;674,0;True;4;Android
CL01368;2024-01-11;Bogotá D.C.;Bogotá;27;F;2;Técnico/Tecnólogo;Empleado;1840000,0;1840000,0;normal;Aliado comercial;588,0;False;1;Android
CL01369;2023-11-19;Antioquia;Medellín;32;M;3;Bachiller;Empleado;2320000,0;2320000,0;normal;Referido;547,0;False;1;iOS
CL01371;2023-02-08;Bogotá D.C.;Bogotá;34;M;4;Técnico/Tecnólogo;Empleado;3390000,0;3390000,0;normal;Referido;621,0;False;2;iOS
CL01372;2025-10-08;Cundinamarca;Soacha;53;M;3;Bachiller;Empleado;2480000,0;2480000,0;normal;Referido;598,0;False;3;iOS
CL01373;2025-01-24;Valle del Cauca;Cali;22;M;1;Universitario;Comerciante;2490000,0;2490000,0;normal;App orgánico;585,0;True;1;Android
CL01374;2025-09-26;Atlántico;Barranquilla;20;M;3;Universitario;Independiente;2650000,0;2650000,0;normal;App orgánico;582,0;False;2;iOS
CL01375;2023-06-25;Caldas;Manizales;51;F;2;Bachiller;Conductor/Repartidor;2740000,0;2740000,0;normal;Referido;500,0;False;0;Android
CL01379;2025-11-05;Risaralda;Pereira;30;M;3;Técnico/Tecnólogo;Pensionado;1910000,0;1910000,0;normal;App orgánico;488,0;False;1;Android
CL01382;2023-02-19;Bogotá D.C.;Bogotá;31;M;4;Bachiller;Empleado;2730000,0;2730000,0;normal;Aliado comercial;636,0;True;2;Android
CL01383;2025-02-12;Bogotá D.C.;Bogotá;58;M;3;Bachiller;Comerciante;3480000,0;3480000,0;normal;App orgánico;767,0;False;0;iOS
CL01385;2024-07-10;Bogotá D.C.;Bogotá;43;F;4;Universitario;Empleado;4800000,0;4800000,0;normal;Call center;700,0;False;1;Web
CL01386;2025-02-26;Antioquia;Medellín;39;M;4;Bachiller;Conductor/Repartidor;1740000,0;1740000,0;normal;Aliado comercial;485,0;False;2;iOS
CL01388;2024-07-24;Tolima;Ibagué;52;F;4;Bachiller;Empleado;3770000,0;3770000,0;normal;Aliado comercial;710,0;False;3;Android
CL01389;2025-07-26;Bogotá D.C.;Bogotá;36;M;2;Bachiller;Empleado;2070000,0;2070000,0;normal;Referido;639,0;False;2;Android
CL01390;2023-05-15;Antioquia;Medellín;28;M;1;Universitario;Desempleado;510000,0;510000,0;normal;App orgánico;482,0;False;0;Android
CL01391;2025-01-25;Bogotá D.C.;Bogotá;41;M;3;Universitario;Empleado;2860000,0;2860000,0;normal;Campaña digital;632,0;False;0;iOS
CL01393;2024-01-26;Bogotá D.C.;Bogotá;56;F;2;Universitario;Empleado;1400000,0;1400000,0;normal;Campaña digital;559,0;False;2;Android
CL01394;2024-07-04;Cundinamarca;Soacha;37;M;1;Universitario;Empleado;2380000,0;2380000,0;normal;App orgánico;588,0;False;0;Android
CL01396;2023-02-07;Meta;Villavicencio;38;M;5;Bachiller;Independiente;5040000,0;5040000,0;normal;App orgánico;659,0;False;0;Web
CL01400;2023-10-05;Bolívar;Cartagena;29;F;2;Universitario;Independiente;2460000,0;2460000,0;normal;Referido;575,0;False;0;Android
