cliente_id;fecha_registro;departamento;ciudad;edad;genero;estrato;nivel_educativo;ocupacion;ingreso_mensual_estimado;ingreso_mensual_bi;flag_ingreso;canal_adquisicion;score_externo;tiene_producto_ahorro;numero_dependientes;dispositivo_principal;creditos_total;creditos_morosos;monto_total_credito;monto_promedio_credito;probabilidad_mora_promedio;probabilidad_mora_max;ultima_fecha_desembolso;tasa_mora_cliente
CL00001;2024-03-25;Valle del Cauca;Cali;41;M;1;Técnico/Tecnólogo;Comerciante;1600000,0;1600000,0;normal;Campaña digital;444,0;False;2;Android;1;0;2000000;2000000,0;0,5839307699351305;0,5839307699351305;2025-03-25;0,0
CL00002;2025-09-27;Tolima;Ibagué;35;F;3;Técnico/Tecnólogo;Pensionado;3310000,0;3310000,0;normal;Referido;580,0;False;3;iOS;1;0;2150000;2150000,0;0,40118755106901843;0,40118755106901843;2025-09-08;0,0
CL00003;2024-01-19;Bogotá D.C.;Bogotá;42;F;2;Universitario;Independiente;2350000,0;2350000,0;normal;Campaña digital;564,0;False;0;iOS;3;1;6750000;2250000,0;0,4435273270619991;0,5749565977155832;2026-01-30;0,3333333333333333
CL00005;2025-12-12;Cundinamarca;Soacha;34;F;1;Universitario;Empleado;910000,0;910000,0;normal;Aliado comercial;515,0;False;2;Android;1;1;1300000;1300000,0;0,5467284603694671;0,5467284603694671;2026-01-28;1,0
CL00006;2024-03-12;Valle del Cauca;Cali;34;F;2;Técnico/Tecnólogo;Empleado;3440000,0;3440000,0;normal;Referido;466,0;True;0;iOS;1;0;3800000;3800000,0;0,673205187585204;0,673205187585204;2024-08-11;0,0
CL00007;2025-03-21;Antioquia;Medellín;52;M;3;Universitario;Conductor/Repartidor;3860000,0;3860000,0;normal;App orgánico;600,0;True;0;Android;1;1;10800000;10800000,0;0,6873271839782134;0,6873271839782134;2025-06-24;1,0
CL00008;2023-12-30;Cundinamarca;Soacha;44;F;4;Técnico/Tecnólogo;Desempleado;1500000,0;1500000,0;normal;Campaña digital;456,0;True;0;Android;1;1;1300000;1300000,0;0,7843729326427541;0,7843729326427541;2024-10-19;1,0
CL00010;2024-12-10;Cundinamarca;Soacha;41;F;3;Posgrado;Conductor/Repartidor;2570000,0;2570000,0;normal;Referido;576,0;True;0;Android;1;1;2100000;2100000,0;0,6412492905470825;0,6412492905470825;2025-04-16;1,0
CL00011;2025-07-30;Antioquia;Medellín;31;F;4;Técnico/Tecnólogo;Desempleado;1300000,0;1300000,0;normal;Referido;573,0;False;1;Android;2;0;1650000;825000,0;0,46333272615863075;0,6179900503890462;2026-01-11;0,0
CL00012;2024-01-24;Antioquia;Medellín;31;M;4;Universitario;Empleado;3510000,0;3510000,0;normal;Campaña digital;665,0;False;0;Android;1;0;6300000;6300000,0;0,3385219488302486;0,3385219488302486;2025-03-29;0,0
CL00013;2024-10-26;Valle del Cauca;Cali;38;M;5;Técnico/Tecnólogo;Empleado;4670000,0;4670000,0;normal;Aliado comercial;692,0;False;0;Android;1;0;1700000;1700000,0;0,2855260101193327;0,2855260101193327;2026-01-19;0,0
CL00014;2025-09-30;Cundinamarca;Soacha;19;F;1;Técnico/Tecnólogo;Estudiante;760000,0;760000,0;normal;App orgánico;435,0;False;3;Android;1;0;600000;600000,0;0,30074609134380004;0,30074609134380004;2026-02-12;0,0
CL00015;2026-01-02;Antioquia;Medellín;19;M;4;Bachiller;Empleado;2970000,0;2970000,0;normal;App orgánico;506,0;False;4;iOS;3;1;7250000;2416666,6666666665;0,5535012834429008;0,669041989932034;2025-12-14;0,3333333333333333
CL00016;2023-03-05;Atlántico;Barranquilla;30;F;2;Sin información;Empleado;2340000,0;2340000,0;normal;Aliado comercial;577,0;True;1;Web;1;0;4350000;4350000,0;0,5088983454257395;0,5088983454257395;2024-11-14;0,0
CL00017;2024-11-22;Caldas;Manizales;26;F;2;Técnico/Tecnólogo;Empleado;3690000,0;3690000,0;normal;App orgánico;658,0;False;1;iOS;1;0;4200000;4200000,0;0,26747154449095595;0,26747154449095595;2025-10-17;0,0
CL00018;2024-03-23;Antioquia;Medellín;39;M;5;Bachiller;Comerciante;2890000,0;2890000,0;normal;Referido;651,0;False;1;Android;1;0;850000;850000,0;0,31843809638154313;0,31843809638154313;2024-11-27;0,0
CL00020;2023-08-14;Bogotá D.C.;Bogotá;22;M;5;Universitario;Empleado;4890000,0;4890000,0;normal;Referido;706,0;True;2;Android;1;0;1950000;1950000,0;0,25439850456088803;0,25439850456088803;2025-04-07;0,0
CL00023;2025-11-13;Cundinamarca;Soacha;37;F;5;Sin información;Empleado;3930000,0;3930000,0;normal;Referido;669,0;False;0;Android;1;0;4100000;4100000,0;0,29543702968778973;0,29543702968778973;2026-01-26;0,0
CL00026;2025-10-21;Santander;Bucaramanga;37;F;3;Técnico/Tecnólogo;Independiente;3070000,0;3070000,0;normal;Aliado comercial;618,0;False;0;Android;1;0;2050000;2050000,0;0,28916948670137815;0,28916948670137815;2025-10-28;0,0
CL00027;2023-05-23;Bogotá D.C.;Bogotá;24;F;5;Técnico/Tecnólogo;Independiente;3560000,0;3560000,0;normal;Call center;616,0;True;1;iOS;1;1;1300000;1300000,0;0,49763393893605407;0,49763393893605407;2024-03-03;1,0
CL00028;2025-11-13;Santander;Bucaramanga;40;F;4;Sin información;Estudiante;1080000,0;1080000,0;normal;Referido;548,0;False;0;iOS;3;1;5350000;1783333,3333333333;0,647577030059411;0,6719898820184683;2025-12-20;0,3333333333333333
CL00029;2024-05-09;Norte de Santander;Cúcuta;30;F;2;Técnico/Tecnólogo;Microempresario;3800000,0;3800000,0;normal;Call center;645,0;False;0;Android;1;0;3300000;3300000,0;0,268965852783461;0,268965852783461;2025-10-10;0,0
CL00030;2025-11-06;Cundinamarca;Soacha;33;M;3;Universitario;Empleado;3480000,0;3480000,0;normal;Referido;636,0;False;0;Android;1;0;4350000;4350000,0;0,44733063621284286;0,44733063621284286;2025-12-18;0,0
CL00031;2024-06-03;Bolívar;Cartagena;30;M;3;Universitario;Independiente;4440000,0;4440000,0;normal;Campaña digital;615,0;True;0;Android;1;0;9600000;9600000,0;0,44182638756205617;0,44182638756205617;2026-01-29;0,0
CL00033;2025-07-30;Caldas;Manizales;36;M;4;Bachiller;Independiente;3310000,0;3310000,0;normal;Referido;675,0;False;1;Android;1;0;4000000;4000000,0;0,42279107239706204;0,42279107239706204;2025-08-11;0,0
CL00034;2026-01-04;Bogotá D.C.;Bogotá;25;F;1;Técnico/Tecnólogo;Comerciante;1530000,0;1530000,0;normal;Aliado comercial;476,0;True;1;Android;2;1;1900000;950000,0;0,7626982385612386;0,8730543493207524;2026-02-01;0,5
CL00035;2024-12-01;Atlántico;Barranquilla;44;M;3;Posgrado;Microempresario;5040000,0;5040000,0;normal;Campaña digital;684,0;False;2;Android;1;0;4050000;4050000,0;0,29544132853130034;0,29544132853130034;2025-03-21;0,0
CL00036;2025-02-16;Cundinamarca;Soacha;24;M;2;Técnico/Tecnólogo;Independiente;2010000,0;2010000,0;normal;Campaña digital;588,0;True;1;Android;2;0;7500000;3750000,0;0,5295966220322373;0,6486816635581275;2025-11-03;0,0
CL00037;2025-07-20;Norte de Santander;Cúcuta;38;M;1;Posgrado;Empleado;2050000,0;2050000,0;normal;Campaña digital;601,0;False;1;Android;1;1;6450000;6450000,0;0,7831106849205263;0,7831106849205263;2025-10-10;1,0
CL00038;2025-06-29;Antioquia;Medellín;19;F;3;Bachiller;Desempleado;2570000,0;2570000,0;normal;Referido;418,0;False;2;Android;1;1;1900000;1900000,0;0,8117667499641882;0,8117667499641882;2025-09-19;1,0
CL00039;2024-03-21;Tolima;Ibagué;23;M;4;Universitario;Empleado;3130000,0;3130000,0;normal;Campaña digital;670,0;True;2;Android;2;1;7100000;3550000,0;0,41109831326609764;0,4717834026956459;2025-11-29;0,5
CL00040;2025-12-08;Bolívar;Cartagena;38;M;3;Bachiller;Microempresario;4190000,0;4190000,0;normal;App orgánico;610,0;False;2;iOS;2;1;4150000;2075000,0;0,3385940922859897;0,42582339265214747;2026-01-09;0,5
CL00041;2023-06-28;Atlántico;Barranquilla;43;F;4;Técnico/Tecnólogo;Independiente;3040000,0;3040000,0;normal;Campaña digital;699,0;False;1;Android;1;0;3800000;3800000,0;0,3582021725318985;0,3582021725318985;2023-10-04;0,0
CL00042;2024-06-07;Bogotá D.C.;Bogotá;38;M;4;Bachiller;Independiente;1790000,0;1790000,0;normal;Referido;587,0;False;4;Android;1;0;700000;700000,0;0,2346021328878525;0,2346021328878525;2026-03-26;0,0
CL00043;2024-03-07;Santander;Bucaramanga;35;M;5;Técnico/Tecnólogo;Empleado;2450000,0;2450000,0;normal;App orgánico;690,0;False;2;Android;1;0;1550000;1550000,0;0,31663263649861867;0,31663263649861867;2025-03-30;0,0
CL00044;2024-12-25;Cundinamarca;Soacha;33;F;4;Bachiller;Microempresario;2970000,0;2970000,0;normal;App orgánico;704,0;False;0;Android;2;0;2050000;1025000,0;0,22022358679616866;0,23110655758626847;2026-01-05;0,0
CL00045;2024-10-23;Cundinamarca;Soacha;21;No informa;2;Universitario;Microempresario;2570000,0;2570000,0;normal;Aliado comercial;497,0;True;1;Android;1;0;700000;700000,0;0,45556731769190145;0,45556731769190145;2024-11-13;0,0
CL00046;2025-01-21;Cundinamarca;Soacha;29;F;5;Técnico/Tecnólogo;Estudiante;2570000,0;2570000,0;normal;Referido;613,0;False;4;iOS;1;0;1850000;1850000,0;0,20689308573204057;0,20689308573204057;2025-07-23;0,0
CL00047;2025-08-08;Risaralda;Pereira;31;F;2;Sin información;Comerciante;1640000,0;1640000,0;normal;Campaña digital;569,0;False;0;Android;1;0;3250000;3250000,0;0,6170896100288703;0,6170896100288703;2025-10-26;0,0
CL00048;2025-01-03;Tolima;Ibagué;47;M;2;Universitario;Independiente;2570000,0;2570000,0;normal;App orgánico;554,0;False;1;iOS;1;0;1650000;1650000,0;0,2758832269751806;0,2758832269751806;2026-01-30;0,0
CL00050;2023-09-17;Bogotá D.C.;Bogotá;19;M;3;Bachiller;Pensionado;2300000,0;2300000,0;normal;App orgánico;523,0;False;1;Android;1;1;3750000;3750000,0;0,7502565378639087;0,7502565378639087;2025-05-11;1,0
CL00051;2024-08-07;Bogotá D.C.;Bogotá;39;M;3;Técnico/Tecnólogo;Comerciante;2730000,0;2730000,0;normal;Campaña digital;530,0;False;0;Android;1;1;7550000;7550000,0;0,7790895701602342;0,7790895701602342;2025-12-12;1,0
CL00052;2024-04-01;Santander;Bucaramanga;32;F;4;Técnico/Tecnólogo;Empleado;3840000,0;3840000,0;normal;App orgánico;606,0;False;3;iOS;1;1;3250000;3250000,0;0,42824550723030985;0,42824550723030985;2025-06-28;1,0
CL00054;2023-06-21;Valle del Cauca;Cali;42;M;1;Posgrado;Microempresario;2180000,0;2180000,0;normal;Referido;550,0;False;2;Android;1;1;1400000;1400000,0;0,5217995985685244;0,5217995985685244;2025-01-05;1,0
CL00056;2025-08-08;Santander;Bucaramanga;45;M;2;Bachiller;Empleado;2370000,0;2370000,0;normal;App orgánico;609,0;False;0;Android;2;0;3100000;1550000,0;0,3419294077512629;0,4110755221834984;2026-03-30;0,0
CL00057;2023-01-28;Bogotá D.C.;Bogotá;28;F;4;Técnico/Tecnólogo;Independiente;1990000,0;1990000,0;normal;Aliado comercial;512,0;True;1;Android;1;1;1100000;1100000,0;0,7673180740775203;0,7673180740775203;2024-11-12;1,0
CL00058;2023-10-13;Antioquia;Medellín;33;F;6;Técnico/Tecnólogo;Independiente;2480000,0;2480000,0;normal;Aliado comercial;667,0;False;0;Android;1;0;3300000;3300000,0;0,3747847496257693;0,3747847496257693;2024-05-02;0,0
CL00059;2025-06-08;Bolívar;Cartagena;39;M;3;Bachiller;Independiente;2190000,0;2190000,0;normal;Campaña digital;639,0;False;1;iOS;3;0;4750000;1583333,3333333333;0,27610381673679696;0,37674059767016066;2026-03-27;0,0
CL00060;2025-03-17;Cundinamarca;Soacha;46;F;3;Técnico/Tecnólogo;Independiente;3730000,0;3730000,0;normal;Referido;648,0;False;0;Android;1;0;3350000;3350000,0;0,18994006711745545;0,18994006711745545;2026-02-06;0,0
CL00061;2023-04-06;Bogotá D.C.;Bogotá;31;M;2;Técnico/Tecnólogo;Empleado;2230000,0;2230000,0;normal;Referido;607,0;False;0;Web;1;0;1150000;1150000,0;0,31446374916033487;0,31446374916033487;2024-03-09;0,0
CL00062;2025-04-09;Bogotá D.C.;Bogotá;34;F;4;Posgrado;Independiente;2410000,0;2410000,0;normal;App orgánico;625,0;True;0;iOS;1;0;700000;700000,0;0,3529840148692503;0,3529840148692503;2025-12-17;0,0
CL00063;2023-02-04;Bogotá D.C.;Bogotá;25;F;2;Sin información;Empleado;3090000,0;3090000,0;normal;Call center;487,0;False;3;iOS;1;1;2150000;2150000,0;0,6789069336874081;0,6789069336874081;2023-08-08;1,0
CL00064;2024-01-30;Valle del Cauca;Cali;24;M;4;Universitario;Independiente;2850000,0;2850000,0;normal;Call center;528,0;False;2;Android;1;1;7800000;7800000,0;0,7576450413660373;0,7576450413660373;2025-08-03;1,0
CL00065;2024-02-07;Bogotá D.C.;Bogotá;44;M;2;Bachiller;Empleado;6290000,0;6290000,0;normal;Campaña digital;732,0;True;3;Web;2;1;10700000;5350000,0;0,2878026695769451;0,40231556414690256;2026-03-20;0,5
CL00067;2024-12-27;Bogotá D.C.;Bogotá;35;F;2;Técnico/Tecnólogo;Microempresario;3970000,0;3970000,0;normal;Campaña digital;728,0;False;0;Android;2;0;5400000;2700000,0;0,30645102595578755;0,3227640188404173;2025-07-07;0,0
CL00068;2024-03-24;Antioquia;Medellín;46;M;5;Universitario;Empleado;4810000,0;4810000,0;normal;App orgánico;739,0;True;2;Android;1;0;3200000;3200000,0;0,15515582152841523;0,15515582152841523;2024-10-03;0,0
CL00069;2023-05-20;Antioquia;Medellín;40;M;2;Universitario;Estudiante;2050000,0;2050000,0;normal;Call center;500,0;False;1;Android;1;0;2900000;2900000,0;0,6352518148677815;0,6352518148677815;2024-05-11;0,0
CL00072;2025-07-22;Bolívar;Cartagena;51;F;2;Técnico/Tecnólogo;Microempresario;2350000,0;2350000,0;normal;Campaña digital;657,0;False;2;iOS;1;0;3350000;3350000,0;0,2587611756319923;0,2587611756319923;2025-08-31;0,0
CL00073;2023-08-27;Bogotá D.C.;Bogotá;36;M;1;Técnico/Tecnólogo;Independiente;2040000,0;2040000,0;normal;App orgánico;543,0;True;1;iOS;1;1;800000;800000,0;0,625814022776843;0,625814022776843;2026-01-07;1,0
CL00074;2025-09-05;Bogotá D.C.;Bogotá;52;F;3;Bachiller;Empleado;6110000,0;6110000,0;normal;Aliado comercial;758,0;False;0;Android;1;0;4300000;4300000,0;0,1386774348139706;0,1386774348139706;2025-06-24;0,0
CL00075;2025-01-26;Antioquia;Medellín;19;F;3;Universitario;Empleado;3520000,0;3520000,0;normal;Campaña digital;588,0;True;0;Android;1;0;1400000;1400000,0;0,22224254127315696;0,22224254127315696;2026-01-08;0,0
CL00076;2024-07-27;Bogotá D.C.;Bogotá;44;F;4;Universitario;Independiente;2370000,0;2370000,0;normal;Referido;592,0;True;2;Android;1;1;900000;900000,0;0,5895152489350817;0,5895152489350817;2024-10-22;1,0
CL00077;2026-01-13;Antioquia;Medellín;37;F;4;Bachiller;Microempresario;1940000,0;1940000,0;normal;Campaña digital;580,0;True;3;Android;2;1;1650000;825000,0;0,5840780556430922;0,6418921639381262;2025-08-25;0,5
CL00078;2025-04-27;Cundinamarca;Soacha;33;F;2;Técnico/Tecnólogo;Empleado;3200000,0;3200000,0;normal;Call center;622,0;True;3;Android;1;0;1850000;1850000,0;0,2915865818114751;0,2915865818114751;2025-11-06;0,0
CL00079;2023-12-29;Atlántico;Barranquilla;37;M;2;Técnico/Tecnólogo;Pensionado;2450000,0;2450000,0;normal;Campaña digital;501,0;True;1;Android;1;0;600000;600000,0;0,4696459065118979;0,4696459065118979;2025-08-17;0,0
CL00080;2025-09-21;Risaralda;Pereira;19;M;3;Universitario;Empleado;2050000,0;2050000,0;normal;Campaña digital;589,0;False;0;Android;1;0;7700000;7700000,0;0,40878456067112284;0,40878456067112284;2026-03-12;0,0
CL00081;2023-11-05;Bolívar;Cartagena;34;F;3;Universitario;Independiente;1850000,0;1850000,0;normal;App orgánico;588,0;False;0;iOS;1;0;1450000;1450000,0;0,5140630630651555;0,5140630630651555;2025-12-29;0,0
CL00082;2023-06-04;Bogotá D.C.;Bogotá;40;M;5;Sin información;Empleado;2960000,0;2960000,0;normal;Aliado comercial;594,0;False;2;Android;1;1;5550000;5550000,0;0,5491961855532425;0,5491961855532425;2023-06-24;1,0
CL00083;2025-08-01;Antioquia;Medellín;51;M;4;Bachiller;Empleado;2390000,0;2390000,0;normal;Call center;522,0;True;0;iOS;1;0;2350000;2350000,0;0,5739157298825807;0,5739157298825807;2025-12-01;0,0
CL00086;2025-12-22;Antioquia;Medellín;31;M;2;Bachiller;Empleado;2610000,0;2610000,0;normal;Campaña digital;425,0;False;2;iOS;1;0;4050000;4050000,0;0,5650718100605087;0,5650718100605087;2025-06-13;0,0
CL00088;2024-09-25;Tolima;Ibagué;39;F;1;Universitario;Independiente;1880000,0;1880000,0;normal;App orgánico;507,0;False;0;Android;1;0;1100000;1100000,0;0,606287828647418;0,606287828647418;2025-07-04;0,0
CL00089;2025-11-10;Antioquia;Medellín;31;M;3;Técnico/Tecnólogo;Desempleado;1100000,0;1100000,0;normal;Campaña digital;440,0;True;1;iOS;2;0;2650000;1325000,0;0,4811887761511046;0,4926296971886449;2026-03-03;0,0
CL00091;2025-08-09;Valle del Cauca;Cali;37;M;3;Bachiller;Conductor/Repartidor;1830000,0;1830000,0;normal;App orgánico;497,0;True;1;Android;1;0;1000000;1000000,0;0,3253028297368838;0,3253028297368838;2026-02-07;0,0
CL00092;2023-10-14;Bogotá D.C.;Bogotá;46;M;3;Técnico/Tecnólogo;Microempresario;5300000,0;5300000,0;normal;Referido;676,0;True;0;Android;1;0;6950000;6950000,0;0,27732436939894034;0,27732436939894034;2024-08-16;0,0
CL00093;2023-07-20;Bogotá D.C.;Bogotá;29;M;4;Técnico/Tecnólogo;Comerciante;4660000,0;4660000,0;normal;App orgánico;693,0;True;4;Android;3;0;12000000;4000000,0;0,3878606696284795;0,4950189971210728;2025-12-15;0,0
CL00094;2024-11-06;Bogotá D.C.;Bogotá;33;M;5;Universitario;Desempleado;1250000,0;1250000,0;normal;Call center;602,0;False;1;Android;1;0;450000;450000,0;0,4712677878495905;0,4712677878495905;2025-07-21;0,0
CL00095;2023-08-18;Antioquia;Medellín;32;F;4;Universitario;Comerciante;2570000,0;2570000,0;normal;Campaña digital;697,0;True;1;Android;2;1;6250000;3125000,0;0,4429372051224677;0,4503407823325376;2025-10-31;0,5
CL00096;2024-08-08;Antioquia;Medellín;21;F;4;Sin información;Empleado;4410000,0;4410000,0;normal;Campaña digital;630,0;False;0;Android;2;0;7800000;3900000,0;0,28703252183055844;0,4477148937590718;2026-01-27;0,0
CL00097;2023-09-29;Meta;Villavicencio;39;M;1;Universitario;Conductor/Repartidor;2100000,0;2100000,0;normal;App orgánico;505,0;False;0;Android;1;1;3350000;3350000,0;0,8262602492411851;0,8262602492411851;2024-10-01;1,0
CL00099;2024-08-12;Santander;Bucaramanga;36;M;3;Técnico/Tecnólogo;Conductor/Repartidor;3460000,0;3460000,0;normal;Campaña digital;612,0;False;0;Android;1;0;1000000;1000000,0;0,14701939677489248;0,14701939677489248;2026-01-16;0,0
CL00100;2023-03-12;Bogotá D.C.;Bogotá;34;M;4;Universitario;Microempresario;4340000,0;4340000,0;normal;Aliado comercial;665,0;False;2;Android;1;1;1000000;1000000,0;0,318395510779478;0,318395510779478;2024-03-01;1,0
CL00101;2024-02-11;Atlántico;Barranquilla;22;M;4;Sin información;Empleado;2710000,0;2710000,0;normal;Aliado comercial;576,0;True;0;iOS;1;0;1950000;1950000,0;0,25882153609081804;0,25882153609081804;2025-09-03;0,0
CL00102;2024-05-15;Cundinamarca;Soacha;32;F;3;Bachiller;Estudiante;1120000,0;1120000,0;normal;Aliado comercial;451,0;True;0;Android;1;0;550000;550000,0;0,5988672921544979;0,5988672921544979;2025-07-27;0,0
CL00103;2025-03-01;Bogotá D.C.;Bogotá;33;M;4;Técnico/Tecnólogo;Independiente;2980000,0;2980000,0;normal;Campaña digital;646,0;False;0;Android;1;1;1850000;1850000,0;0,29062796939035024;0,29062796939035024;2025-04-11;1,0
CL00104;2025-11-28;Antioquia;Medellín;28;M;2;Sin información;Empleado;2670000,0;2670000,0;normal;Campaña digital;585,0;False;0;Android;2;0;2500000;1250000,0;0,25085727465871704;0,3909054604435647;2026-03-21;0,0
CL00105;2025-07-17;Valle del Cauca;Cali;34;F;3;Técnico/Tecnólogo;Microempresario;2570000,0;2570000,0;normal;Campaña digital;674,0;False;2;iOS;1;0;4750000;4750000,0;0,3217639230137852;0,3217639230137852;2025-08-24;0,0
CL00106;2025-11-30;Caldas;Manizales;40;M;4;Universitario;Empleado;5320000,0;5320000,0;normal;App orgánico;756,0;True;1;Android;1;0;3150000;3150000,0;0,2004346645044982;0,2004346645044982;2025-09-25;0,0
CL00107;2024-11-08;Valle del Cauca;Cali;55;F;3;Universitario;Comerciante;2570000,0;2570000,0;normal;Aliado comercial;592,0;True;1;Android;1;0;1800000;1800000,0;0,5825683569920469;0,5825683569920469;2025-09-10;0,0
CL00108;2025-11-30;Atlántico;Barranquilla;38;M;2;Técnico/Tecnólogo;Comerciante;2570000,0;2570000,0;normal;Campaña digital;596,0;False;0;iOS;3;0;6800000;2266666,6666666665;0,512840811371772;0,6592371078923787;2026-02-08;0,0
CL00109;2024-05-30;Antioquia;Medellín;39;M;3;Técnico/Tecnólogo;Pensionado;2440000,0;2440000,0;normal;Call center;600,0;False;3;Android;2;1;1500000;750000,0;0,47783649264253236;0,4787091277877739;2025-05-15;0,5
CL00110;2025-01-19;Antioquia;Medellín;35;F;2;Universitario;Pensionado;2020000,0;2020000,0;normal;Referido;497,0;True;0;Android;1;0;1400000;1400000,0;0,7044634539595038;0,7044634539595038;2025-11-12;0,0
CL00111;2023-06-19;Caldas;Manizales;19;F;2;Universitario;Independiente;1580000,0;1580000,0;normal;Campaña digital;495,0;False;1;Android;1;1;900000;900000,0;0,8414245735801309;0,8414245735801309;2024-05-11;1,0
CL00113;2024-10-21;Bolívar;Cartagena;37;F;1;Bachiller;Empleado;4830000,0;4830000,0;normal;App orgánico;706,0;True;1;Android;1;0;2050000;2050000,0;0,24277877698384573;0,24277877698384573;2025-08-04;0,0
CL00114;2023-03-03;Bogotá D.C.;Bogotá;61;M;4;Bachiller;Empleado;5200000,0;5200000,0;normal;Call center;759,0;False;1;iOS;1;0;7800000;7800000,0;0,19976078607176173;0,19976078607176173;2023-07-09;0,0
CL00115;2025-05-11;Antioquia;Medellín;34;M;5;Bachiller;Microempresario;2860000,0;2860000,0;normal;Aliado comercial;586,0;False;0;iOS;1;1;7950000;7950000,0;0,6433858966857533;0,6433858966857533;2025-06-25;1,0
CL00116;2023-07-31;Cundinamarca;Soacha;39;M;2;Bachiller;Independiente;2630000,0;2630000,0;normal;App orgánico;588,0;False;1;Android;1;0;1450000;1450000,0;0,34812252935020854;0,34812252935020854;2024-11-29;0,0
CL00117;2025-01-22;Antioquia;Medellín;36;F;3;Universitario;Empleado;2900000,0;2900000,0;normal;Aliado comercial;655,0;False;1;iOS;1;0;2150000;2150000,0;0,3103055259670385;0,3103055259670385;2025-06-26;0,0
CL00119;2023-08-15;Bogotá D.C.;Bogotá;47;F;4;Técnico/Tecnólogo;Comerciante;1930000,0;1930000,0;normal;App orgánico;613,0;True;0;Android;1;1;2700000;2700000,0;0,57211740374296;0,57211740374296;2025-06-12;1,0
CL00120;2025-09-21;Antioquia;Medellín;44;F;5;Técnico/Tecnólogo;Microempresario;2570000,0;2570000,0;normal;App orgánico;733,0;True;1;Android;1;0;4200000;4200000,0;0,22255357106795376;0,22255357106795376;2026-03-10;0,0
CL00121;2025-04-30;Bogotá D.C.;Bogotá;44;M;1;Posgrado;Empleado;890000,0;890000,0;normal;App orgánico;596,0;True;0;Android;1;1;1250000;1250000,0;0,5892174049145997;0,5892174049145997;2025-09-03;1,0
CL00123;2024-05-25;Bogotá D.C.;Bogotá;50;M;2;Bachiller;Empleado;4620000,0;4620000,0;normal;App orgánico;711,0;False;0;Android;2;0;8350000;4175000,0;0,25499509602221687;0,29672887194710923;2025-08-14;0,0
CL00125;2024-02-22;Caldas;Manizales;42;F;4;Técnico/Tecnólogo;Empleado;5500000,0;5500000,0;normal;App orgánico;678,0;True;4;iOS;1;0;2250000;2250000,0;0,2018908412260576;0,2018908412260576;2025-07-17;0,0
CL00126;2024-08-11;Antioquia;Medellín;58;M;2;Universitario;Independiente;2310000,0;2310000,0;normal;Call center;603,0;True;2;Android;1;1;750000;750000,0;0,508661187825351;0,508661187825351;2025-08-03;1,0
CL00127;2023-07-17;Bogotá D.C.;Bogotá;26;M;2;Sin información;Independiente;3180000,0;3180000,0;normal;Referido;523,0;True;2;Android;2;1;2750000;1375000,0;0,5114943386777551;0,7052341197985994;2025-01-14;0,5
CL00128;2023-02-12;Atlántico;Barranquilla;30;F;4;Universitario;Empleado;3530000,0;3530000,0;normal;Referido;630,0;False;1;Android;1;0;1150000;1150000,0;0,2654261117865588;0,2654261117865588;2024-07-03;0,0
CL00130;2023-02-27;Bogotá D.C.;Bogotá;31;M;1;Bachiller;Comerciante;1530000,0;1530000,0;normal;App orgánico;492,0;False;1;iOS;1;0;600000;600000,0;0,6546302087634795;0,6546302087634795;2024-07-22;0,0
CL00131;2023-02-20;Atlántico;Barranquilla;20;F;3;Bachiller;Microempresario;2530000,0;2530000,0;normal;App orgánico;522,0;True;0;Android;1;1;1150000;1150000,0;0,6205766599360096;0,6205766599360096;2024-12-21;1,0
CL00133;2023-01-24;Cundinamarca;Soacha;25;F;2;Técnico/Tecnólogo;Empleado;2000000,0;2000000,0;normal;Campaña digital;476,0;False;3;Web;1;1;700000;700000,0;0,5854990453772144;0,5854990453772144;2024-05-09;1,0
CL00134;2023-05-07;Bogotá D.C.;Bogotá;41;F;3;Bachiller;Empleado;2740000,0;2740000,0;normal;App orgánico;605,0;False;1;Android;1;0;2800000;2800000,0;0,2379182291773351;0,2379182291773351;2025-03-05;0,0
CL00135;2025-07-26;Tolima;Ibagué;27;M;3;Bachiller;Empleado;3720000,0;3720000,0;normal;App orgánico;632,0;True;0;Android;1;0;2250000;2250000,0;0,22012099610272695;0,22012099610272695;2026-01-01;0,0
CL00137;2025-07-22;Risaralda;Pereira;28;F;2;Universitario;Estudiante;1210000,0;1210000,0;normal;Campaña digital;491,0;True;2;iOS;1;0;2000000;2000000,0;0,4865438545329663;0,4865438545329663;2026-02-04;0,0
CL00138;2025-08-01;Bogotá D.C.;Bogotá;33;M;2;Posgrado;Empleado;2960000,0;2960000,0;normal;Aliado comercial;601,0;True;2;Web;1;0;1600000;1600000,0;0,22867373513826944;0,22867373513826944;2025-12-31;0,0
CL00139;2023-08-11;Antioquia;Medellín;44;F;3;Universitario;Empleado;2420000,0;2420000,0;normal;Aliado comercial;565,0;True;4;Android;1;1;2250000;2250000,0;0,6884038983027776;0,6884038983027776;2023-09-06;1,0
CL00140;2023-07-31;Bogotá D.C.;Bogotá;24;No informa;4;Universitario;Pensionado;3460000,0;3460000,0;normal;App orgánico;577,0;False;2;Android;2;0;4400000;2200000,0;0,35707351902554907;0,45921891025294165;2024-04-21;0,0
CL00141;2023-10-01;Bogotá D.C.;Bogotá;38;M;3;Universitario;Conductor/Repartidor;2030000,0;2030000,0;normal;Referido;598,0;False;0;Android;1;1;2000000;2000000,0;0,6148090705315395;0,6148090705315395;2025-08-27;1,0
CL00142;2024-12-02;Cundinamarca;Soacha;49;F;3;Técnico/Tecnólogo;Microempresario;5560000,0;5560000,0;normal;App orgánico;781,0;False;0;Android;2;0;13500000;6750000,0;0,1215985211323115;0,14791569321120893;2025-10-04;0,0
CL00144;2024-09-06;Caldas;Manizales;38;F;2;Bachiller;Empleado;2980000,0;2980000,0;normal;App orgánico;481,0;False;0;Android;1;0;550000;550000,0;0,3626387588939013;0,3626387588939013;2026-01-16;0,0
CL00145;2023-12-26;Bogotá D.C.;Bogotá;39;M;3;Posgrado;Comerciante;1640000,0;1640000,0;normal;Aliado comercial;465,0;False;0;Android;1;1;1350000;1350000,0;0,8288665112159574;0,8288665112159574;2024-04-20;1,0
CL00146;2023-10-25;Bolívar;Cartagena;44;F;2;Bachiller;Independiente;2880000,0;2880000,0;normal;Referido;589,0;True;0;iOS;2;2;1700000;850000,0;0,6272786762523215;0,6309695090934561;2024-07-13;1,0
CL00148;2023-03-16;Bolívar;Cartagena;23;F;1;Universitario;Empleado;2180000,0;2180000,0;normal;Campaña digital;502,0;False;3;iOS;1;1;1500000;1500000,0;0,6404453306513616;0,6404453306513616;2025-04-25;1,0
CL00149;2024-06-18;Bogotá D.C.;Bogotá;41;F;3;Técnico/Tecnólogo;Microempresario;3620000,0;3620000,0;normal;Call center;660,0;False;0;iOS;1;0;1850000;1850000,0;0,2853152005157695;0,2853152005157695;2026-01-08;0,0
CL00150;2025-10-30;Cundinamarca;Soacha;39;F;5;Bachiller;Empleado;4200000,0;4200000,0;normal;App orgánico;634,0;False;1;Web;1;0;3700000;3700000,0;0,30429007379895434;0,30429007379895434;2025-07-16;0,0
CL00151;2024-12-19;Valle del Cauca;Cali;39;M;1;Posgrado;Empleado;1560000,0;1560000,0;normal;Aliado comercial;477,0;False;0;Android;1;0;3250000;3250000,0;0,5516116290492608;0,5516116290492608;2026-01-05;0,0
CL00152;2025-07-26;Norte de Santander;Cúcuta;39;F;4;Universitario;Empleado;2710000,0;2710000,0;normal;App orgánico;632,0;False;1;Android;2;0;1450000;725000,0;0,2485797627332786;0,2784639113071318;2026-01-23;0,0
CL00153;2023-10-30;Risaralda;Pereira;29;M;4;Universitario;Pensionado;1990000,0;1990000,0;normal;Referido;526,0;False;2;Android;2;1;1750000;875000,0;0,5406637399426997;0,649109584155112;2025-10-18;0,5
CL00154;2024-09-07;Valle del Cauca;Cali;38;F;3;Universitario;Microempresario;2560000,0;2560000,0;normal;App orgánico;626,0;True;4;Android;2;0;2450000;1225000,0;0,29307589784027266;0,3266261251150193;2025-08-09;0,0
CL00155;2025-07-20;Meta;Villavicencio;39;M;1;Técnico/Tecnólogo;Empleado;1970000,0;1970000,0;normal;Aliado comercial;484,0;False;2;Android;2;0;4700000;2350000,0;0,425544332829202;0,6039577679365739;2025-12-05;0,0
CL00156;2024-05-14;Antioquia;Medellín;29;F;2;Técnico/Tecnólogo;Comerciante;3770000,0;3770000,0;normal;Campaña digital;625,0;False;0;Android;1;0;2350000;2350000,0;0,3554515398549177;0,3554515398549177;2026-02-15;0,0
CL00158;2024-10-31;Bogotá D.C.;Bogotá;41;M;4;Posgrado;Empleado;5650000,0;5650000,0;normal;Campaña digital;668,0;True;0;Android;1;1;11500000;11500000,0;0,5285509905376858;0,5285509905376858;2025-06-21;1,0
CL00159;2023-10-08;Bogotá D.C.;Bogotá;24;M;1;Bachiller;Empleado;1560000,0;1560000,0;normal;Call center;506,0;True;2;Android;1;0;400000;400000,0;0,37992030364951607;0,37992030364951607;2023-11-16;0,0
CL00161;2025-05-19;Atlántico;Barranquilla;26;M;2;Sin información;Empleado;1600000,0;1600000,0;normal;Referido;531,0;False;4;Android;1;0;1400000;1400000,0;0,48544967496453334;0,48544967496453334;2025-11-12;0,0
CL00163;2024-10-14;Bolívar;Cartagena;48;F;4;Universitario;Microempresario;3410000,0;3410000,0;normal;Referido;660,0;False;1;Android;1;0;4900000;4900000,0;0,300321823401903;0,300321823401903;2025-11-04;0,0
CL00164;2023-06-03;Valle del Cauca;Cali;28;M;2;Universitario;Empleado;2600000,0;2600000,0;normal;Call center;659,0;False;1;iOS;1;0;1950000;1950000,0;0,21995457244688765;0,21995457244688765;2025-07-13;0,0
CL00165;2023-05-01;Valle del Cauca;Cali;46;F;3;Bachiller;Comerciante;3050000,0;3050000,0;normal;Referido;738,0;False;1;Android;2;0;3650000;1825000,0;0,13333872915672584;0,15622909567880067;2024-12-01;0,0
CL00166;2025-11-04;Bogotá D.C.;Bogotá;40;M;3;Técnico/Tecnólogo;Conductor/Repartidor;3140000,0;3140000,0;normal;Campaña digital;622,0;True;3;Android;1;0;1400000;1400000,0;0,326066277673769;0,326066277673769;2026-02-17;0,0
CL00167;2023-03-15;Cundinamarca;Soacha;44;F;2;Posgrado;Comerciante;2720000,0;2720000,0;normal;App orgánico;517,0;False;3;Android;2;1;2800000;1400000,0;0,5744184466837856;0,7035548844818239;2024-09-01;0,5
CL00168;2023-10-04;Cundinamarca;Soacha;55;F;4;Técnico/Tecnólogo;Conductor/Repartidor;2770000,0;2770000,0;normal;Aliado comercial;512,0;False;1;Web;1;0;1400000;1400000,0;0,5863298577259175;0,5863298577259175;2024-04-25;0,0
CL00169;2023-06-03;Santander;Bucaramanga;34;F;1;Técnico/Tecnólogo;Empleado;3580000,0;3580000,0;normal;Campaña digital;601,0;False;0;Android;1;0;550000;550000,0;0,08647281301231392;0,08647281301231392;2025-01-24;0,0
CL00170;2023-12-09;Norte de Santander;Cúcuta;28;F;1;Universitario;Comerciante;2370000,0;2370000,0;normal;Campaña digital;498,0;False;1;Android;1;0;3100000;3100000,0;0,7857824918761829;0,7857824918761829;2024-10-14;0,0
CL00172;2025-01-08;Bolívar;Cartagena;28;F;3;Universitario;Empleado;3880000,0;3880000,0;normal;App orgánico;616,0;True;2;Android;1;0;1650000;1650000,0;0,20946653215267574;0,20946653215267574;2025-10-24;0,0
CL00173;2023-10-19;Atlántico;Barranquilla;35;F;3;Posgrado;Empleado;2410000,0;2410000,0;normal;App orgánico;585,0;True;2;Android;2;0;3250000;1625000,0;0,4508803804353106;0,5502680455603234;2025-03-25;0,0
CL00174;2024-06-24;Valle del Cauca;Cali;39;M;2;Sin información;Microempresario;1600000,0;1600000,0;normal;App orgánico;487,0;True;1;Android;1;0;650000;650000,0;0,5472802159596853;0,5472802159596853;2024-09-03;0,0
CL00175;2025-03-18;Atlántico;Barranquilla;39;F;2;Universitario;Comerciante;1970000,0;1970000,0;normal;Call center;539,0;False;3;Android;1;0;1350000;1350000,0;0,393376871932369;0,393376871932369;2026-01-15;0,0
CL00176;2023-10-11;Valle del Cauca;Cali;44;F;3;Técnico/Tecnólogo;Microempresario;2630000,0;2630000,0;normal;App orgánico;580,0;True;1;Android;1;0;1350000;1350000,0;0,45449879386778924;0,45449879386778924;2025-05-19;0,0
CL00178;2023-11-30;Cundinamarca;Soacha;51;M;1;Universitario;Empleado;2970000,0;2970000,0;normal;Aliado comercial;638,0;False;0;Android;1;0;1300000;1300000,0;0,19315263710878902;0,19315263710878902;2024-09-05;0,0
CL00180;2025-05-11;Antioquia;Medellín;63;F;2;Técnico/Tecnólogo;Microempresario;2970000,0;2970000,0;normal;App orgánico;665,0;True;1;iOS;1;0;2350000;2350000,0;0,23578798971980927;0,23578798971980927;2025-10-26;0,0
CL00181;2025-07-08;Bogotá D.C.;Bogotá;42;M;5;Bachiller;Independiente;4850000,0;4850000,0;normal;Referido;691,0;False;2;Android;1;0;4400000;4400000,0;0,4114521534163771;0,4114521534163771;2025-11-28;0,0
CL00182;2024-03-14;Bogotá D.C.;Bogotá;27;F;3;Técnico/Tecnólogo;Empleado;3880000,0;3880000,0;normal;App orgánico;594,0;True;4;iOS;1;1;7650000;7650000,0;0,7627551698498007;0,7627551698498007;2024-10-29;1,0
CL00183;2024-06-27;Bolívar;Cartagena;25;M;2;Universitario;Desempleado;610000,0;610000,0;normal;Campaña digital;526,0;False;0;Android;3;1;1700000;566666,6666666666;0,5375359495513594;0,5606009150894029;2025-11-11;0,3333333333333333
CL00184;2023-09-10;Bogotá D.C.;Bogotá;41;F;2;Técnico/Tecnólogo;Empleado;1990000,0;1990000,0;normal;App orgánico;493,0;False;3;Android;1;0;650000;650000,0;0,7062208408297197;0,7062208408297197;2024-05-09;0,0
CL00185;2025-06-20;Antioquia;Medellín;34;F;1;Universitario;Microempresario;3260000,0;3260000,0;normal;Campaña digital;493,0;True;1;Web;1;0;2400000;2400000,0;0,47959508728775263;0,47959508728775263;2026-01-11;0,0
CL00186;2023-07-25;Valle del Cauca;Cali;43;F;3;Sin información;Microempresario;4410000,0;4410000,0;normal;App orgánico;555,0;False;2;Android;2;1;5950000;2975000,0;0,5259259095875106;0,5580606926400009;2025-01-26;0,5
CL00188;2024-11-27;Valle del Cauca;Cali;35;F;3;Universitario;Microempresario;2430000,0;2430000,0;normal;Referido;615,0;True;0;Android;1;0;1450000;1450000,0;0,3714293403988877;0,3714293403988877;2025-02-25;0,0
CL00189;2024-03-01;Bogotá D.C.;Bogotá;28;M;2;Bachiller;Independiente;2130000,0;2130000,0;normal;Call center;507,0;False;2;Android;1;1;900000;900000,0;0,5505330277739833;0,5505330277739833;2024-03-24;1,0
CL00190;2025-08-27;Risaralda;Pereira;21;M;3;Bachiller;Empleado;1990000,0;1990000,0;normal;Aliado comercial;659,0;False;1;Android;2;1;5250000;2625000,0;0,48795919985383185;0,48869829920886454;2025-09-21;0,5
CL00191;2025-10-21;Bogotá D.C.;Bogotá;32;M;4;Sin información;Independiente;2570000,0;2570000,0;normal;Campaña digital;691,0;False;0;Web;1;0;3350000;3350000,0;0,4949775050426939;0,4949775050426939;2025-11-06;0,0
CL00192;2024-01-07;Atlántico;Barranquilla;45;F;2;Universitario;Empleado;2810000,0;2810000,0;normal;Referido;571,0;True;0;Android;1;1;700000;700000,0;0,49693414729569013;0,49693414729569013;2024-06-18;1,0
CL00193;2025-07-04;Antioquia;Medellín;38;F;5;Universitario;Desempleado;1330000,0;1330000,0;normal;Call center;450,0;True;0;Web;1;1;3250000;3250000,0;0,8276389769248763;0,8276389769248763;2025-11-07;1,0
CL00194;2023-10-07;Risaralda;Pereira;24;No informa;3;Bachiller;Empleado;4620000,0;4620000,0;normal;Campaña digital;692,0;False;1;Android;2;0;15500000;7750000,0;0,2791426148194195;0,3637028005929739;2025-12-13;0,0
CL00195;2026-01-07;Bogotá D.C.;Bogotá;38;F;4;Bachiller;Empleado;3490000,0;3490000,0;normal;Campaña digital;643,0;True;3;iOS;1;0;6950000;6950000,0;0,6187201740694191;0,6187201740694191;2025-06-07;0,0
CL00196;2023-11-18;Bogotá D.C.;Bogotá;40;F;1;Universitario;Empleado;2410000,0;2410000,0;normal;App orgánico;450,0;True;1;Android;1;1;1650000;1650000,0;0,5421854044454701;0,5421854044454701;2024-08-04;1,0
CL00197;2023-05-08;Bogotá D.C.;Bogotá;27;F;3;Técnico/Tecnólogo;Empleado;4420000,0;4420000,0;normal;Call center;716,0;False;1;Android;1;0;2150000;2150000,0;0,1417539759937659;0,1417539759937659;2024-02-28;0,0
CL00198;2023-03-30;Antioquia;Medellín;38;M;2;Técnico/Tecnólogo;Microempresario;2400000,0;2400000,0;normal;Aliado comercial;511,0;True;0;Android;1;0;800000;800000,0;0,21936751951079742;0,21936751951079742;2024-03-30;0,0
CL00199;2025-09-03;Bolívar;Cartagena;37;M;1;Universitario;Empleado;1300000,0;1300000,0;normal;App orgánico;588,0;False;1;iOS;1;0;1650000;1650000,0;0,4109939370181917;0,4109939370181917;2026-03-19;0,0
CL00200;2024-09-05;Atlántico;Barranquilla;25;M;2;Bachiller;Desempleado;1010000,0;1010000,0;normal;Campaña digital;518,0;False;0;Android;3;0;1500000;500000,0;0,610565563502997;0,7158842712247732;2025-12-19;0,0
CL00202;2025-08-22;Bolívar;Cartagena;42;M;4;Universitario;Empleado;2410000,0;2410000,0;normal;App orgánico;624,0;True;0;Android;1;0;5000000;5000000,0;0,43686431618648514;0,43686431618648514;2025-11-24;0,0
CL00203;2023-12-13;Antioquia;Medellín;47;F;4;Técnico/Tecnólogo;Empleado;2950000,0;2950000,0;normal;Referido;613,0;False;2;Android;1;0;1400000;1400000,0;0,30022475173736773;0,30022475173736773;2025-04-12;0,0
CL00204;2023-05-27;Cundinamarca;Soacha;47;F;6;Universitario;Microempresario;7690000,0;7082400,000000003;outlier_real;Campaña digital;850,0;True;1;Android;1;0;23300000;23300000,0;0,2422972439250963;0,2422972439250963;2025-03-27;0,0
CL00205;2023-10-05;Norte de Santander;Cúcuta;22;F;3;Sin información;Comerciante;2310000,0;2310000,0;normal;App orgánico;557,0;False;0;Android;2;0;3450000;1725000,0;0,6128974368377726;0,6591667913854562;2024-08-26;0,0
CL00206;2023-01-23;Bogotá D.C.;Bogotá;27;F;4;Posgrado;Pensionado;2010000,0;2010000,0;normal;Campaña digital;590,0;False;0;Android;1;0;950000;950000,0;0,49400970139648026;0,49400970139648026;2023-06-10;0,0
CL00207;2025-01-13;Santander;Bucaramanga;41;M;3;Técnico/Tecnólogo;Independiente;2630000,0;2630000,0;normal;App orgánico;582,0;True;1;Web;2;0;7850000;3925000,0;0,4971133703955502;0,5388786470445369;2025-09-23;0,0
CL00208;2024-03-11;Bogotá D.C.;Bogotá;41;F;1;Sin información;Empleado;2330000,0;2330000,0;normal;Referido;622,0;True;2;Android;1;1;3500000;3500000,0;0,4489231192295611;0,4489231192295611;2026-01-03;1,0
CL00209;2024-07-20;Bogotá D.C.;Bogotá;41;F;2;Universitario;Empleado;2350000,0;2350000,0;normal;Call center;549,0;False;1;Android;1;1;5000000;5000000,0;0,6595048225458544;0,6595048225458544;2024-08-23;1,0
CL00210;2025-12-23;Cundinamarca;Soacha;68;M;3;Bachiller;Empleado;5240000,0;5240000,0;normal;Campaña digital;736,0;False;3;Web;2;0;13100000;6550000,0;0,134859006589918;0,14759798870474003;2026-01-25;0,0
CL00211;2024-03-21;Bogotá D.C.;Bogotá;42;F;3;Universitario;Empleado;3190000,0;3190000,0;normal;Campaña digital;688,0;False;0;Android;1;0;1550000;1550000,0;0,3363805094450178;0,3363805094450178;2025-11-10;0,0
CL00212;2025-07-16;Santander;Bucaramanga;47;M;1;Bachiller;Independiente;1260000,0;1260000,0;normal;Referido;392,0;False;1;iOS;2;1;1400000;700000,0;0,5791418112139343;0,8109650505402614;2026-02-16;0,5
CL00214;2025-01-28;Norte de Santander;Cúcuta;43;M;3;Posgrado;Independiente;2750000,0;2750000,0;normal;App orgánico;577,0;False;0;Android;2;1;4600000;2300000,0;0,5378141571902196;0,6177957025608556;2025-08-25;0,5
CL00215;2024-05-26;Cundinamarca;Soacha;33;M;1;Bachiller;Conductor/Repartidor;1530000,0;1530000,0;normal;Campaña digital;543,0;False;0;Android;2;0;1050000;525000,0;0,3427099784630079;0,4051248507150029;2026-02-06;0,0
CL00216;2024-11-15;Antioquia;Medellín;44;M;2;Universitario;Pensionado;1920000,0;1920000,0;normal;Referido;505,0;False;1;Android;1;1;800000;800000,0;0,6342027687450037;0,6342027687450037;2025-08-13;1,0
CL00217;2023-02-20;Bolívar;Cartagena;28;F;3;Bachiller;Comerciante;3900000,0;3900000,0;normal;App orgánico;683,0;False;3;Web;2;1;10350000;5175000,0;0,45763097804802333;0,4647779752157727;2024-02-24;0,5
CL00218;2024-07-05;Valle del Cauca;Cali;34;M;2;Universitario;Empleado;1520000,0;1520000,0;normal;Aliado comercial;595,0;True;2;iOS;1;0;250000;250000,0;0,5037954934480732;0,5037954934480732;2024-10-05;0,0
CL00219;2023-10-21;Antioquia;Medellín;31;F;3;Bachiller;Empleado;3920000,0;3920000,0;normal;Campaña digital;600,0;False;0;Android;1;1;5300000;5300000,0;0,5808034401761603;0,5808034401761603;2023-11-06;1,0
CL00220;2023-07-24;Caldas;Manizales;37;M;2;Técnico/Tecnólogo;Empleado;2030000,0;2030000,0;normal;Aliado comercial;611,0;False;3;Web;1;0;1550000;1550000,0;0,3616560100728989;0,3616560100728989;2024-01-20;0,0
CL00221;2025-03-12;Caldas;Manizales;59;F;2;Bachiller;Empleado;3660000,0;3660000,0;normal;Aliado comercial;551,0;True;3;Android;2;0;5150000;2575000,0;0,29250826381103967;0,36253612420529924;2026-02-02;0,0
CL00222;2023-04-02;Bogotá D.C.;Bogotá;19;F;3;Bachiller;Desempleado;830000,0;830000,0;normal;Aliado comercial;487,0;False;1;Android;1;1;650000;650000,0;0,8610878395750494;0,8610878395750494;2023-11-04;1,0
CL00223;2025-07-24;Risaralda;Pereira;43;M;1;Bachiller;Empleado;1520000,0;1520000,0;normal;App orgánico;571,0;True;0;Android;1;0;1050000;1050000,0;0,5475640513154774;0,5475640513154774;2025-11-19;0,0
CL00224;2024-03-21;Santander;Bucaramanga;20;F;3;Técnico/Tecnólogo;Conductor/Repartidor;3230000,0;3230000,0;normal;Referido;541,0;True;0;Android;2;1;8000000;4000000,0;0,7134595825899537;0,7407532465125909;2025-08-06;0,5
CL00225;2025-06-24;Caldas;Manizales;31;M;2;Universitario;Conductor/Repartidor;1850000,0;1850000,0;normal;Referido;511,0;False;0;Android;1;0;2050000;2050000,0;0,47051399388026566;0,47051399388026566;2026-02-01;0,0
CL00226;2023-07-07;Risaralda;Pereira;47;F;5;Posgrado;Pensionado;2920000,0;2920000,0;normal;App orgánico;650,0;True;0;Android;2;0;7250000;3625000,0;0,22921665079855907;0,2365552632608629;2025-11-28;0,0
CL00227;2024-02-01;Bolívar;Cartagena;37;M;2;Sin información;Empleado;1900000,0;1900000,0;normal;Aliado comercial;581,0;True;0;Android;1;0;2400000;2400000,0;0,28961052249918434;0,28961052249918434;2025-02-04;0,0
CL00228;2023-02-10;Bogotá D.C.;Bogotá;25;M;6;Técnico/Tecnólogo;Microempresario;4060000,0;4060000,0;normal;Aliado comercial;637,0;True;4;Web;1;0;2250000;2250000,0;0,19278283930768345;0,19278283930768345;2024-09-12;0,0
CL00229;2025-05-13;Bolívar;Cartagena;29;F;2;Técnico/Tecnólogo;Independiente;1740000,0;1740000,0;normal;Call center;565,0;False;1;Android;2;1;6500000;3250000,0;0,45417521108289144;0,5382212151252461;2026-01-25;0,5
CL00230;2025-12-21;Bogotá D.C.;Bogotá;43;M;1;Sin información;Empleado;2610000,0;2610000,0;normal;Campaña digital;527,0;False;1;iOS;2;0;4650000;2325000,0;0,5196387866846409;0,6421739201048173;2026-01-30;0,0
CL00231;2023-08-19;Caldas;Manizales;29;M;4;Sin información;Empleado;2450000,0;2450000,0;normal;Referido;601,0;False;1;iOS;2;1;4150000;2075000,0;0,42867705292802577;0,5004754119861184;2024-11-26;0,5
CL00232;2024-04-03;Norte de Santander;Cúcuta;38;F;3;Bachiller;Microempresario;4080000,0;4080000,0;normal;App orgánico;642,0;False;0;Android;2;0;10650000;5325000,0;0,355366634559489;0,4769202285491571;2025-01-29;0,0
CL00233;2023-10-01;Bogotá D.C.;Bogotá;36;M;4;Bachiller;Comerciante;4600000,0;4600000,0;normal;App orgánico;743,0;True;1;Android;1;0;3450000;3450000,0;0,5051895103216806;0,5051895103216806;2024-01-26;0,0
CL00234;2023-01-21;Bogotá D.C.;Bogotá;29;F;4;Universitario;Conductor/Repartidor;1750000,0;1750000,0;normal;Aliado comercial;509,0;False;0;iOS;3;1;6000000;2000000,0;0,7202805026569994;0,7552123916865623;2025-05-24;0,3333333333333333
CL00235;2023-12-30;Valle del Cauca;Cali;57;M;3;Sin información;Empleado;3220000,0;3220000,0;normal;Aliado comercial;763,0;False;2;Android;1;0;2400000;2400000,0;0,27150946317701674;0,27150946317701674;2025-05-10;0,0
CL00236;2023-12-09;Atlántico;Barranquilla;42;F;2;Sin información;Empleado;3440000,0;3440000,0;normal;Campaña digital;593,0;False;1;Android;2;0;2250000;1125000,0;0,38623678651410887;0,39269292507534953;2024-10-15;0,0
CL00237;2023-08-07;Atlántico;Barranquilla;19;M;4;Sin información;Independiente;2380000,0;2380000,0;normal;Call center;544,0;True;1;Android;1;1;1900000;1900000,0;0,7304371592082953;0,7304371592082953;2024-07-05;1,0
CL00238;2024-04-10;Santander;Bucaramanga;38;F;3;Técnico/Tecnólogo;Empleado;3720000,0;3720000,0;normal;Call center;583,0;True;1;Android;1;0;5450000;5450000,0;0,512047520167483;0,512047520167483;2025-06-23;0,0
CL00239;2025-12-23;Antioquia;Medellín;29;F;6;Bachiller;Empleado;7480000,0;7082400,000000003;outlier_real;Referido;766,0;True;0;iOS;2;0;16900000;8450000,0;0,14559962847698318;0,15375592218604678;2026-03-20;0,0
CL00241;2024-07-14;Bogotá D.C.;Bogotá;28;F;4;Posgrado;Empleado;3670000,0;3670000,0;normal;Aliado comercial;577,0;True;3;iOS;2;0;6250000;3125000,0;0,42216373314516586;0,5288141290885641;2025-04-11;0,0
CL00243;2024-02-29;Santander;Bucaramanga;41;M;1;Técnico/Tecnólogo;Empleado;1260000,0;1260000,0;normal;Campaña digital;587,0;True;2;Android;1;1;450000;450000,0;0,5679489532932874;0,5679489532932874;2025-09-07;1,0
CL00244;2023-07-21;Bogotá D.C.;Bogotá;45;M;4;Bachiller;Empleado;-1,0;-1,0;normal;Call center;732,0;False;0;Android;1;1;1500000;1500000,0;0,4284076186615027;0,4284076186615027;2025-01-21;1,0
CL00245;2025-06-19;Bogotá D.C.;Bogotá;24;M;3;Técnico/Tecnólogo;Empleado;3920000,0;3920000,0;normal;App orgánico;645,0;False;3;iOS;3;0;8000000;2666666,6666666665;0,2534448403605624;0,3133040096593522;2026-01-15;0,0
CL00246;2024-10-07;Tolima;Ibagué;33;F;1;Universitario;Conductor/Repartidor;1190000,0;1190000,0;normal;Referido;460,0;False;0;Android;2;0;1450000;725000,0;0,4059560763017187;0,5235760614468257;2026-03-27;0,0
CL00249;2025-03-01;Valle del Cauca;Cali;54;M;5;Técnico/Tecnólogo;Comerciante;4280000,0;4280000,0;normal;Referido;727,0;True;0;Web;2;0;12950000;6475000,0;0,35174354248981776;0,36794225159310173;2025-10-19;0,0
CL00250;2023-04-09;Risaralda;Pereira;40;F;3;Bachiller;Empleado;3970000,0;3970000,0;normal;App orgánico;597,0;False;0;Android;1;0;4100000;4100000,0;0,5003255146435575;0,5003255146435575;2024-05-27;0,0
CL00252;2024-04-27;Bogotá D.C.;Bogotá;45;F;2;Bachiller;Microempresario;2770000,0;2770000,0;normal;App orgánico;652,0;True;1;Android;2;0;2800000;1400000,0;0,24097738248288736;0,2573610484525227;2025-08-08;0,0
CL00253;2025-02-17;Bogotá D.C.;Bogotá;57;F;5;Sin información;Pensionado;3540000,0;3540000,0;normal;Campaña digital;684,0;False;0;iOS;1;0;1750000;1750000,0;0,21564242110722526;0,21564242110722526;2025-06-01;0,0
CL00254;2023-04-28;Bogotá D.C.;Bogotá;46;M;2;Técnico/Tecnólogo;Empleado;2810000,0;2810000,0;normal;App orgánico;613,0;True;1;iOS;1;0;2850000;2850000,0;0,44795764223602896;0,44795764223602896;2024-06-17;0,0
CL00255;2025-11-23;Bogotá D.C.;Bogotá;21;M;3;Técnico/Tecnólogo;Empleado;5130000,0;5130000,0;normal;Referido;711,0;True;3;iOS;1;0;4500000;4500000,0;0,34788034868584816;0,34788034868584816;2025-08-24;0,0
CL00256;2023-07-01;Bogotá D.C.;Bogotá;31;F;2;Bachiller;Empleado;1920000,0;1920000,0;normal;App orgánico;579,0;False;2;Android;1;0;2750000;2750000,0;0,5830289235424033;0,5830289235424033;2023-08-14;0,0
CL00258;2024-05-19;Bogotá D.C.;Bogotá;29;M;3;Técnico/Tecnólogo;Microempresario;9000000,0;7082400,000000003;error_captura;Campaña digital;850,0;False;1;Android;2;0;21150000;10575000,0;0,19383249304062722;0,22616922007239343;2025-10-16;0,0
CL00259;2023-09-24;Bogotá D.C.;Bogotá;40;F;4;Bachiller;Microempresario;3190000,0;3190000,0;normal;App orgánico;622,0;False;0;Android;1;0;4500000;4500000,0;0,3750692015203472;0,3750692015203472;2026-03-08;0,0
CL00261;2025-11-19;Norte de Santander;Cúcuta;27;F;2;Bachiller;Conductor/Repartidor;2080000,0;2080000,0;normal;Aliado comercial;408,0;False;0;Android;1;0;3800000;3800000,0;0,842154994282041;0,842154994282041;2025-12-31;0,0
CL00262;2024-12-08;Bogotá D.C.;Bogotá;35;M;5;Sin información;Empleado;3760000,0;3760000,0;normal;Campaña digital;641,0;True;1;iOS;1;0;2200000;2200000,0;0,33401417392397564;0,33401417392397564;2026-01-09;0,0
CL00263;2024-12-14;Antioquia;Medellín;19;M;2;Universitario;Independiente;1480000,0;1480000,0;normal;Campaña digital;540,0;True;2;iOS;1;1;500000;500000,0;0,6908012147994417;0,6908012147994417;2025-11-06;1,0
CL00264;2025-03-03;Valle del Cauca;Cali;26;M;2;Universitario;Estudiante;800000,0;800000,0;normal;Campaña digital;441,0;False;0;Android;2;1;1150000;575000,0;0,6185377716221654;0,7489068614529917;2026-01-01;0,5
CL00265;2023-12-20;Bogotá D.C.;Bogotá;33;F;4;Universitario;Desempleado;1030000,0;1030000,0;normal;Referido;516,0;False;0;Android;2;1;1350000;675000,0;0,7123254641944807;0,7210522115526689;2025-06-05;0,5
CL00266;2024-01-03;Meta;Villavicencio;24;M;3;Universitario;Microempresario;5280000,0;5280000,0;normal;Campaña digital;686,0;True;1;iOS;1;0;6900000;6900000,0;0,21719052921018572;0,21719052921018572;2026-01-01;0,0
CL00268;2023-10-22;Risaralda;Pereira;22;M;3;Bachiller;Independiente;2090000,0;2090000,0;normal;Referido;620,0;False;3;iOS;2;0;2250000;1125000,0;0,2951168619962633;0,3020493373553727;2025-12-13;0,0
CL00271;2023-09-19;Antioquia;Medellín;50;F;4;Bachiller;Conductor/Repartidor;2030000,0;2030000,0;normal;App orgánico;596,0;False;1;iOS;1;0;3650000;3650000,0;0,7356169570279318;0,7356169570279318;2024-12-20;0,0
CL00272;2025-10-23;Bogotá D.C.;Bogotá;22;M;1;Técnico/Tecnólogo;Empleado;2050000,0;2050000,0;normal;Call center;603,0;False;0;Android;1;1;1800000;1800000,0;0,5836426138261804;0,5836426138261804;2025-05-29;1,0
CL00273;2024-01-08;Valle del Cauca;Cali;48;M;2;Posgrado;Comerciante;3000000,0;3000000,0;normal;Campaña digital;672,0;False;3;iOS;1;0;1150000;1150000,0;0,2425398444032349;0,2425398444032349;2024-05-23;0,0
CL00274;2025-12-05;Valle del Cauca;Cali;36;F;3;Universitario;Conductor/Repartidor;3310000,0;3310000,0;normal;Campaña digital;654,0;False;0;Android;1;0;3350000;3350000,0;0,42205756461308225;0,42205756461308225;2025-08-25;0,0
CL00276;2024-05-14;Bogotá D.C.;Bogotá;41;M;2;Bachiller;Estudiante;1090000,0;1090000,0;normal;App orgánico;387,0;True;0;Android;1;1;800000;800000,0;0,599252341424952;0,599252341424952;2025-06-13;1,0
CL00277;2025-09-27;Antioquia;Medellín;38;F;4;Bachiller;Estudiante;1540000,0;1540000,0;normal;Referido;542,0;True;3;iOS;1;0;400000;400000,0;0,5841505465258271;0,5841505465258271;2025-10-08;0,0
CL00278;2025-09-10;Bolívar;Cartagena;30;F;3;Sin información;Empleado;3360000,0;3360000,0;normal;Aliado comercial;577,0;False;2;Android;2;0;11850000;5925000,0;0,48307994853387604;0,5212638993246989;2025-10-08;0,0
CL00279;2023-02-08;Bogotá D.C.;Bogotá;37;M;3;Bachiller;Comerciante;2890000,0;2890000,0;normal;App orgánico;630,0;True;1;Android;1;1;8200000;8200000,0;0,5010898185250984;0,5010898185250984;2024-07-24;1,0
CL00280;2025-12-07;Bolívar;Cartagena;32;M;3;Bachiller;Empleado;6110000,0;6110000,0;normal;Call center;703,0;False;2;iOS;1;1;19300000;19300000,0;0,6891197877234052;0,6891197877234052;2026-01-19;1,0
CL00281;2023-09-02;Risaralda;Pereira;37;M;3;Bachiller;Independiente;3200000,0;3200000,0;normal;Campaña digital;687,0;False;2;Android;2;1;5350000;2675000,0;0,3446065491151595;0,45369535510500136;2024-07-08;0,5
CL00282;2024-12-21;Bogotá D.C.;Bogotá;43;F;3;Universitario;Empleado;2820000,0;2820000,0;normal;App orgánico;638,0;False;1;iOS;1;0;1400000;1400000,0;0,25890045419394303;0,25890045419394303;2025-12-21;0,0
CL00283;2023-03-22;Bogotá D.C.;Bogotá;52;M;4;Bachiller;Empleado;3260000,0;3260000,0;normal;Campaña digital;668,0;True;1;Web;1;0;4150000;4150000,0;0,24828188163383894;0,24828188163383894;2025-08-10;0,0
CL00284;2023-07-27;Risaralda;Pereira;24;M;4;Bachiller;Microempresario;2380000,0;2380000,0;normal;Campaña digital;592,0;False;2;Android;1;0;1000000;1000000,0;0,46457915492696794;0,46457915492696794;2024-10-26;0,0
CL00285;2023-06-04;Bogotá D.C.;Bogotá;57;F;6;Bachiller;Empleado;6420000,0;6420000,0;normal;Referido;797,0;True;3;iOS;2;0;11100000;5550000,0;0,18771667356456181;0,22692286453852695;2024-10-03;0,0
CL00286;2025-08-09;Norte de Santander;Cúcuta;19;F;3;Técnico/Tecnólogo;Independiente;3050000,0;3050000,0;normal;Call center;588,0;False;2;Android;2;1;5350000;2675000,0;0,4207449299164656;0,6704331495831497;2026-02-06;0,5
CL00287;2024-10-12;Antioquia;Medellín;34;F;3;Bachiller;Empleado;3050000,0;3050000,0;normal;Campaña digital;613,0;True;0;iOS;1;0;2500000;2500000,0;0,4163055915060254;0,4163055915060254;2025-09-10;0,0
CL00288;2024-09-08;Antioquia;Medellín;42;F;3;Universitario;Empleado;2720000,0;2720000,0;normal;Referido;560,0;False;1;Android;2;1;3300000;1650000,0;0,4992644483156421;0,5592789954656173;2025-06-24;0,5
CL00289;2024-08-19;Atlántico;Barranquilla;39;M;4;Posgrado;Desempleado;850000,0;850000,0;normal;Call center;588,0;False;0;Android;2;0;900000;450000,0;0,6050940276812571;0,6653328463876091;2025-09-05;0,0
CL00290;2024-01-01;Antioquia;Medellín;30;M;2;Técnico/Tecnólogo;Conductor/Repartidor;2570000,0;2570000,0;normal;Referido;420,0;False;0;iOS;1;0;800000;800000,0;0,4517471328469539;0,4517471328469539;2024-11-20;0,0
CL00291;2024-01-14;Atlántico;Barranquilla;34;F;3;Bachiller;Independiente;3810000,0;3810000,0;normal;Campaña digital;599,0;False;0;iOS;1;1;3100000;3100000,0;0,5729512132835435;0,5729512132835435;2024-06-30;1,0
CL00292;2023-09-16;Atlántico;Barranquilla;31;F;3;Técnico/Tecnólogo;Empleado;6480000,0;6480000,0;normal;Campaña digital;742,0;False;2;iOS;2;0;8550000;4275000,0;0,21483606406337705;0,26063346882975935;2024-04-10;0,0
CL00293;2025-03-13;Bogotá D.C.;Bogotá;30;F;3;Técnico/Tecnólogo;Microempresario;6830000,0;6830000,0;normal;Campaña digital;758,0;True;1;Android;1;0;7000000;7000000,0;0,32543910146195754;0,32543910146195754;2025-07-11;0,0
CL00294;2024-05-03;Risaralda;Pereira;44;M;4;Bachiller;Independiente;2350000,0;2350000,0;normal;Aliado comercial;529,0;False;0;Android;2;1;4350000;2175000,0;0,7121236024913442;0,8496691326181871;2025-04-19;0,5
CL00295;2023-11-03;Bogotá D.C.;Bogotá;40;M;2;Técnico/Tecnólogo;Empleado;2030000,0;2030000,0;normal;Referido;508,0;False;1;iOS;2;0;2900000;1450000,0;0,5719366880384237;0,6861240850324672;2025-11-15;0,0
CL00296;2025-12-28;Bolívar;Cartagena;29;M;4;Técnico/Tecnólogo;Empleado;5260000,0;5260000,0;normal;Campaña digital;664,0;False;3;Android;1;0;5800000;5800000,0;0,31725807685743784;0,31725807685743784;2025-09-27;0,0
CL00297;2025-12-10;Santander;Bucaramanga;45;F;4;Técnico/Tecnólogo;Empleado;5300000,0;5300000,0;normal;App orgánico;664,0;False;0;Android;1;0;2250000;2250000,0;0,18972523617548312;0,18972523617548312;2025-08-20;0,0
CL00298;2023-09-25;Atlántico;Barranquilla;39;M;3;Universitario;Conductor/Repartidor;3400000,0;3400000,0;normal;Referido;559,0;True;1;iOS;1;1;3450000;3450000,0;0,7208565222888721;0,7208565222888721;2023-10-23;1,0
CL00299;2025-08-24;Valle del Cauca;Cali;44;F;4;Bachiller;Comerciante;3080000,0;3080000,0;normal;App orgánico;588,0;True;2;Android;1;0;2500000;2500000,0;0,5871722024297484;0,5871722024297484;2025-11-20;0,0
CL00300;2025-07-13;Antioquia;Medellín;42;F;1;Técnico/Tecnólogo;Microempresario;2370000,0;2370000,0;normal;App orgánico;635,0;False;2;Android;1;0;1300000;1300000,0;0,12014877240259424;0,12014877240259424;2026-02-26;0,0
CL00301;2023-12-18;Tolima;Ibagué;28;F;2;Sin información;Empleado;3400000,0;3400000,0;normal;App orgánico;588,0;True;1;iOS;1;0;1550000;1550000,0;0,16657015651167836;0,16657015651167836;2026-01-04;0,0
CL00305;2024-01-09;Atlántico;Barranquilla;36;M;2;Técnico/Tecnólogo;Empleado;2890000,0;2890000,0;normal;Referido;652,0;False;1;Android;2;1;7650000;3825000,0;0,37144895660589033;0,3941811167432047;2025-06-26;0,5
CL00306;2023-05-05;Caldas;Manizales;37;F;1;Técnico/Tecnólogo;Empleado;-1,0;-1,0;normal;Aliado comercial;511,0;False;1;Android;1;0;1000000;1000000,0;0,28836104076848884;0,28836104076848884;2025-03-11;0,0
CL00307;2025-01-30;Bogotá D.C.;Bogotá;49;M;1;Posgrado;Empleado;3270000,0;3270000,0;normal;Campaña digital;641,0;False;1;Web;1;0;3200000;3200000,0;0,237928540322088;0,237928540322088;2025-10-12;0,0
CL00308;2026-01-20;Bolívar;Cartagena;30;F;1;Sin información;Empleado;1560000,0;1560000,0;normal;App orgánico;522,0;False;3;iOS;3;1;1800000;600000,0;0,4752126681866402;0,6640737363916367;2026-02-15;0,3333333333333333
CL00309;2023-09-24;Antioquia;Medellín;41;F;3;Bachiller;Empleado;3970000,0;3970000,0;normal;App orgánico;565,0;False;0;Android;1;0;4900000;4900000,0;0,3623632334865364;0,3623632334865364;2026-02-02;0,0
CL00310;2025-04-21;Valle del Cauca;Cali;34;M;4;Bachiller;Independiente;1450000,0;1450000,0;normal;Referido;501,0;False;0;iOS;1;0;800000;800000,0;0,3469923069851459;0,3469923069851459;2026-03-27;0,0
CL00312;2023-06-16;Atlántico;Barranquilla;47;M;4;Bachiller;Empleado;2250000,0;2250000,0;normal;Aliado comercial;611,0;True;0;Android;2;1;5600000;2800000,0;0,5201618049096942;0,5873744233394192;2025-09-27;0,5
CL00313;2026-01-01;Bogotá D.C.;Bogotá;44;F;1;Técnico/Tecnólogo;Pensionado;1530000,0;1530000,0;normal;Aliado comercial;601,0;False;0;Android;1;0;800000;800000,0;0,5545868235074561;0,5545868235074561;2025-09-06;0,0
CL00314;2023-09-20;Valle del Cauca;Cali;44;F;4;Universitario;Conductor/Repartidor;4150000,0;4150000,0;normal;Aliado comercial;675,0;False;1;Web;2;1;12400000;6200000,0;0,42453973567693115;0,4584539143053914;2026-03-07;0,5
CL00317;2025-09-01;Atlántico;Barranquilla;43;M;4;Bachiller;Independiente;3820000,0;3820000,0;normal;Campaña digital;571,0;False;0;Android;1;1;2850000;2850000,0;0,6439002644393084;0,6439002644393084;2025-10-13;1,0
CL00318;2023-02-03;Caldas;Manizales;33;M;2;Universitario;Microempresario;4430000,0;4430000,0;normal;Call center;633,0;False;1;Web;1;0;4150000;4150000,0;0,37458320848673693;0,37458320848673693;2023-09-26;0,0
CL00319;2024-01-06;Norte de Santander;Cúcuta;39;M;3;Bachiller;Independiente;1830000,0;1830000,0;normal;Referido;559,0;False;1;iOS;2;0;2050000;1025000,0;0,4945674799768904;0,5559946191233939;2025-06-12;0,0
CL00320;2024-07-12;Antioquia;Medellín;35;F;3;Técnico/Tecnólogo;Empleado;5920000,0;5920000,0;normal;Aliado comercial;713,0;True;2;Android;1;0;3300000;3300000,0;0,1700882418653523;0,1700882418653523;2025-10-03;0,0
CL00321;2024-06-21;Meta;Villavicencio;37;M;2;Universitario;Empleado;5080000,0;5080000,0;normal;App orgánico;714,0;False;1;Android;2;0;7150000;3575000,0;0,1243552988571865;0,1701222736893967;2025-10-01;0,0
CL00322;2025-09-21;Antioquia;Medellín;42;F;3;Universitario;Empleado;2490000,0;2490000,0;normal;Campaña digital;564,0;True;0;iOS;2;0;7200000;3600000,0;0,41543244460395684;0,4738683965749668;2026-03-08;0,0
CL00323;2024-05-10;Antioquia;Medellín;28;F;3;Universitario;Conductor/Repartidor;2700000,0;2700000,0;normal;Campaña digital;616,0;True;0;iOS;1;0;8050000;8050000,0;0,6136044464296634;0,6136044464296634;2024-09-29;0,0
CL00324;2025-06-06;Atlántico;Barranquilla;57;M;3;Bachiller;Comerciante;2430000,0;2430000,0;normal;Campaña digital;663,0;False;0;Web;1;0;2500000;2500000,0;0,42977769252611897;0,42977769252611897;2025-07-01;0,0
CL00325;2023-10-07;Antioquia;Medellín;26;M;1;Sin información;Conductor/Repartidor;1620000,0;1620000,0;normal;Campaña digital;588,0;False;0;iOS;1;1;7200000;7200000,0;0,77201239327942;0,77201239327942;2024-08-22;1,0
CL00327;2024-02-02;Bogotá D.C.;Bogotá;48;F;2;Bachiller;Desempleado;640000,0;640000,0;normal;App orgánico;495,0;False;1;Android;1;1;1200000;1200000,0;0,8675242449485018;0,8675242449485018;2024-09-30;1,0
CL00328;2023-05-08;Bogotá D.C.;Bogotá;44;F;5;Bachiller;Empleado;3100000,0;3100000,0;normal;Aliado comercial;688,0;True;0;Web;3;0;5600000;1866666,6666666667;0,29793133624464563;0,3069477685648013;2025-04-09;0,0
CL00329;2025-05-13;Bogotá D.C.;Bogotá;42;F;3;Universitario;Empleado;3560000,0;3560000,0;normal;Aliado comercial;757,0;False;0;Android;1;0;2050000;2050000,0;0,19262018332759784;0,19262018332759784;2025-12-22;0,0
CL00332;2023-12-09;Risaralda;Pereira;27;M;3;Bachiller;Comerciante;2370000,0;2370000,0;normal;Referido;571,0;False;0;Android;1;0;1750000;1750000,0;0,5985481272091947;0,5985481272091947;2024-05-11;0,0
CL00333;2023-09-05;Bogotá D.C.;Bogotá;37;M;3;Bachiller;Microempresario;1850000,0;1850000,0;normal;Aliado comercial;555,0;False;1;Android;1;1;1250000;1250000,0;0,38525508601960157;0,38525508601960157;2025-01-25;1,0
CL00334;2023-01-17;Cundinamarca;Soacha;29;F;2;Universitario;Independiente;2100000,0;2100000,0;normal;Referido;454,0;True;4;Android;1;0;1000000;1000000,0;0,31345275884398616;0,31345275884398616;2024-03-15;0,0
CL00335;2024-02-13;Bogotá D.C.;Bogotá;46;F;2;Sin información;Independiente;3550000,0;3550000,0;normal;Campaña digital;597,0;False;1;Android;1;0;1400000;1400000,0;0,18886950962654;0,18886950962654;2026-02-08;0,0
CL00336;2023-11-04;Bogotá D.C.;Bogotá;35;F;4;Técnico/Tecnólogo;Conductor/Repartidor;2760000,0;2760000,0;normal;App orgánico;583,0;False;2;iOS;1;0;2800000;2800000,0;0,569598707362908;0,569598707362908;2024-10-04;0,0
CL00340;2023-01-28;Norte de Santander;Cúcuta;30;M;3;Posgrado;Empleado;4250000,0;4250000,0;normal;Aliado comercial;666,0;True;3;Android;1;0;5450000;5450000,0;0,32726404811157017;0,32726404811157017;2024-01-01;0,0
CL00341;2025-07-07;Bogotá D.C.;Bogotá;28;F;6;Universitario;Desempleado;1590000,0;1590000,0;normal;App orgánico;531,0;True;1;Android;2;1;3550000;1775000,0;0,7243473515128043;0,7877601512892904;2026-02-23;0,5
CL00344;2024-11-27;Bogotá D.C.;Bogotá;31;F;2;Universitario;Independiente;1590000,0;1590000,0;normal;App orgánico;548,0;True;2;Android;2;0;2550000;1275000,0;0,4354123074645996;0,5226461439108308;2025-12-18;0,0
CL00345;2025-06-05;Bogotá D.C.;Bogotá;31;M;3;Sin información;Desempleado;560000,0;560000,0;normal;Campaña digital;401,0;True;0;iOS;2;2;1400000;700000,0;0,6650115908654155;0,7466525349162728;2026-01-29;1,0
CL00346;2026-01-09;Valle del Cauca;Cali;38;M;3;Bachiller;Independiente;2570000,0;2570000,0;normal;Aliado comercial;569,0;False;1;Android;1;0;3200000;3200000,0;0,6957890461902556;0,6957890461902556;2026-02-19;0,0
CL00347;2025-01-03;Risaralda;Pereira;22;F;2;Bachiller;Pensionado;2570000,0;2570000,0;normal;App orgánico;560,0;False;2;iOS;1;1;2100000;2100000,0;0,4817862397500411;0,4817862397500411;2026-02-12;1,0
CL00348;2025-08-27;Antioquia;Medellín;22;No informa;3;Sin información;Empleado;2030000,0;2030000,0;normal;App orgánico;565,0;False;2;Android;1;1;1950000;1950000,0;0,6541012773835622;0,6541012773835622;2025-08-09;1,0
CL00349;2024-10-19;Antioquia;Medellín;29;F;3;Sin información;Empleado;3290000,0;3290000,0;normal;Campaña digital;604,0;False;0;Android;1;1;1700000;1700000,0;0,36443041669159654;0,36443041669159654;2025-06-17;1,0
CL00351;2024-03-04;Norte de Santander;Cúcuta;39;M;2;Técnico/Tecnólogo;Empleado;2350000,0;2350000,0;normal;App orgánico;591,0;True;0;iOS;1;1;700000;700000,0;0,6126372317588346;0,6126372317588346;2024-11-15;1,0
CL00352;2023-06-01;Bogotá D.C.;Bogotá;51;M;3;Técnico/Tecnólogo;Empleado;1620000,0;1620000,0;normal;Campaña digital;674,0;False;0;Android;1;0;1300000;1300000,0;0,2852982526042285;0,2852982526042285;2025-03-05;0,0
CL00353;2023-01-26;Antioquia;Medellín;45;F;4;Bachiller;Empleado;10000000,0;7082400,000000003;outlier_real;Campaña digital;826,0;True;2;Android;1;0;18800000;18800000,0;0,29686316619162156;0,29686316619162156;2023-06-02;0,0
CL00354;2025-09-14;Bogotá D.C.;Bogotá;34;F;3;Bachiller;Independiente;2860000,0;2860000,0;normal;App orgánico;631,0;True;3;Android;1;0;1950000;1950000,0;0,4121984750121011;0,4121984750121011;2025-05-30;0,0
CL00355;2024-12-30;Bogotá D.C.;Bogotá;36;M;3;Universitario;Empleado;1950000,0;1950000,0;normal;App orgánico;646,0;False;0;iOS;1;0;1600000;1600000,0;0,29832170647731726;0,29832170647731726;2025-03-06;0,0
CL00356;2023-11-23;Bogotá D.C.;Bogotá;26;F;4;Sin información;Comerciante;2040000,0;2040000,0;normal;Referido;545,0;False;1;iOS;1;0;1250000;1250000,0;0,37719713239085106;0,37719713239085106;2025-11-13;0,0
CL00357;2023-03-03;Cundinamarca;Soacha;36;M;2;Técnico/Tecnólogo;Conductor/Repartidor;1270000,0;1270000,0;normal;Campaña digital;434,0;False;0;iOS;2;1;2000000;1000000,0;0,5678216092886739;0,7071290502359541;2025-06-25;0,5
CL00358;2024-01-15;Bogotá D.C.;Bogotá;33;M;3;Universitario;Empleado;3400000,0;3400000,0;normal;Call center;598,0;False;3;iOS;1;0;8050000;8050000,0;0,4034652424875449;0,4034652424875449;2024-02-24;0,0
CL00359;2024-10-22;Antioquia;Medellín;39;F;4;Técnico/Tecnólogo;Comerciante;2880000,0;2880000,0;normal;Call center;650,0;True;2;Android;1;0;6700000;6700000,0;0,36988635259870734;0,36988635259870734;2026-03-23;0,0
CL00362;2024-10-05;Cundinamarca;Soacha;51;M;4;Universitario;Conductor/Repartidor;1780000,0;1780000,0;normal;Referido;479,0;False;4;Android;1;1;800000;800000,0;0,7442490156371989;0,7442490156371989;2024-10-25;1,0
CL00363;2024-01-12;Bogotá D.C.;Bogotá;35;M;3;Técnico/Tecnólogo;Microempresario;3480000,0;3480000,0;normal;App orgánico;661,0;False;1;Android;2;0;4650000;2325000,0;0,34342858170860113;0,4023153248460526;2024-08-01;0,0
CL00364;2025-01-05;Cundinamarca;Soacha;40;M;3;Sin información;Conductor/Repartidor;2590000,0;2590000,0;normal;App orgánico;530,0;False;0;Android;2;0;2950000;1475000,0;0,2703245034826691;0,2711170331426432;2026-03-10;0,0
CL00366;2025-07-01;Valle del Cauca;Cali;32;F;2;Posgrado;Comerciante;2640000,0;2640000,0;normal;Campaña digital;662,0;False;0;Web;2;0;2950000;1475000,0;0,2480987503137418;0,2643379500484254;2026-01-06;0,0
CL00368;2024-07-29;Cundinamarca;Soacha;36;F;2;Universitario;Comerciante;2050000,0;2050000,0;normal;Call center;588,0;False;3;Android;1;0;2300000;2300000,0;0,5391643940283447;0,5391643940283447;2025-11-17;0,0
CL00369;2024-01-30;Bolívar;Cartagena;37;M;3;Universitario;Empleado;2210000,0;2210000,0;normal;Campaña digital;569,0;False;0;Web;3;1;5650000;1883333,3333333333;0,40780728136803185;0,5140524388554756;2025-12-28;0,3333333333333333
CL00371;2025-05-06;Bogotá D.C.;Bogotá;36;F;3;Universitario;Empleado;4190000,0;4190000,0;normal;App orgánico;588,0;False;2;iOS;1;0;2300000;2300000,0;0,15678830459447382;0,15678830459447382;2026-02-20;0,0
CL00372;2023-07-24;Valle del Cauca;Cali;41;F;2;Universitario;Empleado;4380000,0;4380000,0;normal;App orgánico;707,0;True;4;Web;1;0;1700000;1700000,0;0,2034401706281926;0,2034401706281926;2024-07-11;0,0
CL00374;2024-01-05;Atlántico;Barranquilla;46;F;1;Universitario;Conductor/Repartidor;1780000,0;1780000,0;normal;Referido;588,0;False;4;iOS;1;0;1700000;1700000,0;0,5951778962847252;0,5951778962847252;2024-05-02;0,0
CL00375;2023-03-25;Atlántico;Barranquilla;58;F;4;Técnico/Tecnólogo;Conductor/Repartidor;2320000,0;2320000,0;normal;App orgánico;603,0;False;0;Web;2;2;5900000;2950000,0;0,6364964271941569;0,6616421143985114;2023-08-07;1,0
CL00376;2023-03-12;Santander;Bucaramanga;28;M;3;Sin información;Empleado;3010000,0;3010000,0;normal;App orgánico;566,0;False;2;Android;3;0;3000000;1000000,0;0,3910860191251373;0,42622405509360484;2025-08-11;0,0
CL00377;2024-12-14;Valle del Cauca;Cali;45;M;1;Bachiller;Empleado;2900000,0;2900000,0;normal;Campaña digital;603,0;True;2;Android;1;0;1400000;1400000,0;0,262047979359602;0,262047979359602;2026-03-15;0,0
CL00378;2024-10-02;Antioquia;Medellín;38;M;1;Técnico/Tecnólogo;Independiente;1730000,0;1730000,0;normal;Campaña digital;471,0;False;2;Android;2;1;2700000;1350000,0;0,3770864243792136;0,3854849097644891;2026-01-18;0,5
CL00379;2024-08-10;Atlántico;Barranquilla;58;M;2;Universitario;Empleado;3770000,0;3770000,0;normal;Aliado comercial;731,0;False;1;Android;1;1;2950000;2950000,0;0,3549120229409771;0,3549120229409771;2024-10-31;1,0
CL00380;2025-09-05;Bogotá D.C.;Bogotá;28;F;2;Bachiller;Empleado;2730000,0;2730000,0;normal;Aliado comercial;573,0;True;3;Android;3;0;7800000;2600000,0;0,3832162271920914;0,5006766439036859;2026-03-10;0,0
CL00381;2023-03-01;Cundinamarca;Soacha;28;F;3;Universitario;Independiente;1520000,0;1520000,0;normal;Campaña digital;503,0;True;3;Android;1;1;900000;900000,0;0,8135811012396408;0,8135811012396408;2023-11-22;1,0
CL00382;2025-03-02;Bogotá D.C.;Bogotá;30;F;4;Universitario;Empleado;7150000,0;7082400,000000003;outlier_real;Aliado comercial;730,0;True;0;Android;1;0;6800000;6800000,0;0,3417244956540918;0,3417244956540918;2025-09-27;0,0
CL00383;2023-08-07;Atlántico;Barranquilla;19;M;3;Sin información;Independiente;3770000,0;3770000,0;normal;Campaña digital;500,0;False;1;Android;2;1;4700000;2350000,0;0,6134527588461834;0,7973788940239793;2026-01-02;0,5
CL00384;2025-12-27;Valle del Cauca;Cali;31;F;5;Bachiller;Microempresario;4250000,0;4250000,0;normal;Aliado comercial;611,0;True;1;Android;2;0;7100000;3550000,0;0,3414751344212148;0,38725639559606423;2026-02-13;0,0
CL00385;2023-08-07;Atlántico;Barranquilla;28;M;2;Posgrado;Conductor/Repartidor;2120000,0;2120000,0;normal;App orgánico;565,0;False;0;iOS;1;0;1300000;1300000,0;0,46391915473665213;0,46391915473665213;2026-01-13;0,0
CL00386;2024-02-15;Antioquia;Medellín;38;M;4;Técnico/Tecnólogo;Conductor/Repartidor;2590000,0;2590000,0;normal;Campaña digital;473,0;False;1;Android;2;1;3250000;1625000,0;0,6193121424174357;0,7356934812317233;2025-10-15;0,5
CL00387;2025-09-08;Bogotá D.C.;Bogotá;39;M;2;Universitario;Comerciante;2570000,0;2570000,0;normal;Campaña digital;469,0;False;2;iOS;1;1;3700000;3700000,0;0,7960825282039745;0,7960825282039745;2025-12-26;1,0
CL00389;2025-01-05;Cundinamarca;Soacha;46;No informa;1;Técnico/Tecnólogo;Empleado;2140000,0;2140000,0;normal;Referido;670,0;False;0;iOS;1;0;6650000;6650000,0;0,2977077927489844;0,2977077927489844;2025-08-31;0,0
CL00390;2024-05-27;Cundinamarca;Soacha;30;M;6;Posgrado;Empleado;4950000,0;4950000,0;normal;Referido;702,0;False;0;Android;1;0;1050000;1050000,0;0,19666916337038026;0,19666916337038026;2024-11-02;0,0
CL00391;2024-12-21;Risaralda;Pereira;27;M;3;Bachiller;Independiente;1920000,0;1920000,0;normal;Referido;568,0;False;2;Android;1;0;350000;350000,0;0,5103469101425787;0,5103469101425787;2025-07-12;0,0
CL00393;2025-08-16;Santander;Bucaramanga;23;No informa;2;Universitario;Estudiante;730000,0;730000,0;normal;Campaña digital;433,0;False;0;Android;1;0;250000;250000,0;0,5768574803784438;0,5768574803784438;2026-02-22;0,0
CL00394;2024-09-30;Bogotá D.C.;Bogotá;54;F;3;Universitario;Estudiante;1700000,0;1700000,0;normal;Campaña digital;585,0;True;4;iOS;2;0;3300000;1650000,0;0,23236302039054685;0,23236302039054685;2025-11-16;0,0
CL00395;2023-05-10;Bogotá D.C.;Bogotá;48;F;1;Bachiller;Empleado;3110000,0;3110000,0;normal;App orgánico;593,0;True;3;Android;3;0;8150000;2716666,6666666665;0,2149600361142385;0,37267984107716035;2025-09-11;0,0
CL00397;2025-07-11;Cundinamarca;Soacha;19;F;2;Bachiller;Comerciante;1800000,0;1800000,0;normal;Referido;453,0;False;0;iOS;1;0;1850000;1850000,0;0,25296773690254293;0,25296773690254293;2026-03-09;0,0
CL00398;2025-04-20;Antioquia;Medellín;50;F;1;Universitario;Desempleado;450000,0;450000,0;normal;App orgánico;465,0;False;1;Android;1;1;550000;550000,0;0,8356891259568133;0,8356891259568133;2025-07-24;1,0
CL00399;2024-09-16;Valle del Cauca;Cali;35;M;2;Técnico/Tecnólogo;Independiente;1750000,0;1750000,0;normal;Aliado comercial;588,0;False;1;Android;2;2;2450000;1225000,0;0,6495962999406399;0,651047213213846;2025-01-03;1,0
CL00400;2024-10-05;Bogotá D.C.;Bogotá;48;M;4;Bachiller;Empleado;2080000,0;2080000,0;normal;App orgánico;701,0;False;1;Web;1;0;1850000;1850000,0;0,3212202533188706;0,3212202533188706;2025-07-30;0,0
CL00401;2024-05-24;Bogotá D.C.;Bogotá;20;F;3;Posgrado;Empleado;2280000,0;2280000,0;normal;App orgánico;555,0;True;0;Web;2;0;7400000;3700000,0;0,4454287970461723;0,660870765118426;2026-03-27;0,0
CL00402;2025-10-27;Santander;Bucaramanga;30;M;2;Universitario;Microempresario;3710000,0;3710000,0;normal;App orgánico;548,0;False;0;Web;1;0;1400000;1400000,0;0,4180991449638151;0,4180991449638151;2025-12-18;0,0
CL00404;2025-04-04;Antioquia;Medellín;36;M;2;Técnico/Tecnólogo;Independiente;1920000,0;1920000,0;normal;Campaña digital;524,0;False;3;Android;1;0;2750000;2750000,0;0,5408971846039624;0,5408971846039624;2026-03-02;0,0
CL00405;2023-05-08;Cundinamarca;Soacha;31;M;3;Técnico/Tecnólogo;Independiente;2570000,0;2570000,0;normal;Campaña digital;604,0;True;0;iOS;1;1;1950000;1950000,0;0,4824898419149162;0,4824898419149162;2025-10-03;1,0
CL00406;2023-04-09;Antioquia;Medellín;42;F;4;Universitario;Empleado;2300000,0;2300000,0;normal;Campaña digital;643,0;True;2;Android;2;0;4250000;2125000,0;0,2947703228764604;0,3195054045994955;2024-07-27;0,0
CL00407;2024-12-08;Antioquia;Medellín;25;M;3;Sin información;Empleado;2490000,0;2490000,0;normal;Campaña digital;548,0;False;0;Android;1;0;1500000;1500000,0;0,5815297349401574;0,5815297349401574;2025-05-14;0,0
CL00408;2025-05-08;Bogotá D.C.;Bogotá;35;M;4;Técnico/Tecnólogo;Pensionado;3220000,0;3220000,0;normal;Aliado comercial;588,0;True;0;Android;1;0;1250000;1250000,0;0,47489328736758485;0,47489328736758485;2025-07-10;0,0
CL00410;2024-06-18;Valle del Cauca;Cali;41;F;1;Universitario;Microempresario;3190000,0;3190000,0;normal;Call center;546,0;True;1;Android;1;0;3550000;3550000,0;0,5676612338024881;0,5676612338024881;2024-10-13;0,0
CL00411;2025-04-14;Bogotá D.C.;Bogotá;43;F;4;Bachiller;Empleado;6140000,0;6140000,0;normal;Campaña digital;816,0;True;0;iOS;1;0;4050000;4050000,0;0,1957801919314808;0,1957801919314808;2025-09-01;0,0
CL00412;2025-09-21;Bogotá D.C.;Bogotá;25;F;2;Bachiller;Microempresario;1880000,0;1880000,0;normal;App orgánico;545,0;False;0;Android;2;0;2300000;1150000,0;0,31591844311421746;0,3735187435512874;2026-02-12;0,0
CL00413;2023-08-03;Antioquia;Medellín;21;F;2;Sin información;Comerciante;1950000,0;1950000,0;normal;App orgánico;530,0;False;2;Android;2;1;2700000;1350000,0;0,6310743965197145;0,6691979761805834;2025-04-17;0,5
CL00414;2024-12-04;Bogotá D.C.;Bogotá;49;M;2;Técnico/Tecnólogo;Empleado;3260000,0;3260000,0;normal;Campaña digital;588,0;False;0;Android;1;0;4800000;4800000,0;0,46441585302600824;0,46441585302600824;2025-07-31;0,0
CL00415;2024-01-13;Tolima;Ibagué;39;M;2;Sin información;Microempresario;2380000,0;2380000,0;normal;Aliado comercial;513,0;False;0;Android;2;0;4300000;2150000,0;0,49280189000806573;0,6194461075419834;2025-08-21;0,0
CL00416;2023-01-24;Risaralda;Pereira;29;F;1;Bachiller;Comerciante;3950000,0;3950000,0;normal;App orgánico;610,0;True;2;iOS;2;0;2850000;1425000,0;0,21059110937811448;0,22229289286046314;2025-06-01;0,0
CL00417;2023-08-15;Antioquia;Medellín;52;M;2;Técnico/Tecnólogo;Comerciante;3300000,0;3300000,0;normal;Aliado comercial;634,0;True;4;Android;3;1;5000000;1666666,6666666667;0,28386385596645164;0,39686676681974814;2026-01-26;0,3333333333333333
CL00418;2024-10-18;Bogotá D.C.;Bogotá;37;F;3;Universitario;Independiente;3480000,0;3480000,0;normal;Campaña digital;530,0;False;0;Android;1;0;1650000;1650000,0;0,5788254456714207;0,5788254456714207;2025-12-31;0,0
CL00420;2023-01-24;Santander;Bucaramanga;37;M;3;Posgrado;Estudiante;2000000,0;2000000,0;normal;Aliado comercial;520,0;False;2;Android;1;0;1550000;1550000,0;0,6397897107609918;0,6397897107609918;2024-06-15;0,0
CL00421;2024-12-02;Risaralda;Pereira;57;M;3;Universitario;Empleado;2610000,0;2610000,0;normal;Call center;611,0;False;3;Web;1;0;1550000;1550000,0;0,24173881877370237;0,24173881877370237;2026-02-16;0,0
CL00422;2025-01-04;Antioquia;Medellín;54;F;4;Técnico/Tecnólogo;Microempresario;4120000,0;4120000,0;normal;Campaña digital;765,0;True;2;iOS;1;0;3550000;3550000,0;0,1527547564633447;0,1527547564633447;2025-12-12;0,0
CL00424;2025-05-10;Bogotá D.C.;Bogotá;46;M;1;Posgrado;Empleado;2710000,0;2710000,0;normal;Referido;582,0;False;1;Android;2;1;9650000;4825000,0;0,4760370546922822;0,4912529494174303;2025-12-20;0,5
CL00425;2024-09-26;Cundinamarca;Soacha;42;M;2;Sin información;Empleado;3900000,0;3900000,0;normal;Aliado comercial;480,0;False;0;Android;1;0;1850000;1850000,0;0,4591724547293965;0,4591724547293965;2025-07-24;0,0
CL00426;2023-07-16;Antioquia;Medellín;50;M;3;Técnico/Tecnólogo;Conductor/Repartidor;1540000,0;1540000,0;normal;Campaña digital;524,0;True;2;iOS;1;0;1800000;1800000,0;0,5606069763020919;0,5606069763020919;2025-10-13;0,0
CL00427;2025-05-28;Atlántico;Barranquilla;26;M;3;Bachiller;Comerciante;2650000,0;2650000,0;normal;Call center;473,0;False;2;iOS;2;1;2600000;1300000,0;0,784470675652614;0,7979006147616496;2025-11-11;0,5
CL00428;2025-01-11;Antioquia;Medellín;43;M;4;Técnico/Tecnólogo;Empleado;2170000,0;2170000,0;normal;Referido;588,0;True;0;Android;1;0;750000;750000,0;0,3537370557304293;0,3537370557304293;2025-04-22;0,0
CL00430;2026-01-10;Antioquia;Medellín;19;F;6;Bachiller;Empleado;3430000,0;3430000,0;normal;Campaña digital;630,0;False;0;Android;3;1;5700000;1900000,0;0,2818506070208;0,344385127084005;2026-01-18;0,3333333333333333
CL00431;2023-11-20;Santander;Bucaramanga;24;F;2;Universitario;Independiente;2690000,0;2690000,0;normal;App orgánico;491,0;False;0;Android;3;0;7250000;2416666,6666666665;0,54580371436145;0,7618784716951469;2025-09-27;0,0
CL00433;2025-08-19;Bogotá D.C.;Bogotá;33;M;6;Sin información;Microempresario;4480000,0;4480000,0;normal;App orgánico;624,0;True;0;Android;1;0;1800000;1800000,0;0,27603441121229433;0,27603441121229433;2025-12-24;0,0
CL00434;2025-03-24;Norte de Santander;Cúcuta;43;F;1;Técnico/Tecnólogo;Conductor/Repartidor;2620000,0;2620000,0;normal;App orgánico;588,0;False;0;Android;2;0;4000000;2000000,0;0,4515616075629414;0,6516108821001028;2026-03-22;0,0
CL00436;2023-05-27;Bogotá D.C.;Bogotá;37;M;2;Universitario;Empleado;1830000,0;1830000,0;normal;Aliado comercial;505,0;True;1;Web;1;0;700000;700000,0;0,4337368157892217;0,4337368157892217;2025-07-27;0,0
CL00437;2025-01-05;Bogotá D.C.;Bogotá;52;M;3;Sin información;Comerciante;1960000,0;1960000,0;normal;Referido;662,0;False;1;Android;1;0;850000;850000,0;0,32778663828967397;0,32778663828967397;2025-04-28;0,0
CL00438;2024-08-06;Santander;Bucaramanga;22;M;3;Universitario;Empleado;3480000,0;3480000,0;normal;Aliado comercial;709,0;True;1;iOS;2;0;2500000;1250000,0;0,24035912169131063;0,24741966454003791;2025-07-27;0,0
CL00439;2024-09-22;Bogotá D.C.;Bogotá;19;M;2;Universitario;Empleado;3890000,0;3890000,0;normal;Referido;624,0;False;2;Android;1;1;2000000;2000000,0;0,3920187537111864;0,3920187537111864;2024-10-27;1,0
CL00440;2025-04-25;Bogotá D.C.;Bogotá;35;F;5;Universitario;Desempleado;830000,0;830000,0;normal;App orgánico;520,0;False;2;iOS;1;1;1600000;1600000,0;0,8359026197192821;0,8359026197192821;2025-07-19;1,0
CL00441;2025-07-08;Antioquia;Medellín;40;F;3;Bachiller;Desempleado;620000,0;620000,0;normal;Call center;548,0;False;0;Android;2;1;1050000;525000,0;0,5349751531751102;0,6645125804482942;2026-03-22;0,5
CL00442;2025-06-23;Cundinamarca;Soacha;36;F;3;Bachiller;Empleado;2650000,0;2650000,0;normal;Referido;588,0;True;0;iOS;2;2;2500000;1250000,0;0,5199779995970999;0,5578669700848482;2025-10-06;1,0
CL00443;2024-05-17;Norte de Santander;Cúcuta;19;F;3;Sin información;Conductor/Repartidor;3160000,0;3160000,0;normal;Campaña digital;568,0;False;1;Android;2;1;5350000;2675000,0;0,6277977974280158;0,6949088416152637;2026-01-10;0,5
CL00444;2025-02-27;Antioquia;Medellín;35;F;3;Técnico/Tecnólogo;Empleado;4020000,0;4020000,0;normal;Campaña digital;676,0;True;2;iOS;1;0;5000000;5000000,0;0,34926144792719543;0,34926144792719543;2025-09-06;0,0
CL00445;2024-09-22;Antioquia;Medellín;23;M;3;Bachiller;Independiente;2360000,0;2360000,0;normal;App orgánico;604,0;True;4;Android;1;0;5050000;5050000,0;0,31401334733543207;0,31401334733543207;2026-02-14;0,0
CL00446;2025-06-04;Caldas;Manizales;43;F;4;Técnico/Tecnólogo;Comerciante;2710000,0;2710000,0;normal;App orgánico;686,0;False;1;Web;1;0;1100000;1100000,0;0,27672015300724007;0,27672015300724007;2026-03-02;0,0
CL00447;2023-12-20;Cundinamarca;Soacha;40;F;3;Técnico/Tecnólogo;Microempresario;6220000,0;6220000,0;normal;Campaña digital;815,0;False;1;Android;2;0;12150000;6075000,0;0,23955413380622606;0,29434281517819555;2025-07-02;0,0
CL00449;2025-06-25;Valle del Cauca;Cali;31;M;1;Sin información;Desempleado;670000,0;670000,0;normal;App orgánico;389,0;False;0;Android;2;1;900000;450000,0;0,634508413812348;0,6796789316719343;2025-12-26;0,5
CL00450;2025-02-22;Valle del Cauca;Cali;25;No informa;1;Posgrado;Comerciante;2790000,0;2790000,0;normal;Referido;529,0;False;1;Android;2;1;4800000;2400000,0;0,5589885248954976;0,5748222603914429;2026-02-23;0,5
CL00451;2023-04-08;Bogotá D.C.;Bogotá;35;F;2;Bachiller;Empleado;1750000,0;1750000,0;normal;Referido;598,0;True;3;Android;1;0;1100000;1100000,0;0,4141456102285991;0,4141456102285991;2024-11-22;0,0
CL00452;2023-05-24;Tolima;Ibagué;46;M;2;Técnico/Tecnólogo;Microempresario;2370000,0;2370000,0;normal;App orgánico;545,0;False;2;Android;1;0;650000;650000,0;0,3049376114475858;0,3049376114475858;2025-11-01;0,0
CL00453;2023-09-25;Cundinamarca;Soacha;26;M;4;Universitario;Conductor/Repartidor;3060000,0;3060000,0;normal;Campaña digital;556,0;False;3;Android;2;0;4950000;2475000,0;0,5557479122413109;0,722923822980457;2024-03-01;0,0
CL00454;2024-10-30;Bogotá D.C.;Bogotá;41;M;2;Bachiller;Empleado;3280000,0;3280000,0;normal;Campaña digital;574,0;False;0;Android;1;0;2150000;2150000,0;0,4895572042659036;0,4895572042659036;2025-06-24;0,0
CL00456;2024-04-29;Bogotá D.C.;Bogotá;28;M;5;Técnico/Tecnólogo;Empleado;3490000,0;3490000,0;normal;Campaña digital;681,0;True;2;Android;1;1;8850000;8850000,0;0,5960281441323074;0,5960281441323074;2025-06-16;1,0
CL00458;2025-09-27;Bogotá D.C.;Bogotá;26;F;4;Universitario;Empleado;5270000,0;5270000,0;normal;Campaña digital;661,0;False;1;iOS;2;0;7500000;3750000,0;0,247505089607093;0,2667381452978567;2026-01-28;0,0
CL00459;2025-07-25;Bogotá D.C.;Bogotá;30;F;5;Bachiller;Empleado;9110000,0;7082400,000000003;outlier_real;Campaña digital;850,0;True;0;iOS;1;0;4100000;4100000,0;0,17912409294641268;0,17912409294641268;2025-10-15;0,0
CL00460;2026-01-07;Antioquia;Medellín;24;M;3;Bachiller;Empleado;2350000,0;2350000,0;normal;App orgánico;623,0;True;1;iOS;1;0;550000;550000,0;0,34783098738659546;0,34783098738659546;2025-12-01;0,0
CL00461;2025-05-26;Atlántico;Barranquilla;56;F;1;Bachiller;Empleado;1720000,0;1720000,0;normal;Call center;631,0;True;0;iOS;1;0;1350000;1350000,0;0,2490087640925757;0,2490087640925757;2025-08-20;0,0
CL00462;2025-02-23;Antioquia;Medellín;36;M;3;Bachiller;Independiente;2800000,0;2800000,0;normal;Aliado comercial;660,0;False;0;Android;1;0;2150000;2150000,0;0,37870362238538424;0,37870362238538424;2025-07-03;0,0
CL00463;2024-08-02;Tolima;Ibagué;29;F;3;Bachiller;Empleado;2710000,0;2710000,0;normal;App orgánico;624,0;False;4;Android;1;0;3350000;3350000,0;0,4416860083650804;0,4416860083650804;2025-05-24;0,0
CL00464;2025-12-06;Tolima;Ibagué;38;No informa;1;Técnico/Tecnólogo;Independiente;1710000,0;1710000,0;normal;Campaña digital;636,0;True;1;Android;1;1;2050000;2050000,0;0,5022689834547261;0,5022689834547261;2025-07-06;1,0
CL00467;2024-05-24;Bogotá D.C.;Bogotá;42;M;2;Bachiller;Independiente;1900000,0;1900000,0;normal;Campaña digital;493,0;False;0;Web;2;2;6250000;3125000,0;0,742471330386535;0,8327618324741353;2025-05-18;1,0
CL00468;2025-01-15;Meta;Villavicencio;44;M;5;Posgrado;Empleado;5160000,0;5160000,0;normal;Campaña digital;779,0;True;0;Android;1;0;4000000;4000000,0;0,1506604928473295;0,1506604928473295;2026-02-12;0,0
CL00469;2024-01-23;Risaralda;Pereira;31;M;2;Universitario;Estudiante;1030000,0;1030000,0;normal;Campaña digital;429,0;True;3;iOS;1;1;1100000;1100000,0;0,7586494186017031;0,7586494186017031;2024-05-12;1,0
CL00471;2024-09-25;Bogotá D.C.;Bogotá;33;F;2;Universitario;Estudiante;910000,0;910000,0;normal;App orgánico;370,0;True;2;Web;1;0;450000;450000,0;0,5710048633346726;0,5710048633346726;2024-10-30;0,0
CL00472;2024-06-02;Bogotá D.C.;Bogotá;19;M;2;Universitario;Independiente;2850000,0;2850000,0;normal;Aliado comercial;590,0;True;1;Android;1;0;1550000;1550000,0;0,47901915653751703;0,47901915653751703;2025-10-24;0,0
CL00473;2025-08-24;Meta;Villavicencio;21;F;4;Bachiller;Microempresario;2580000,0;2580000,0;normal;Campaña digital;598,0;True;0;Android;1;0;1300000;1300000,0;0,2998489250782659;0,2998489250782659;2026-03-30;0,0
CL00474;2025-07-04;Santander;Bucaramanga;50;M;3;Universitario;Comerciante;1790000,0;1790000,0;normal;Campaña digital;548,0;True;2;Android;1;0;2200000;2200000,0;0,6296633075370123;0,6296633075370123;2025-06-16;0,0
CL00475;2023-09-19;Cundinamarca;Soacha;52;M;2;Bachiller;Comerciante;2030000,0;2030000,0;normal;Call center;521,0;False;1;Android;1;0;1050000;1050000,0;0,3569763888588814;0,3569763888588814;2024-02-28;0,0
CL00477;2023-01-25;Bogotá D.C.;Bogotá;42;F;2;Técnico/Tecnólogo;Empleado;2570000,0;2570000,0;normal;Referido;613,0;False;0;Web;1;0;2550000;2550000,0;0,43582357222023355;0,43582357222023355;2023-10-28;0,0
CL00478;2024-01-03;Bogotá D.C.;Bogotá;39;F;2;Técnico/Tecnólogo;Empleado;2370000,0;2370000,0;normal;Campaña digital;583,0;False;4;Android;1;1;2300000;2300000,0;0,5965339245914877;0,5965339245914877;2024-11-06;1,0
CL00479;2024-10-02;Caldas;Manizales;67;M;3;Técnico/Tecnólogo;Empleado;3050000,0;3050000,0;normal;Aliado comercial;650,0;False;0;Android;1;0;3150000;3150000,0;0,21294561987979474;0,21294561987979474;2025-10-03;0,0
CL00480;2023-11-06;Antioquia;Medellín;47;M;5;Universitario;Empleado;2830000,0;2830000,0;normal;Campaña digital;721,0;False;0;iOS;1;0;2550000;2550000,0;0,2941929870517776;0,2941929870517776;2025-09-03;0,0
CL00482;2025-09-25;Risaralda;Pereira;26;M;3;Bachiller;Conductor/Repartidor;2990000,0;2990000,0;normal;Campaña digital;628,0;False;0;Android;3;0;8000000;2666666,6666666665;0,3665626551792682;0,49921738990828535;2025-12-19;0,0
CL00483;2024-06-18;Norte de Santander;Cúcuta;20;M;3;Técnico/Tecnólogo;Empleado;5420000,0;5420000,0;normal;Campaña digital;672,0;True;0;Android;1;0;6300000;6300000,0;0,3694467511620374;0,3694467511620374;2024-12-25;0,0
CL00485;2023-09-16;Bogotá D.C.;Barranquilla;28;M;2;Sin información;Independiente;2440000,0;2440000,0;normal;App orgánico;584,0;False;1;Android;2;1;2400000;1200000,0;0,4262375691565946;0,5629628225862517;2025-03-23;0,5
CL00486;2023-02-02;Valle del Cauca;Cali;22;M;2;Universitario;Comerciante;5720000,0;5720000,0;normal;App orgánico;630,0;True;2;Android;1;0;1400000;1400000,0;0,18242594086138497;0,18242594086138497;2024-10-15;0,0
CL00487;2024-07-16;Antioquia;Medellín;30;M;3;Universitario;Independiente;2370000,0;2370000,0;normal;Referido;743,0;False;0;Android;1;0;1450000;1450000,0;0,3216367044216527;0,3216367044216527;2024-12-26;0,0
CL00488;2023-09-07;Antioquia;Medellín;25;M;3;Posgrado;Estudiante;970000,0;970000,0;normal;App orgánico;552,0;False;0;Android;1;1;650000;650000,0;0,7031298818203724;0,7031298818203724;2024-05-16;1,0
CL00489;2023-07-25;Bogotá D.C.;Bogotá;53;M;3;Técnico/Tecnólogo;Microempresario;5180000,0;5180000,0;normal;App orgánico;840,0;False;1;Android;2;0;7600000;3800000,0;0,1906430714809118;0,1962164969872968;2024-09-22;0,0
CL00490;2023-12-14;Santander;Bucaramanga;45;M;6;Sin información;Independiente;2800000,0;2800000,0;normal;App orgánico;609,0;False;2;iOS;1;0;5750000;5750000,0;0,4829532524844899;0,4829532524844899;2024-02-05;0,0
CL00491;2025-08-31;Cundinamarca;Soacha;36;F;2;Universitario;Independiente;870000,0;870000,0;normal;Referido;524,0;False;0;Android;1;0;1650000;1650000,0;0,5971676843592311;0,5971676843592311;2026-02-22;0,0
CL00492;2023-08-09;Tolima;Ibagué;51;F;2;Bachiller;Empleado;4410000,0;4410000,0;normal;Referido;684,0;False;3;iOS;2;0;7700000;3850000,0;0,16916572271621436;0,21618414173510356;2025-08-06;0,0
CL00493;2023-04-24;Atlántico;Barranquilla;37;M;2;Técnico/Tecnólogo;Independiente;120000000,0;7082400,000000003;error_captura;Aliado comercial;555,0;False;2;Android;1;1;25000000;25000000,0;0,7626787826978302;0,7626787826978302;2024-01-05;1,0
CL00495;2023-05-12;Bogotá D.C.;Bogotá;51;M;3;Técnico/Tecnólogo;Empleado;2550000,0;2550000,0;normal;Campaña digital;581,0;False;0;iOS;1;0;1900000;1900000,0;0,393839462766766;0,393839462766766;2024-08-01;0,0
CL00496;2023-03-19;Bogotá D.C.;Bogotá;41;F;4;Técnico/Tecnólogo;Empleado;3420000,0;3420000,0;normal;App orgánico;596,0;False;2;Android;1;0;5300000;5300000,0;0,5820944050390991;0,5820944050390991;2024-04-09;0,0
CL00497;2023-09-28;Bogotá D.C.;Bogotá;26;M;2;Técnico/Tecnólogo;Empleado;5610000,0;5610000,0;normal;App orgánico;680,0;False;0;Android;1;1;10050000;10050000,0;0,4599641104620603;0,4599641104620603;2024-02-16;1,0
CL00499;2023-03-07;Norte de Santander;Cúcuta;27;F;4;Bachiller;Estudiante;1360000,0;1360000,0;normal;App orgánico;420,0;False;1;iOS;1;1;600000;600000,0;0,7317883674659853;0,7317883674659853;2023-08-20;1,0
CL00500;2023-07-16;Antioquia;Medellín;22;F;2;Universitario;Empleado;1970000,0;1970000,0;normal;Referido;614,0;False;2;Android;2;1;2250000;1125000,0;0,40929007882368673;0,509209960557917;2025-07-17;0,5
CL00501;2025-06-28;Valle del Cauca;Cali;45;M;3;Universitario;Desempleado;700000,0;700000,0;normal;Referido;528,0;False;1;Android;1;0;350000;350000,0;0,5860052208429172;0,5860052208429172;2025-11-18;0,0
CL00503;2024-11-05;Antioquia;Medellín;22;M;3;Universitario;Independiente;3170000,0;3170000,0;normal;App orgánico;555,0;False;0;Android;1;0;2300000;2300000,0;0,36835512429504574;0,36835512429504574;2026-03-22;0,0
CL00504;2023-07-26;Antioquia;Medellín;42;F;2;Universitario;Empleado;8510000,0;7082400,000000003;error_captura;Referido;820,0;False;3;Android;2;0;16700000;8350000,0;0,16267158804964363;0,20769809008037848;2025-01-17;0,0
CL00505;2023-10-13;Bogotá D.C.;Bogotá;29;F;3;Técnico/Tecnólogo;Empleado;4440000,0;4440000,0;normal;Campaña digital;636,0;False;1;iOS;1;1;7950000;7950000,0;0,4391609902774776;0,4391609902774776;2025-02-17;1,0
CL00506;2024-02-24;Cundinamarca;Soacha;31;M;2;Técnico/Tecnólogo;Comerciante;2620000,0;2620000,0;normal;App orgánico;524,0;True;1;Android;1;0;2350000;2350000,0;0,31511467910883173;0,31511467910883173;2024-10-05;0,0
CL00507;2025-03-17;Antioquia;Medellín;30;M;4;Universitario;Empleado;3270000,0;3270000,0;normal;App orgánico;623,0;False;0;Android;2;1;9400000;4700000,0;0,39938689926657983;0,5238939367855187;2025-07-04;0,5
CL00508;2025-04-27;Bogotá D.C.;Bogotá;27;M;1;Universitario;Microempresario;3130000,0;3130000,0;normal;App orgánico;495,0;False;1;iOS;3;0;8150000;2716666,6666666665;0,29697026960864514;0,3887601331673661;2026-03-19;0,0
CL00509;2023-12-19;Tolima;Ibagué;36;F;3;Universitario;Empleado;5770000,0;5770000,0;normal;App orgánico;743,0;True;0;Android;1;0;2300000;2300000,0;0,17227180439333284;0,17227180439333284;2025-02-08;0,0
CL00510;2026-01-05;Bogotá D.C.;Bogotá;28;F;3;Posgrado;Comerciante;3190000,0;3190000,0;normal;App orgánico;607,0;False;3;Android;2;0;3350000;1675000,0;0,17632786467315475;0,17804756163585317;2026-03-29;0,0
CL00511;2024-08-18;Bogotá D.C.;Bogotá;39;M;3;Universitario;Comerciante;1570000,0;1570000,0;normal;App orgánico;440,0;False;0;iOS;2;2;3750000;1875000,0;0,6374620521894296;0,7120967837532396;2026-01-06;1,0
CL00512;2025-01-08;Norte de Santander;Cúcuta;35;F;5;Bachiller;Empleado;3550000,0;3550000,0;normal;Campaña digital;700,0;False;3;Android;1;0;5700000;5700000,0;0,2705580661554333;0,2705580661554333;2025-10-27;0,0
CL00513;2024-06-19;Bogotá D.C.;Bogotá;34;F;3;Posgrado;Independiente;1560000,0;1560000,0;normal;Campaña digital;604,0;False;0;Android;1;0;550000;550000,0;0,26388411070647405;0,26388411070647405;2025-05-19;0,0
CL00514;2025-08-09;Bogotá D.C.;Bogotá;27;M;3;Bachiller;Independiente;3310000,0;3310000,0;normal;App orgánico;603,0;True;1;Android;1;0;950000;950000,0;0,4372728880386129;0,4372728880386129;2025-12-18;0,0
CL00515;2024-08-17;Valle del Cauca;Cali;30;M;3;Bachiller;Empleado;2080000,0;2080000,0;normal;App orgánico;598,0;True;1;Web;1;0;1900000;1900000,0;0,4661573550513715;0,4661573550513715;2025-04-20;0,0
CL00516;2023-06-22;Santander;Bucaramanga;44;F;3;Universitario;Empleado;4490000,0;4490000,0;normal;Campaña digital;656,0;False;0;Android;1;0;2100000;2100000,0;0,2262671259698843;0,2262671259698843;2024-06-10;0,0
CL00517;2024-10-04;Antioquia;Medellín;41;F;3;Sin información;Empleado;2430000,0;2430000,0;normal;App orgánico;587,0;False;2;Android;1;0;1950000;1950000,0;0,21730458079690915;0,21730458079690915;2026-01-01;0,0
CL00519;2025-11-17;Norte de Santander;Cúcuta;37;F;4;Técnico/Tecnólogo;Independiente;2140000,0;2140000,0;normal;Referido;583,0;False;2;Android;1;1;3300000;3300000,0;0,6628424001851634;0,6628424001851634;2025-07-14;1,0
CL00520;2025-12-25;Meta;Villavicencio;44;F;2;Técnico/Tecnólogo;Independiente;1700000,0;1700000,0;normal;Aliado comercial;550,0;False;0;iOS;1;0;850000;850000,0;0,3394952826634485;0,3394952826634485;2026-03-11;0,0
CL00521;2023-02-01;Santander;Bucaramanga;19;F;5;Universitario;Empleado;6760000,0;6760000,0;normal;App orgánico;750,0;True;0;iOS;1;0;3100000;3100000,0;0,12719575316824905;0,12719575316824905;2024-01-23;0,0
CL00522;2024-04-28;Bogotá D.C.;Bogotá;41;M;1;Técnico/Tecnólogo;Estudiante;1000000,0;1000000,0;normal;App orgánico;484,0;False;3;Android;1;0;1050000;1050000,0;0,6974612107048206;0,6974612107048206;2025-01-22;0,0
CL00524;2025-01-11;Cundinamarca;Soacha;42;M;2;Técnico/Tecnólogo;Microempresario;2470000,0;2470000,0;normal;Campaña digital;604,0;True;0;Android;2;0;1750000;875000,0;0,2951997254935155;0,4356992061263933;2026-03-03;0,0
CL00525;2025-04-01;Valle del Cauca;Cali;28;M;5;Universitario;Conductor/Repartidor;3880000,0;3880000,0;normal;Campaña digital;606,0;True;0;Android;2;0;7100000;3550000,0;0,3998927354394395;0,5694328565998819;2026-01-17;0,0
CL00526;2024-10-24;Bogotá D.C.;Bogotá;19;M;2;Técnico/Tecnólogo;Empleado;1410000,0;1410000,0;normal;App orgánico;587,0;False;1;Web;1;0;2350000;2350000,0;0,6432634633981724;0,6432634633981724;2025-06-20;0,0
CL00527;2023-07-26;Atlántico;Barranquilla;20;M;2;Técnico/Tecnólogo;Independiente;1920000,0;1920000,0;normal;Referido;531,0;False;0;Android;1;0;900000;900000,0;0,7027370815685582;0,7027370815685582;2024-01-18;0,0
CL00529;2024-06-27;Bolívar;Cartagena;39;F;2;Bachiller;Microempresario;1520000,0;1520000,0;normal;Campaña digital;514,0;False;0;Android;1;1;2200000;2200000,0;0,6075031505174127;0,6075031505174127;2025-02-22;1,0
CL00531;2025-04-21;Bogotá D.C.;Bogotá;42;M;1;Universitario;Empleado;2110000,0;2110000,0;normal;App orgánico;650,0;False;2;Android;1;0;1650000;1650000,0;0,4161260390912534;0,4161260390912534;2025-07-03;0,0
CL00532;2025-02-21;Valle del Cauca;Cali;19;F;4;Bachiller;Independiente;1870000,0;1870000,0;normal;Call center;626,0;False;0;Android;1;0;1200000;1200000,0;0,27569097807126774;0,27569097807126774;2025-10-22;0,0
CL00533;2023-02-03;Atlántico;Barranquilla;35;F;2;Sin información;Desempleado;820000,0;820000,0;normal;Call center;486,0;False;0;Android;1;1;450000;450000,0;0,853686339497263;0,853686339497263;2024-06-15;1,0
CL00534;2024-05-02;Bolívar;Cartagena;24;F;3;Universitario;Empleado;2590000,0;2590000,0;normal;Referido;622,0;False;4;Android;1;0;950000;950000,0;0,33492826999924746;0,33492826999924746;2024-07-07;0,0
CL00535;2025-12-02;Bogotá D.C.;Bogotá;29;M;1;Bachiller;Estudiante;700000,0;700000,0;normal;App orgánico;438,0;False;0;Android;1;1;1000000;1000000,0;0,7677562223904232;0,7677562223904232;2025-09-06;1,0
CL00537;2023-02-05;Antioquia;Medellín;27;F;2;Universitario;Independiente;2680000,0;2680000,0;normal;App orgánico;476,0;False;4;Android;1;1;2100000;2100000,0;0,7767687370230036;0,7767687370230036;2023-02-23;1,0
CL00538;2023-08-11;Bogotá D.C.;Bogotá;32;F;2;Sin información;Independiente;3460000,0;3460000,0;normal;Call center;642,0;False;1;Android;1;1;6650000;6650000,0;0,5216908577078525;0,5216908577078525;2024-02-06;1,0
CL00539;2025-10-27;Santander;Bucaramanga;46;F;4;Sin información;Independiente;2620000,0;2620000,0;normal;Aliado comercial;651,0;False;2;Android;2;0;7200000;3600000,0;0,21940827751265654;0,2869976671775403;2025-12-29;0,0
CL00540;2023-01-22;Antioquia;Medellín;30;M;2;Técnico/Tecnólogo;Microempresario;3240000,0;3240000,0;normal;Campaña digital;736,0;False;3;iOS;2;0;5450000;2725000,0;0,20097088697329513;0,22832390765132218;2025-06-27;0,0
CL00541;2023-04-26;Atlántico;Barranquilla;44;M;2;Sin información;Empleado;2570000,0;2570000,0;normal;Campaña digital;668,0;False;1;Android;2;2;2550000;1275000,0;0,30284385314620244;0,3649958435257785;2024-11-18;1,0
CL00542;2024-02-15;Bogotá D.C.;Bogotá;25;F;3;Técnico/Tecnólogo;Empleado;2350000,0;2350000,0;normal;Referido;535,0;False;2;Android;1;1;750000;750000,0;0,5339614866782771;0,5339614866782771;2025-06-07;1,0
CL00543;2024-10-04;Atlántico;Barranquilla;41;F;5;Bachiller;Empleado;4250000,0;4250000,0;normal;Campaña digital;678,0;True;0;Web;1;0;7500000;7500000,0;0,3445142327876156;0,3445142327876156;2026-01-11;0,0
CL00544;2025-11-05;Bolívar;Cartagena;50;M;5;Técnico/Tecnólogo;Microempresario;2820000,0;2820000,0;normal;Referido;689,0;False;3;Android;2;0;11600000;5800000,0;0,23812508881993155;0,29557242547202284;2026-01-07;0,0
CL00545;2023-05-03;Cundinamarca;Soacha;19;F;2;Sin información;Empleado;1910000,0;1910000,0;normal;Referido;649,0;False;0;Android;1;0;3250000;3250000,0;0,4322014172676692;0,4322014172676692;2023-06-27;0,0
CL00546;2023-04-02;Valle del Cauca;Cali;28;M;2;Posgrado;Comerciante;4760000,0;4760000,0;normal;Aliado comercial;684,0;True;0;Android;1;0;2800000;2800000,0;0,3275410596498902;0,3275410596498902;2025-04-14;0,0
CL00547;2025-04-27;Antioquia;Medellín;42;F;3;Bachiller;Microempresario;2530000,0;2530000,0;normal;Referido;642,0;True;1;Android;1;0;1400000;1400000,0;0,31242579162232353;0,31242579162232353;2025-08-30;0,0
CL00548;2025-07-03;Santander;Bucaramanga;34;M;2;Universitario;Independiente;1860000,0;1860000,0;normal;App orgánico;488,0;False;1;Android;3;0;9600000;3200000,0;0,6551216078161887;0,6608882689368039;2025-10-20;0,0
CL00550;2023-09-22;Valle del Cauca;Cali;30;M;5;Técnico/Tecnólogo;Microempresario;2830000,0;2830000,0;normal;Call center;705,0;False;0;Android;2;0;4050000;2025000,0;0,28627407517584663;0,3176356435726704;2025-08-29;0,0
CL00551;2025-12-23;Bogotá D.C.;Bogotá;37;M;3;Posgrado;Microempresario;3230000,0;3230000,0;normal;App orgánico;513,0;False;1;Android;1;0;650000;650000,0;0,5377960234560526;0,5377960234560526;2025-09-23;0,0
CL00552;2024-05-17;Antioquia;Medellín;34;M;2;Universitario;Empleado;2250000,0;2250000,0;normal;Campaña digital;699,0;False;2;Web;1;0;2700000;2700000,0;0,3059549488265364;0,3059549488265364;2025-12-09;0,0
CL00553;2024-12-23;Bogotá D.C.;Bogotá;48;F;2;Bachiller;Comerciante;1250000,0;1250000,0;normal;Aliado comercial;641,0;True;2;Android;1;0;650000;650000,0;0,2782461547605432;0,2782461547605432;2025-07-07;0,0
CL00554;2023-07-13;Bogotá D.C.;Bogotá;39;M;2;Posgrado;Comerciante;2570000,0;2570000,0;normal;Campaña digital;478,0;False;3;Android;2;2;5450000;2725000,0;0,6667363898817473;0,8145362746380247;2025-01-15;1,0
CL00555;2025-02-27;Bogotá D.C.;Bogotá;39;F;1;Bachiller;Pensionado;1750000,0;1750000,0;normal;Referido;450,0;True;2;iOS;2;1;2650000;1325000,0;0,5669194971184749;0,6997874917359549;2026-02-19;0,5
CL00556;2024-05-10;Valle del Cauca;Cali;32;F;2;Universitario;Estudiante;480000,0;480000,0;normal;Aliado comercial;592,0;False;2;Android;1;1;900000;900000,0;0,5987293789473503;0,5987293789473503;2025-11-04;1,0
CL00559;2023-08-27;Bogotá D.C.;Bogotá;40;M;2;Técnico/Tecnólogo;Empleado;3880000,0;3880000,0;normal;App orgánico;611,0;True;0;Android;1;0;2900000;2900000,0;0,2285236988496153;0,2285236988496153;2026-02-03;0,0
CL00561;2023-07-08;Valle del Cauca;Cali;39;M;2;Bachiller;Empleado;2940000,0;2940000,0;normal;Call center;553,0;False;2;Android;1;0;6250000;6250000,0;0,2688175695300235;0,2688175695300235;2025-06-18;0,0
CL00562;2024-01-30;Cundinamarca;Soacha;57;F;4;Universitario;Independiente;5140000,0;5140000,0;normal;Referido;781,0;True;0;Android;1;0;5700000;5700000,0;0,20173416969539995;0,20173416969539995;2025-12-09;0,0
CL00563;2023-07-27;Santander;Bucaramanga;45;M;2;Universitario;Empleado;2570000,0;2570000,0;normal;Aliado comercial;605,0;False;3;Android;1;0;1150000;1150000,0;0,36957018815768344;0,36957018815768344;2024-03-02;0,0
CL00564;2023-12-19;Bogotá D.C.;Bogotá;33;F;3;Técnico/Tecnólogo;Independiente;2570000,0;2570000,0;normal;App orgánico;703,0;False;2;iOS;1;0;3100000;3100000,0;0,39693047308013746;0,39693047308013746;2026-03-27;0,0
CL00566;2023-02-23;Valle del Cauca;Cali;32;M;3;Bachiller;Conductor/Repartidor;1230000,0;1230000,0;normal;Aliado comercial;392,0;False;0;Android;1;0;1300000;1300000,0;0,7352916355819683;0,7352916355819683;2025-05-26;0,0
CL00568;2025-09-04;Bogotá D.C.;Bogotá;26;M;2;Universitario;Empleado;2570000,0;2570000,0;normal;Referido;528,0;False;3;Android;2;1;4300000;2150000,0;0,604301813911547;0,6202599477989816;2025-07-01;0,5
CL00569;2025-08-13;Atlántico;Barranquilla;19;M;4;Bachiller;Estudiante;820000,0;820000,0;normal;App orgánico;538,0;True;3;iOS;1;0;1250000;1250000,0;0,7338252251808552;0,7338252251808552;2025-12-29;0,0
CL00570;2025-07-25;Valle del Cauca;Cali;32;F;4;Universitario;Conductor/Repartidor;2110000,0;2110000,0;normal;Campaña digital;506,0;False;4;Android;1;0;3450000;3450000,0;0,7151587194179505;0,7151587194179505;2025-09-09;0,0
CL00571;2023-11-01;Antioquia;Medellín;36;F;2;Universitario;Microempresario;1870000,0;1870000,0;normal;Campaña digital;571,0;True;2;Android;1;0;1200000;1200000,0;0,27421485704895515;0,27421485704895515;2026-02-23;0,0
CL00573;2025-10-08;Santander;Bucaramanga;39;F;4;Técnico/Tecnólogo;Pensionado;2450000,0;2450000,0;normal;Aliado comercial;577,0;False;2;iOS;1;0;1950000;1950000,0;0,5284323186678043;0,5284323186678043;2025-12-01;0,0
CL00574;2025-02-07;Tolima;Ibagué;34;M;3;Sin información;Independiente;2170000,0;2170000,0;normal;Referido;631,0;False;2;Web;1;1;1650000;1650000,0;0,47535731370090395;0,47535731370090395;2025-02-23;1,0
CL00575;2024-04-15;Antioquia;Medellín;44;M;3;Técnico/Tecnólogo;Empleado;3230000,0;3230000,0;normal;Referido;572,0;False;2;Android;2;1;7000000;3500000,0;0,4675529000790346;0,49973958860602663;2025-11-12;0,5
CL00576;2023-10-10;Bogotá D.C.;Bogotá;19;M;5;Bachiller;Microempresario;4330000,0;4330000,0;normal;App orgánico;673,0;True;2;Android;1;0;9450000;9450000,0;0,3919819750776382;0,3919819750776382;2026-01-14;0,0
CL00578;2023-10-16;Bogotá D.C.;Bogotá;44;M;2;Bachiller;Microempresario;1670000,0;1670000,0;normal;Campaña digital;589,0;True;2;Android;2;1;3650000;1825000,0;0,3888528475787713;0,5362705844103439;2026-01-13;0,5
CL00579;2024-05-21;Risaralda;Pereira;21;M;2;Bachiller;Empleado;4210000,0;4210000,0;normal;App orgánico;600,0;False;1;Android;1;1;4000000;4000000,0;0,6092967515665086;0,6092967515665086;2024-06-17;1,0
CL00580;2023-12-08;Bogotá D.C.;Bogotá;47;M;3;Posgrado;Microempresario;2740000,0;2740000,0;normal;Call center;611,0;False;0;Android;1;0;3300000;3300000,0;0,35200345404536565;0,35200345404536565;2025-10-09;0,0
CL00582;2026-01-16;Santander;Bucaramanga;32;M;2;Universitario;Independiente;1880000,0;1880000,0;normal;Referido;497,0;False;3;Android;2;1;4250000;2125000,0;0,6347024038557791;0,7362903339367738;2025-11-30;0,5
CL00583;2024-09-04;Santander;Bucaramanga;42;F;3;Universitario;Independiente;2100000,0;2100000,0;normal;Referido;540,0;False;1;Android;1;0;2050000;2050000,0;0,3822868424749156;0,3822868424749156;2025-09-21;0,0
CL00584;2023-02-26;Cundinamarca;Soacha;59;M;5;Técnico/Tecnólogo;Comerciante;3470000,0;3470000,0;normal;App orgánico;674,0;False;1;Android;1;0;4500000;4500000,0;0,26864972669039044;0,26864972669039044;2025-04-24;0,0
CL00585;2023-02-19;Atlántico;Barranquilla;38;M;4;Técnico/Tecnólogo;Empleado;3040000,0;3040000,0;normal;App orgánico;687,0;False;4;Android;3;2;12950000;4316666,666666667;0,4551219136669957;0,521726215978158;2024-08-14;0,6666666666666666
CL00586;2024-04-27;Santander;Bucaramanga;38;M;2;Posgrado;Conductor/Repartidor;1340000,0;1340000,0;normal;Call center;487,0;False;2;Android;1;1;3100000;3100000,0;0,81864773122046;0,81864773122046;2024-05-23;1,0
CL00587;2023-05-03;Meta;Villavicencio;31;F;1;Bachiller;Empleado;1310000,0;1310000,0;normal;Campaña digital;552,0;True;1;Android;2;0;900000;450000,0;0,5151097786423139;0,5629555832360168;2024-11-28;0,0
CL00589;2025-11-13;Meta;Villavicencio;44;F;4;Posgrado;Conductor/Repartidor;2180000,0;2180000,0;normal;App orgánico;490,0;False;2;Android;1;0;2800000;2800000,0;0,8112113020336169;0,8112113020336169;2025-05-19;0,0
CL00590;2025-05-10;Bogotá D.C.;Bogotá;27;M;3;Técnico/Tecnólogo;Microempresario;2550000,0;2550000,0;normal;Campaña digital;642,0;False;0;Android;1;0;1750000;1750000,0;0,23733695780711583;0,23733695780711583;2025-12-22;0,0
CL00591;2024-02-01;Antioquia;Medellín;37;F;3;Bachiller;Microempresario;4810000,0;4810000,0;normal;Aliado comercial;588,0;True;2;iOS;1;1;1000000;1000000,0;0,5856617274726231;0,5856617274726231;2024-05-29;1,0
CL00593;2023-07-22;Bogotá D.C.;Bogotá;41;F;1;Universitario;Estudiante;1160000,0;1160000,0;normal;Referido;588,0;False;0;Android;3;2;2650000;883333,3333333334;0,496844580290212;0,6567153195403094;2025-11-10;0,6666666666666666
CL00594;2025-03-13;Cundinamarca;Soacha;39;F;1;Sin información;Microempresario;2170000,0;2170000,0;normal;Aliado comercial;505,0;False;0;Android;3;2;6100000;2033333,3333333333;0,570601968845461;0,714537821037836;2025-07-28;0,6666666666666666
CL00597;2024-08-19;Santander;Bucaramanga;33;F;2;Técnico/Tecnólogo;Microempresario;2670000,0;2670000,0;normal;Campaña digital;515,0;False;0;iOS;1;0;1750000;1750000,0;0,2757806864045409;0,2757806864045409;2026-02-26;0,0
CL00598;2023-03-21;Norte de Santander;Cúcuta;26;M;3;Técnico/Tecnólogo;Independiente;4660000,0;4660000,0;normal;Campaña digital;705,0;True;1;Android;2;1;23600000;11800000,0;0,5054370876324517;0,5730937811436031;2024-05-15;0,5
CL00599;2024-07-11;Meta;Villavicencio;32;F;2;Universitario;Empleado;2570000,0;2570000,0;normal;Aliado comercial;616,0;True;3;Android;1;0;350000;350000,0;0,25838195550354665;0,25838195550354665;2025-03-18;0,0
CL00600;2025-11-04;Antioquia;Medellín;40;F;5;Universitario;Empleado;4020000,0;4020000,0;normal;Aliado comercial;733,0;False;2;iOS;2;1;6850000;3425000,0;0,16069928219445906;0,18665416243047586;2026-02-16;0,5
CL00601;2023-03-18;Bogotá D.C.;Bogotá;44;F;3;Técnico/Tecnólogo;Independiente;1570000,0;1570000,0;normal;Call center;664,0;False;2;iOS;1;0;1150000;1150000,0;0,367875727294172;0,367875727294172;2024-04-25;0,0
CL00602;2023-11-23;Bogotá D.C.;Bogotá;27;M;3;Posgrado;Independiente;2720000,0;2720000,0;normal;Call center;486,0;False;3;iOS;1;1;4750000;4750000,0;0,8262804256332242;0,8262804256332242;2024-11-28;1,0
CL00603;2025-12-28;Norte de Santander;Cúcuta;45;F;3;Técnico/Tecnólogo;Independiente;2570000,0;2570000,0;normal;Referido;537,0;True;3;Android;1;1;1550000;1550000,0;0,7250197031885407;0,7250197031885407;2026-01-06;1,0
CL00604;2025-05-26;Antioquia;Medellín;50;F;2;Universitario;Comerciante;2370000,0;2370000,0;normal;App orgánico;551,0;True;2;Android;2;0;2650000;1325000,0;0,2956885519536795;0,3342592665553206;2026-03-27;0,0
CL00606;2025-05-21;Caldas;Manizales;55;M;1;Sin información;Empleado;2830000,0;2830000,0;normal;Referido;575,0;False;1;Android;2;1;4150000;2075000,0;0,48103764099258906;0,4893090599079721;2025-09-24;0,5
CL00607;2025-01-20;Bogotá D.C.;Bogotá;28;M;1;Universitario;Empleado;3300000,0;3300000,0;normal;App orgánico;550,0;False;0;Web;2;1;5650000;2825000,0;0,3773397634518092;0,46944791186610013;2026-03-21;0,5
CL00609;2023-09-17;Bogotá D.C.;Bogotá;19;M;3;Técnico/Tecnólogo;Conductor/Repartidor;2330000,0;2330000,0;normal;Aliado comercial;536,0;True;1;Android;1;0;1400000;1400000,0;0,45629202647630396;0,45629202647630396;2026-01-21;0,0
CL00611;2023-06-17;Bogotá D.C.;Bogotá;43;M;2;Universitario;Conductor/Repartidor;1910000,0;1910000,0;normal;App orgánico;529,0;True;2;Android;1;1;2150000;2150000,0;0,7936477268962893;0,7936477268962893;2025-02-02;1,0
CL00612;2024-05-20;Valle del Cauca;Cali;35;F;3;Bachiller;Comerciante;2570000,0;2570000,0;normal;Referido;588,0;False;2;Android;1;0;2050000;2050000,0;0,19524193717112304;0,19524193717112304;2026-01-21;0,0
CL00613;2024-09-02;Antioquia;Medellín;39;F;2;Bachiller;Independiente;3570000,0;3570000,0;normal;Campaña digital;547,0;False;2;Android;2;0;7300000;3650000,0;0,5363259809119785;0,6202737706009844;2026-03-20;0,0
CL00614;2023-06-17;Santander;Bucaramanga;25;M;3;Bachiller;Empleado;4450000,0;4450000,0;normal;Call center;717,0;False;0;Android;2;0;13850000;6925000,0;0,19069585781678913;0,21371523138196347;2025-07-04;0,0
CL00615;2024-03-17;Antioquia;Medellín;60;M;4;Universitario;Independiente;1970000,0;1970000,0;normal;Campaña digital;588,0;False;2;Android;1;1;2300000;2300000,0;0,677653188656762;0,677653188656762;2024-05-05;1,0
CL00616;2025-11-23;Santander;Bucaramanga;37;F;2;Bachiller;Empleado;2800000,0;2800000,0;normal;Call center;710,0;True;0;Web;2;0;6000000;3000000,0;0,41857329566442075;0,6284512249652264;2026-02-14;0,0
CL00617;2024-11-11;Valle del Cauca;Cali;37;F;3;Técnico/Tecnólogo;Desempleado;880000,0;880000,0;normal;Aliado comercial;543,0;False;1;Android;1;1;400000;400000,0;0,8036880435477504;0,8036880435477504;2025-02-03;1,0
CL00618;2024-12-28;Atlántico;Barranquilla;43;F;5;Técnico/Tecnólogo;Estudiante;1550000,0;1550000,0;normal;App orgánico;532,0;True;2;Android;1;0;500000;500000,0;0,4493468351867905;0,4493468351867905;2026-01-11;0,0
CL00619;2024-10-02;Atlántico;Barranquilla;41;M;2;Bachiller;Pensionado;1880000,0;1880000,0;normal;App orgánico;503,0;False;3;Android;1;0;1300000;1300000,0;0,3376735654083674;0,3376735654083674;2026-03-24;0,0
CL00622;2025-07-25;Antioquia;Medellín;41;M;1;Universitario;Independiente;2140000,0;2140000,0;normal;Referido;659,0;False;1;iOS;2;0;2600000;1300000,0;0,2889099709569162;0,3613917648565754;2026-03-06;0,0
CL00623;2024-08-17;Bogotá D.C.;Bogotá;55;M;4;Universitario;Independiente;2030000,0;2030000,0;normal;App orgánico;576,0;False;1;Android;3;1;5900000;1966666,6666666667;0,37282287070916675;0,5221325620172435;2026-03-24;0,3333333333333333
CL00624;2025-01-15;Bolívar;Cartagena;49;F;4;Bachiller;Empleado;6520000,0;6520000,0;normal;App orgánico;675,0;False;1;Web;1;0;3200000;3200000,0;0,21001491866057756;0,21001491866057756;2025-02-23;0,0
CL00625;2025-01-20;Norte de Santander;Cúcuta;52;F;1;Sin información;Empleado;2300000,0;2300000,0;normal;Aliado comercial;572,0;False;2;Android;1;0;1750000;1750000,0;0,38290544340125565;0,38290544340125565;2025-11-10;0,0
CL00627;2024-09-28;Antioquia;Medellín;26;F;3;Sin información;Independiente;3350000,0;3350000,0;normal;App orgánico;581,0;False;0;Android;2;0;3250000;1625000,0;0,34274720917143386;0,3502459549919292;2025-12-19;0,0
CL00628;2025-03-19;Bogotá D.C.;Bogotá;35;F;4;Universitario;Comerciante;4240000,0;4240000,0;normal;App orgánico;657,0;False;1;Android;1;0;2000000;2000000,0;0,234054318417357;0,234054318417357;2025-04-24;0,0
CL00629;2023-09-15;Antioquia;Medellín;37;M;1;Bachiller;Empleado;3380000,0;3380000,0;normal;Campaña digital;662,0;False;2;iOS;1;0;1350000;1350000,0;0,24535404880669986;0,24535404880669986;2025-01-01;0,0
CL00630;2024-04-22;Bogotá D.C.;Bogotá;47;F;3;Técnico/Tecnólogo;Comerciante;3190000,0;3190000,0;normal;App orgánico;572,0;False;2;Web;2;0;2350000;1175000,0;0,4332883794342062;0,4376245207673641;2025-08-02;0,0
CL00632;2025-07-07;Valle del Cauca;Cali;51;M;3;Técnico/Tecnólogo;Independiente;2450000,0;2450000,0;normal;App orgánico;547,0;True;1;Android;1;0;5050000;5050000,0;0,37624581916274547;0,37624581916274547;2026-03-24;0,0
CL00634;2024-03-16;Bolívar;Cartagena;32;F;4;Bachiller;Independiente;3180000,0;3180000,0;normal;Referido;565,0;True;0;Android;1;1;1450000;1450000,0;0,487202738783364;0,487202738783364;2024-10-19;1,0
CL00635;2023-09-04;Cundinamarca;Soacha;26;F;1;Técnico/Tecnólogo;Empleado;2160000,0;2160000,0;normal;Referido;511,0;False;4;Android;2;0;3850000;1925000,0;0,5427913339065928;0,6443068497838098;2025-04-11;0,0
CL00636;2024-03-06;Valle del Cauca;Cali;19;M;2;Técnico/Tecnólogo;Independiente;2350000,0;2350000,0;normal;Referido;520,0;False;2;Android;1;1;4300000;4300000,0;0,682880166607574;0,682880166607574;2025-02-21;1,0
CL00637;2023-11-30;Santander;Bucaramanga;44;F;4;Universitario;Pensionado;2400000,0;2400000,0;normal;Aliado comercial;601,0;False;4;Android;2;0;5050000;2525000,0;0,3914299682034281;0,40704710505472025;2025-10-10;0,0
CL00639;2025-08-25;Atlántico;Barranquilla;23;F;5;Técnico/Tecnólogo;Estudiante;2740000,0;2740000,0;normal;Campaña digital;583,0;True;2;iOS;1;0;2500000;2500000,0;0,21388722891958514;0,21388722891958514;2026-03-23;0,0
CL00640;2023-03-28;Antioquia;Medellín;23;M;4;Bachiller;Microempresario;2930000,0;2930000,0;normal;Referido;541,0;False;2;Web;1;0;1800000;1800000,0;0,36256505068551986;0,36256505068551986;2023-12-18;0,0
CL00641;2025-03-22;Bogotá D.C.;Bogotá;33;F;2;Técnico/Tecnólogo;Empleado;2910000,0;2910000,0;normal;Aliado comercial;547,0;False;0;Android;1;0;2050000;2050000,0;0,1922013208040635;0,1922013208040635;2026-03-28;0,0
CL00642;2023-12-29;Antioquia;Medellín;53;M;3;Universitario;Empleado;3810000,0;3810000,0;normal;App orgánico;633,0;True;3;iOS;1;0;2850000;2850000,0;0,3100698259848721;0,3100698259848721;2025-08-13;0,0
CL00643;2025-04-25;Valle del Cauca;Cali;33;M;2;Bachiller;Empleado;2000000,0;2000000,0;normal;Referido;555,0;False;1;Android;1;0;5150000;5150000,0;0,6712251608718709;0,6712251608718709;2025-08-21;0,0
CL00645;2025-12-05;Atlántico;Barranquilla;34;M;2;Técnico/Tecnólogo;Empleado;1940000,0;1940000,0;normal;Campaña digital;574,0;False;0;Android;1;0;700000;700000,0;0,46046401522325453;0,46046401522325453;2025-12-09;0,0
CL00646;2024-12-05;Risaralda;Pereira;33;F;1;Bachiller;Desempleado;320000,0;320000,0;normal;Campaña digital;415,0;False;0;iOS;1;0;250000;250000,0;0,3971297981552767;0,3971297981552767;2026-01-05;0,0
CL00647;2025-03-21;Bogotá D.C.;Bogotá;19;F;2;Técnico/Tecnólogo;Empleado;2550000,0;2550000,0;normal;Campaña digital;588,0;True;0;iOS;1;0;1200000;1200000,0;0,2869410093811552;0,2869410093811552;2026-03-20;0,0
CL00648;2025-03-26;Bogotá D.C.;Bogotá;35;F;4;Técnico/Tecnólogo;Independiente;2130000,0;2130000,0;normal;Campaña digital;605,0;False;1;Android;1;1;2900000;2900000,0;0,606563230069592;0,606563230069592;2025-10-08;1,0
CL00649;2025-12-14;Valle del Cauca;Cali;34;F;2;Técnico/Tecnólogo;Comerciante;1680000,0;1680000,0;normal;Referido;577,0;False;1;iOS;1;0;1650000;1650000,0;0,5607406017950308;0,5607406017950308;2025-10-02;0,0
CL00652;2024-02-20;Bogotá D.C.;Bogotá;47;M;4;Bachiller;Empleado;4510000,0;4510000,0;normal;Call center;588,0;True;1;iOS;1;0;2000000;2000000,0;0,3873555415637919;0,3873555415637919;2025-05-14;0,0
CL00653;2023-08-24;Norte de Santander;Cúcuta;33;F;2;Técnico/Tecnólogo;Independiente;1870000,0;1870000,0;normal;Referido;578,0;True;0;iOS;2;0;3450000;1725000,0;0,37131262340589033;0,5588171907470666;2026-01-25;0,0
CL00654;2024-06-01;Bogotá D.C.;Bogotá;25;F;5;Técnico/Tecnólogo;Empleado;4700000,0;4700000,0;normal;Referido;645,0;False;3;iOS;1;0;3650000;3650000,0;0,2684353527013738;0,2684353527013738;2025-10-18;0,0
CL00656;2024-03-24;Bogotá D.C.;Bogotá;37;M;2;Técnico/Tecnólogo;Microempresario;3720000,0;3720000,0;normal;App orgánico;634,0;False;1;Android;3;1;7000000;2333333,3333333335;0,30888692513655297;0,42587846366644666;2025-12-31;0,3333333333333333
CL00657;2023-12-03;Valle del Cauca;Cali;36;F;4;Bachiller;Conductor/Repartidor;1830000,0;1830000,0;normal;Aliado comercial;547,0;False;0;Android;1;1;2900000;2900000,0;0,7063518677855943;0,7063518677855943;2024-04-14;1,0
CL00658;2023-05-07;Risaralda;Pereira;36;F;1;Técnico/Tecnólogo;Empleado;2370000,0;2370000,0;normal;App orgánico;569,0;True;2;Web;2;0;3500000;1750000,0;0,49545129739543114;0,4958030237699533;2024-11-28;0,0
CL00659;2025-08-20;Antioquia;Medellín;38;F;2;Bachiller;Desempleado;870000,0;870000,0;normal;App orgánico;448,0;False;2;iOS;2;2;550000;275000,0;0,8225069789837656;0,8238474828411305;2025-07-07;1,0
CL00660;2025-06-19;Antioquia;Medellín;35;F;3;Universitario;Conductor/Repartidor;1550000,0;1550000,0;normal;Referido;572,0;False;1;Android;1;0;400000;400000,0;0,281779342070608;0,281779342070608;2026-01-27;0,0
CL00661;2025-09-12;Santander;Bucaramanga;30;F;4;Técnico/Tecnólogo;Comerciante;4440000,0;4440000,0;normal;Aliado comercial;616,0;False;1;iOS;1;0;15050000;15050000,0;0,721000246198933;0,721000246198933;2025-08-29;0,0
CL00663;2025-03-19;Atlántico;Barranquilla;36;M;2;Bachiller;Comerciante;3410000,0;3410000,0;normal;Campaña digital;556,0;False;2;Android;1;1;3600000;3600000,0;0,651746128908705;0,651746128908705;2025-08-24;1,0
CL00666;2023-08-21;Santander;Bucaramanga;37;M;2;Técnico/Tecnólogo;Empleado;6560000,0;6560000,0;normal;Referido;647,0;True;3;Android;3;0;10150000;3383333,3333333335;0,20362618613197717;0,3020455207375397;2025-11-08;0,0
CL00667;2023-08-28;Santander;Bucaramanga;33;No informa;4;Universitario;Empleado;2620000,0;2620000,0;normal;Campaña digital;645,0;True;1;Android;2;1;8300000;4150000,0;0,30477782046833835;0,42704239368034214;2025-11-10;0,5
CL00668;2023-11-16;Atlántico;Barranquilla;51;M;2;Universitario;Empleado;1860000,0;1860000,0;normal;Call center;492,0;False;0;Android;2;1;2650000;1325000,0;0,43378722557680616;0,4633803441147236;2025-03-15;0,5
CL00670;2025-01-06;Bogotá D.C.;Bogotá;47;F;4;Universitario;Comerciante;5440000,0;5440000,0;normal;Aliado comercial;684,0;False;1;iOS;1;0;1200000;1200000,0;0,1871118815933419;0,1871118815933419;2025-05-19;0,0
CL00671;2024-09-04;Bogotá D.C.;Bogotá;48;M;3;Universitario;Empleado;2700000,0;2700000,0;normal;Call center;641,0;True;3;Android;1;0;2650000;2650000,0;0,3580384442913262;0,3580384442913262;2025-12-17;0,0
CL00672;2025-11-27;Bogotá D.C.;Bogotá;19;M;3;Bachiller;Empleado;5590000,0;5590000,0;normal;Aliado comercial;687,0;False;1;Android;1;0;2250000;2250000,0;0,33207501513234333;0,33207501513234333;2026-02-11;0,0
CL00673;2023-03-25;Bogotá D.C.;Bogotá;33;M;4;Universitario;Empleado;6550000,0;6550000,0;normal;Campaña digital;774,0;False;3;iOS;1;0;2350000;2350000,0;0,21377177975182746;0,21377177975182746;2023-05-15;0,0
CL00674;2023-08-08;Antioquia;Medellín;32;M;1;Bachiller;Empleado;2030000,0;2030000,0;normal;Campaña digital;495,0;True;1;Android;2;0;2450000;1225000,0;0,276423099657366;0,28398654676983115;2025-10-02;0,0
CL00677;2025-01-07;Santander;Bucaramanga;25;M;5;Técnico/Tecnólogo;Empleado;3520000,0;3520000,0;normal;Aliado comercial;604,0;False;0;Android;2;0;5800000;2900000,0;0,17480269456996333;0,2203420451374575;2026-03-20;0,0
CL00678;2023-06-07;Norte de Santander;Cúcuta;54;M;2;Bachiller;Empleado;2140000,0;2140000,0;normal;Campaña digital;658,0;True;0;Android;1;0;850000;850000,0;0,29613517111207754;0,29613517111207754;2024-08-16;0,0
CL00679;2024-08-11;Atlántico;Barranquilla;45;M;2;Sin información;Independiente;960000,0;960000,0;normal;Campaña digital;441,0;False;0;Android;1;1;650000;650000,0;0,8454227151331337;0,8454227151331337;2025-06-04;1,0
CL00680;2025-07-14;Santander;Bucaramanga;49;M;4;Bachiller;Conductor/Repartidor;2730000,0;2730000,0;normal;App orgánico;594,0;False;1;Android;2;2;4750000;2375000,0;0,5670978949184271;0,592563137428188;2025-09-20;1,0
CL00682;2025-06-30;Risaralda;Pereira;25;F;3;Bachiller;Empleado;3760000,0;3760000,0;normal;Aliado comercial;669,0;True;0;Android;1;0;7200000;7200000,0;0,35545684009228284;0,35545684009228284;2026-01-05;0,0
CL00683;2025-02-05;Atlántico;Barranquilla;31;F;1;Sin información;Empleado;2130000,0;2130000,0;normal;Referido;552,0;True;2;Android;1;0;1450000;1450000,0;0,43355568346203605;0,43355568346203605;2025-06-02;0,0
CL00685;2023-12-01;Antioquia;Medellín;24;M;1;Técnico/Tecnólogo;Comerciante;1590000,0;1590000,0;normal;App orgánico;465,0;False;0;Android;1;1;1050000;1050000,0;0,7698043178756543;0,7698043178756543;2024-11-19;1,0
CL00687;2024-08-02;Antioquia;Medellín;34;M;3;Bachiller;Independiente;3440000,0;3440000,0;normal;Referido;695,0;False;0;Web;1;1;4950000;4950000,0;0,6077674953054408;0,6077674953054408;2025-09-12;1,0
CL00688;2024-10-23;Bogotá D.C.;Bogotá;32;M;4;Posgrado;Empleado;6150000,0;6150000,0;normal;Referido;706,0;True;3;Android;1;0;4450000;4450000,0;0,2533075830507859;0,2533075830507859;2026-02-11;0,0
CL00689;2025-04-22;Bogotá D.C.;Bogotá;43;F;2;Bachiller;Comerciante;4940000,0;4940000,0;normal;App orgánico;608,0;True;0;Android;1;0;1800000;1800000,0;0,1525902428028771;0,1525902428028771;2026-01-06;0,0
CL00690;2024-08-14;Bogotá D.C.;Bogotá;40;M;2;Universitario;Microempresario;1980000,0;1980000,0;normal;Campaña digital;539,0;False;3;iOS;1;0;4200000;4200000,0;0,7035804086589391;0,7035804086589391;2025-02-01;0,0
CL00691;2025-11-11;Santander;Bucaramanga;32;M;2;Técnico/Tecnólogo;Empleado;3160000,0;3160000,0;normal;Campaña digital;644,0;True;2;Web;3;0;3750000;1250000,0;0,26582367861335765;0,36742768419564537;2026-02-26;0,0
CL00692;2025-04-11;Bogotá D.C.;Bogotá;48;M;2;Universitario;Empleado;3050000,0;3050000,0;normal;Call center;587,0;True;2;Android;2;0;8850000;4425000,0;0,3144135502353287;0,413096734323061;2026-03-11;0,0
CL00693;2025-10-13;Bogotá D.C.;Bogotá;25;F;3;Técnico/Tecnólogo;Independiente;3260000,0;3260000,0;normal;Campaña digital;550,0;False;0;iOS;1;0;3850000;3850000,0;0,650147304707833;0,650147304707833;2025-05-21;0,0
CL00694;2023-04-05;Antioquia;Medellín;42;M;2;Sin información;Pensionado;1830000,0;1830000,0;normal;Campaña digital;526,0;True;1;iOS;1;0;900000;900000,0;0,40916224805990553;0,40916224805990553;2024-01-19;0,0
CL00695;2024-04-28;Bogotá D.C.;Bogotá;42;No informa;3;Bachiller;Empleado;1610000,0;1610000,0;normal;Aliado comercial;485,0;False;0;Web;1;1;1100000;1100000,0;0,7333696744169613;0,7333696744169613;2024-12-06;1,0
CL00696;2024-08-03;Antioquia;Medellín;33;M;5;Técnico/Tecnólogo;Independiente;3370000,0;3370000,0;normal;Aliado comercial;654,0;False;3;Android;2;1;9500000;4750000,0;0,49636112441019764;0,5334609458348857;2025-02-13;0,5
CL00697;2024-05-21;Valle del Cauca;Cali;39;M;6;Universitario;Comerciante;6580000,0;6580000,0;normal;Referido;809,0;False;1;Android;1;1;7850000;7850000,0;0,5309177003017473;0,5309177003017473;2025-01-27;1,0
CL00698;2025-07-19;Tolima;Ibagué;23;M;2;Bachiller;Microempresario;2570000,0;2570000,0;normal;Referido;639,0;True;3;Web;1;0;650000;650000,0;0,2858341351326461;0,2858341351326461;2025-10-13;0,0
CL00699;2024-02-17;Antioquia;Medellín;45;F;2;Universitario;Comerciante;2170000,0;2170000,0;normal;App orgánico;583,0;False;1;Android;1;1;5550000;5550000,0;0,43694901271540687;0,43694901271540687;2025-09-23;1,0
CL00700;2024-06-12;Bogotá D.C.;Bogotá;34;M;5;Bachiller;Empleado;3050000,0;3050000,0;normal;App orgánico;744,0;False;3;iOS;1;0;1650000;1650000,0;0,19990283632059927;0,19990283632059927;2024-12-16;0,0
CL00701;2023-06-09;Tolima;Ibagué;31;M;6;Técnico/Tecnólogo;Estudiante;-1,0;-1,0;normal;App orgánico;559,0;True;2;Android;1;0;2300000;2300000,0;0,5185060770598092;0,5185060770598092;2025-04-25;0,0
CL00702;2023-04-11;Bogotá D.C.;Bogotá;46;M;2;Técnico/Tecnólogo;Independiente;2720000,0;2720000,0;normal;Referido;694,0;False;1;iOS;1;0;1150000;1150000,0;0,3522534165457607;0,3522534165457607;2024-10-04;0,0
CL00703;2025-11-30;Valle del Cauca;Cali;29;F;1;Bachiller;Empleado;2750000,0;2750000,0;normal;App orgánico;534,0;False;0;Android;1;0;950000;950000,0;0,4828930775448787;0,4828930775448787;2026-01-18;0,0
CL00704;2024-12-28;Bogotá D.C.;Bogotá;22;F;3;Universitario;Empleado;2570000,0;2570000,0;normal;Referido;588,0;True;0;Android;1;0;950000;950000,0;0,5047312017656171;0,5047312017656171;2025-06-25;0,0
CL00705;2023-08-24;Bogotá D.C.;Bogotá;20;M;3;Posgrado;Independiente;3440000,0;3440000,0;normal;Referido;544,0;False;1;Android;1;1;1800000;1800000,0;0,7431243607246196;0,7431243607246196;2025-01-10;1,0
CL00706;2024-06-27;Tolima;Ibagué;42;M;2;Bachiller;Independiente;1550000,0;1550000,0;normal;App orgánico;552,0;False;3;Android;1;0;1500000;1500000,0;0,4655611560791554;0,4655611560791554;2025-05-14;0,0
CL00707;2023-07-15;Cundinamarca;Soacha;23;M;2;Posgrado;Conductor/Repartidor;2000000,0;2000000,0;normal;Campaña digital;510,0;False;0;Android;1;0;1450000;1450000,0;0,46824903451859395;0,46824903451859395;2025-11-10;0,0
CL00708;2025-12-04;Antioquia;Medellín;54;F;3;Universitario;Microempresario;4720000,0;4720000,0;normal;App orgánico;685,0;False;0;Android;1;0;2500000;2500000,0;0,1545979895448062;0,1545979895448062;2025-12-17;0,0
CL00709;2024-08-31;Santander;Bucaramanga;19;F;4;Técnico/Tecnólogo;Comerciante;3420000,0;3420000,0;normal;Campaña digital;501,0;True;4;Android;1;1;1500000;1500000,0;0,634984393693575;0,634984393693575;2025-05-03;1,0
CL00710;2025-10-17;Valle del Cauca;Cali;53;F;3;Bachiller;Estudiante;1480000,0;1480000,0;normal;Campaña digital;525,0;False;2;Android;2;0;1450000;725000,0;0,536159547169868;0,6225980403179506;2026-02-21;0,0
CL00711;2023-08-26;Bogotá D.C.;Bogotá;38;M;6;Técnico/Tecnólogo;Independiente;3100000,0;3100000,0;normal;Aliado comercial;686,0;False;1;Android;3;0;5300000;1766666,6666666667;0,31151623001885076;0,40088726357627025;2025-04-11;0,0
CL00712;2025-12-01;Antioquia;Medellín;35;F;3;Universitario;Empleado;6010000,0;6010000,0;normal;Referido;767,0;False;2;Web;1;0;3550000;3550000,0;0,14049052000090967;0,14049052000090967;2026-03-02;0,0
CL00713;2023-12-29;Antioquia;Medellín;31;F;5;Universitario;Empleado;5680000,0;5680000,0;normal;App orgánico;716,0;False;1;Android;1;0;7200000;7200000,0;0,402602311222875;0,402602311222875;2024-03-26;0,0
CL00714;2023-10-30;Bogotá D.C.;Bogotá;40;M;3;Universitario;Empleado;6330000,0;6330000,0;normal;Aliado comercial;797,0;True;2;iOS;1;0;4550000;4550000,0;0,23017372972437405;0,23017372972437405;2024-06-13;0,0
CL00715;2025-05-09;Bogotá D.C.;Bogotá;36;F;4;Técnico/Tecnólogo;Estudiante;970000,0;970000,0;normal;Campaña digital;614,0;False;3;Android;2;0;1200000;600000,0;0,3321482488523658;0,49129472256480505;2026-03-30;0,0
CL00716;2024-03-02;Meta;Villavicencio;47;F;5;Técnico/Tecnólogo;Microempresario;5730000,0;5730000,0;normal;Aliado comercial;588,0;False;2;Android;1;0;14850000;14850000,0;0,3988289155644737;0,3988289155644737;2025-07-19;0,0
CL00718;2023-01-26;Bogotá D.C.;Bogotá;38;F;4;Universitario;Empleado;2660000,0;2660000,0;normal;Referido;637,0;False;0;Android;1;0;5100000;5100000,0;0,4285363578398737;0,4285363578398737;2025-02-05;0,0
CL00719;2025-10-02;Meta;Villavicencio;32;M;3;Universitario;Microempresario;2840000,0;2840000,0;normal;App orgánico;697,0;True;0;Android;1;1;3000000;3000000,0;0,7366795458014128;0,7366795458014128;2025-12-05;1,0
CL00720;2025-08-10;Atlántico;Barranquilla;35;M;5;Posgrado;Independiente;4220000,0;4220000,0;normal;Campaña digital;644,0;False;1;Android;1;0;6400000;6400000,0;0,39536671962116465;0,39536671962116465;2026-03-17;0,0
CL00722;2024-03-12;Cundinamarca;Soacha;19;M;3;Bachiller;Pensionado;2890000,0;2890000,0;normal;Aliado comercial;567,0;True;0;iOS;2;2;5800000;2900000,0;0,6987617378196527;0,7745800192119308;2024-12-08;1,0
CL00723;2023-12-28;Norte de Santander;Cúcuta;23;M;3;Técnico/Tecnólogo;Microempresario;4690000,0;4690000,0;normal;App orgánico;569,0;True;2;Android;1;1;2500000;2500000,0;0,6461183537380161;0,6461183537380161;2024-05-10;1,0
CL00724;2025-01-18;Bogotá D.C.;Bogotá;43;F;2;Bachiller;Empleado;4570000,0;4570000,0;normal;Campaña digital;656,0;True;2;Web;2;0;14400000;7200000,0;0,33979269877771245;0,35148846508899173;2025-12-06;0,0
CL00727;2023-06-18;Cundinamarca;Soacha;36;F;2;Bachiller;Desempleado;600000,0;600000,0;normal;App orgánico;483,0;False;2;Android;1;0;350000;350000,0;0,7249158687622475;0,7249158687622475;2024-07-16;0,0
CL00728;2025-11-11;Bogotá D.C.;Bogotá;39;M;3;Universitario;Pensionado;1520000,0;1520000,0;normal;Referido;472,0;False;4;Android;1;1;1800000;1800000,0;0,7471891913002163;0,7471891913002163;2025-12-01;1,0
CL00729;2025-10-14;Caldas;Manizales;31;M;3;Técnico/Tecnólogo;Empleado;2500000,0;2500000,0;normal;Campaña digital;651,0;False;0;Web;1;0;2350000;2350000,0;0,43818532371345253;0,43818532371345253;2025-10-31;0,0
CL00730;2023-10-28;Valle del Cauca;Cali;28;F;1;Bachiller;Comerciante;2540000,0;2540000,0;normal;Referido;588,0;False;3;Android;1;0;2600000;2600000,0;0,441127581804294;0,441127581804294;2025-04-23;0,0
CL00731;2025-09-17;Bogotá D.C.;Bogotá;38;M;3;Bachiller;Conductor/Repartidor;1560000,0;1560000,0;normal;Referido;598,0;True;0;Web;1;0;1350000;1350000,0;0,39799954744431754;0,39799954744431754;2025-12-24;0,0
CL00732;2024-05-25;Meta;Villavicencio;26;M;1;Universitario;Estudiante;710000,0;710000,0;normal;Campaña digital;449,0;True;0;Android;1;0;250000;250000,0;0,33087814620624956;0,33087814620624956;2026-03-19;0,0
CL00733;2024-11-24;Meta;Villavicencio;40;F;1;Sin información;Empleado;2260000,0;2260000,0;normal;Referido;485,0;False;3;iOS;2;0;7100000;3550000,0;0,34990726148512574;0,46087438350054055;2026-01-09;0,0
CL00734;2023-02-05;Cundinamarca;Soacha;19;F;4;Técnico/Tecnólogo;Empleado;4960000,0;4960000,0;normal;App orgánico;689,0;False;2;Android;1;0;3100000;3100000,0;0,25022522044591056;0,25022522044591056;2023-09-21;0,0
CL00735;2023-03-19;Risaralda;Pereira;46;F;2;Universitario;Independiente;1800000,0;1800000,0;normal;Referido;551,0;False;4;iOS;1;0;450000;450000,0;0,5535088592170151;0,5535088592170151;2023-08-10;0,0
CL00736;2024-09-13;Antioquia;Medellín;41;F;5;Técnico/Tecnólogo;Empleado;4370000,0;4370000,0;normal;Campaña digital;804,0;False;1;Android;1;0;3950000;3950000,0;0,2722755583905779;0,2722755583905779;2025-06-12;0,0
CL00737;2023-10-27;Cundinamarca;Soacha;39;M;3;Posgrado;Estudiante;1470000,0;1470000,0;normal;Aliado comercial;526,0;False;2;Android;2;1;4150000;2075000,0;0,6809470754412782;0,7233249550846191;2025-11-30;0,5
CL00738;2023-02-26;Bogotá D.C.;Bogotá;46;F;3;Bachiller;Independiente;1550000,0;1550000,0;normal;Campaña digital;627,0;False;0;Android;1;0;1650000;1650000,0;0,40646806930419993;0,40646806930419993;2023-12-07;0,0
CL00739;2025-12-03;Norte de Santander;Cúcuta;53;M;5;Técnico/Tecnólogo;Empleado;4290000,0;4290000,0;normal;Campaña digital;671,0;False;2;Android;1;0;10700000;10700000,0;0,27973124719179043;0,27973124719179043;2025-07-27;0,0
CL00740;2025-10-25;Cundinamarca;Soacha;46;F;3;Bachiller;Independiente;3390000,0;3390000,0;normal;Referido;562,0;True;0;Android;1;0;10500000;10500000,0;0,30206728191605536;0,30206728191605536;2026-03-10;0,0
CL00742;2026-01-01;Valle del Cauca;Cali;23;F;3;Bachiller;Microempresario;5920000,0;5920000,0;normal;Campaña digital;705,0;False;4;Web;1;0;4000000;4000000,0;0,2381455752429045;0,2381455752429045;2025-07-04;0,0
CL00743;2024-01-29;Caldas;Manizales;30;F;2;Universitario;Microempresario;2380000,0;2380000,0;normal;Referido;526,0;True;0;iOS;1;0;1150000;1150000,0;0,3947743564468062;0,3947743564468062;2025-06-12;0,0
CL00746;2023-06-15;Risaralda;Pereira;29;F;4;Técnico/Tecnólogo;Microempresario;2720000,0;2720000,0;normal;App orgánico;692,0;True;1;Android;1;0;5100000;5100000,0;0,279657751241976;0,279657751241976;2025-04-30;0,0
CL00747;2025-12-02;Bogotá D.C.;Bogotá;38;M;4;Universitario;Independiente;1920000,0;1920000,0;normal;Aliado comercial;452,0;False;1;iOS;1;0;2550000;2550000,0;0,5496466347882162;0,5496466347882162;2026-03-17;0,0
CL00748;2024-03-07;Bogotá D.C.;Bogotá;28;F;1;Técnico/Tecnólogo;Comerciante;0,0;0,0;normal;App orgánico;483,0;False;2;iOS;3;2;4300000;1433333,3333333333;0,6344640815695249;0,71481873599642;2025-12-27;0,6666666666666666
CL00749;2025-02-05;Bogotá D.C.;Bogotá;30;F;3;Universitario;Estudiante;2060000,0;2060000,0;normal;Referido;604,0;False;0;iOS;1;0;2050000;2050000,0;0,377430113160469;0,377430113160469;2025-11-26;0,0
CL00750;2023-04-26;Valle del Cauca;Cali;22;M;6;Bachiller;Empleado;2570000,0;2570000,0;normal;Campaña digital;674,0;True;1;Android;1;0;1800000;1800000,0;0,37824404321623795;0,37824404321623795;2023-11-20;0,0
CL00751;2024-04-07;Antioquia;Medellín;27;M;3;Universitario;Microempresario;3790000,0;3790000,0;normal;App orgánico;588,0;True;1;Android;1;0;3150000;3150000,0;0,2503559843801357;0,2503559843801357;2025-01-27;0,0
CL00753;2025-12-04;Antioquia;Medellín;26;M;3;Universitario;Empleado;1680000,0;1680000,0;normal;Campaña digital;550,0;False;1;Android;1;1;2250000;2250000,0;0,7393528526295305;0,7393528526295305;2025-08-09;1,0
CL00754;2024-06-02;Cundinamarca;Soacha;47;F;3;Sin información;Independiente;2570000,0;2570000,0;normal;Campaña digital;629,0;True;0;Android;2;0;2500000;1250000,0;0,21006522750084644;0,25160866030647344;2025-11-26;0,0
CL00755;2023-01-20;Bolívar;Cartagena;27;F;3;Universitario;Comerciante;2370000,0;2370000,0;normal;App orgánico;656,0;True;0;Android;1;0;1200000;1200000,0;0,34945074382566627;0,34945074382566627;2024-07-03;0,0
CL00757;2024-09-16;Santander;Bucaramanga;41;F;2;Bachiller;Empleado;2960000,0;2960000,0;normal;Referido;663,0;True;0;iOS;1;0;1450000;1450000,0;0,22161691925490504;0,22161691925490504;2025-02-27;0,0
CL00758;2024-01-16;Valle del Cauca;Cali;38;M;2;Sin información;Empleado;3390000,0;3390000,0;normal;App orgánico;633,0;False;0;Android;1;0;3900000;3900000,0;0,42039020669405497;0,42039020669405497;2025-05-01;0,0
CL00759;2024-08-15;Bogotá D.C.;Bogotá;27;M;3;Bachiller;Empleado;2990000,0;2990000,0;normal;Aliado comercial;575,0;True;0;Android;1;0;5650000;5650000,0;0,5421167593872722;0,5421167593872722;2024-09-10;0,0
CL00761;2024-08-11;Bogotá D.C.;Bogotá;30;F;2;Universitario;Empleado;3820000,0;3820000,0;normal;Campaña digital;562,0;True;3;Android;1;0;4850000;4850000,0;0,21830005977013325;0,21830005977013325;2025-12-31;0,0
CL00762;2025-06-28;Bogotá D.C.;Bogotá;37;M;2;Bachiller;Comerciante;3630000,0;3630000,0;normal;App orgánico;532,0;True;2;iOS;2;1;5100000;2550000,0;0,6427770930171854;0,7802886132851355;2025-11-26;0,5
CL00763;2024-03-02;Cundinamarca;Soacha;62;F;2;Técnico/Tecnólogo;Comerciante;4590000,0;4590000,0;normal;App orgánico;688,0;False;1;Android;1;0;1850000;1850000,0;0,19744577898664586;0,19744577898664586;2026-02-18;0,0
CL00764;2025-05-31;Bogotá D.C.;Bogotá;35;F;2;Bachiller;Independiente;2840000,0;2840000,0;normal;Campaña digital;587,0;False;1;Android;2;1;3350000;1675000,0;0,4056058552610777;0,4464221598214308;2025-12-05;0,5
CL00765;2024-05-08;Bogotá D.C.;Bogotá;47;M;2;Universitario;Conductor/Repartidor;1780000,0;1780000,0;normal;Campaña digital;525,0;False;2;Android;1;1;450000;450000,0;0,6398361222218245;0,6398361222218245;2025-08-27;1,0
CL00766;2023-10-23;Bogotá D.C.;Bogotá;29;F;2;Bachiller;Empleado;1760000,0;1760000,0;normal;Call center;644,0;True;0;Android;1;0;750000;750000,0;0,30672063462676996;0,30672063462676996;2024-02-20;0,0
CL00767;2024-11-13;Atlántico;Barranquilla;36;F;4;Sin información;Comerciante;2260000,0;2260000,0;normal;Aliado comercial;566,0;False;2;iOS;2;2;6600000;3300000,0;0,5754101169854586;0,5832946598750616;2025-07-11;1,0
CL00768;2023-10-17;Bogotá D.C.;Bogotá;54;F;2;Técnico/Tecnólogo;Empleado;3990000,0;3990000,0;normal;App orgánico;721,0;True;2;Web;2;0;4750000;2375000,0;0,18671188853762077;0,21538481886467498;2025-03-09;0,0
CL00769;2024-08-10;Bogotá D.C.;Bogotá;30;M;2;Bachiller;Conductor/Repartidor;1170000,0;1170000,0;normal;Aliado comercial;401,0;False;0;Android;1;1;600000;600000,0;0,8524469256097129;0,8524469256097129;2025-04-19;1,0
CL00770;2024-02-20;Valle del Cauca;Cali;54;F;3;Bachiller;Conductor/Repartidor;2130000,0;2130000,0;normal;Aliado comercial;525,0;False;1;Android;1;1;1250000;1250000,0;0,7747654664426418;0,7747654664426418;2024-07-22;1,0
CL00773;2025-10-06;Valle del Cauca;Cali;42;F;4;Bachiller;Independiente;2180000,0;2180000,0;normal;Aliado comercial;625,0;False;1;Android;1;0;650000;650000,0;0,3114271240478846;0,3114271240478846;2025-11-25;0,0
CL00774;2025-12-21;Tolima;Ibagué;46;M;4;Universitario;Desempleado;1530000,0;1530000,0;normal;Aliado comercial;519,0;False;0;Web;1;0;1350000;1350000,0;0,5642301248985031;0,5642301248985031;2026-01-11;0,0
CL00775;2025-10-15;Valle del Cauca;Cali;42;M;3;Universitario;Estudiante;830000,0;830000,0;normal;Call center;450,0;True;0;Android;2;1;1300000;650000,0;0,5992283819128448;0,7646443526163464;2026-01-13;0,5
CL00776;2024-01-10;Meta;Villavicencio;20;F;3;Técnico/Tecnólogo;Microempresario;2330000,0;2330000,0;normal;Referido;566,0;False;1;Android;1;0;1450000;1450000,0;0,30729653987129685;0,30729653987129685;2025-01-17;0,0
CL00777;2024-05-29;Norte de Santander;Cúcuta;29;M;1;Posgrado;Empleado;3760000,0;3760000,0;normal;Campaña digital;694,0;False;4;Android;2;0;4350000;2175000,0;0,24510947834499652;0,29145700214571685;2025-01-03;0,0
CL00778;2024-09-06;Bogotá D.C.;Bogotá;34;M;2;Sin información;Microempresario;3980000,0;3980000,0;normal;App orgánico;627,0;False;1;Android;1;0;11700000;11700000,0;0,5706932384269303;0,5706932384269303;2026-03-11;0,0
CL00780;2025-12-01;Antioquia;Medellín;42;M;1;Bachiller;Comerciante;1570000,0;1570000,0;normal;Aliado comercial;580,0;True;1;iOS;1;0;800000;800000,0;0,5215744106579228;0,5215744106579228;2025-12-04;0,0
CL00781;2024-12-10;Antioquia;Medellín;38;F;1;Sin información;Independiente;-1,0;-1,0;normal;App orgánico;507,0;True;2;Android;3;3;6000000;2000000,0;0,649851565319968;0,7429655875400925;2026-01-07;1,0
CL00782;2023-09-01;Bogotá D.C.;Bogotá;23;M;3;Universitario;Independiente;2570000,0;2570000,0;normal;Referido;568,0;False;2;Android;1;1;1650000;1650000,0;0,5338642165462304;0,5338642165462304;2025-01-06;1,0
CL00785;2024-06-21;Cundinamarca;Soacha;42;M;6;Bachiller;Comerciante;3070000,0;3070000,0;normal;Call center;709,0;False;3;Android;1;0;4450000;4450000,0;0,29848415060756756;0,29848415060756756;2026-03-05;0,0
CL00786;2024-04-10;Caldas;Manizales;47;F;4;Bachiller;Comerciante;3460000,0;3460000,0;normal;App orgánico;674,0;True;0;Android;1;0;3550000;3550000,0;0,27574068328278895;0,27574068328278895;2025-11-15;0,0
CL00788;2023-03-08;Santander;Bucaramanga;41;M;3;Técnico/Tecnólogo;Empleado;3160000,0;3160000,0;normal;Referido;649,0;True;1;iOS;3;0;9150000;3050000,0;0,23092568175573494;0,3380894850588126;2024-11-10;0,0
CL00789;2024-03-28;Bogotá D.C.;Bogotá;35;M;2;Técnico/Tecnólogo;Microempresario;2480000,0;2480000,0;normal;Campaña digital;627,0;False;1;iOS;3;0;7800000;2600000,0;0,22687141066511204;0,3174355983771489;2026-01-27;0,0
CL00790;2024-02-05;Bogotá D.C.;Bogotá;19;F;4;Posgrado;Independiente;4000000,0;4000000,0;normal;Aliado comercial;564,0;True;2;Android;1;1;3100000;3100000,0;0,756101948427967;0,756101948427967;2024-06-04;1,0
CL00791;2025-06-30;Meta;Villavicencio;40;M;2;Universitario;Conductor/Repartidor;1640000,0;1640000,0;normal;App orgánico;450,0;False;0;Web;1;0;400000;400000,0;0,6093521664009416;0,6093521664009416;2025-12-16;0,0
CL00792;2024-07-26;Valle del Cauca;Cali;38;M;2;Posgrado;Empleado;3360000,0;3360000,0;normal;App orgánico;574,0;False;3;Android;1;0;1250000;1250000,0;0,4796517193827907;0,4796517193827907;2025-04-19;0,0
CL00793;2024-05-19;Valle del Cauca;Cali;39;M;3;Universitario;Empleado;4010000,0;4010000,0;normal;Call center;794,0;True;2;iOS;1;0;2900000;2900000,0;0,19018691712692393;0,19018691712692393;2025-11-05;0,0
CL00794;2024-03-29;Bogotá D.C.;Bogotá;23;M;2;Técnico/Tecnólogo;Empleado;5000000,0;5000000,0;normal;Campaña digital;670,0;True;0;iOS;1;1;3900000;3900000,0;0,3402055740333849;0,3402055740333849;2025-06-11;1,0
CL00795;2024-08-29;Tolima;Ibagué;25;M;4;Técnico/Tecnólogo;Empleado;2720000,0;2720000,0;normal;Campaña digital;521,0;True;1;Android;1;0;2150000;2150000,0;0,2968515540559472;0,2968515540559472;2026-02-05;0,0
CL00796;2025-06-01;Bogotá D.C.;Bogotá;47;M;1;Bachiller;Empleado;2570000,0;2570000,0;normal;Campaña digital;507,0;False;0;iOS;1;0;1100000;1100000,0;0,46576805966667145;0,46576805966667145;2025-07-07;0,0
CL00798;2024-08-05;Bolívar;Cartagena;43;M;2;Posgrado;Independiente;1590000,0;1590000,0;normal;Call center;548,0;False;0;Android;1;0;1300000;1300000,0;0,6980749473070285;0,6980749473070285;2025-02-23;0,0
CL00799;2024-03-08;Meta;Villavicencio;36;M;4;Bachiller;Pensionado;1990000,0;1990000,0;normal;Referido;577,0;False;0;iOS;2;0;2050000;1025000,0;0,23365219982774554;0,25320810838162283;2025-08-18;0,0
CL00801;2023-05-18;Bogotá D.C.;Bogotá;45;M;1;Universitario;Pensionado;800000,0;800000,0;normal;Campaña digital;489,0;True;0;iOS;3;1;2800000;933333,3333333334;0,47062814006227693;0,7450921456564424;2025-10-11;0,3333333333333333
CL00802;2023-11-03;Antioquia;Medellín;31;M;2;Bachiller;Empleado;2200000,0;2200000,0;normal;Campaña digital;578,0;False;0;Android;2;1;3550000;1775000,0;0,47576046987631754;0,48913696710695387;2025-07-13;0,5
CL00803;2025-06-04;Bolívar;Cartagena;36;F;3;Bachiller;Pensionado;1220000,0;1220000,0;normal;Campaña digital;452,0;False;2;Android;1;0;850000;850000,0;0,5254719161500749;0,5254719161500749;2025-06-20;0,0
CL00804;2025-03-20;Antioquia;Medellín;31;M;4;Universitario;Microempresario;4020000,0;4020000,0;normal;Campaña digital;588,0;False;0;iOS;1;0;2400000;2400000,0;0,20612478457956004;0,20612478457956004;2026-03-24;0,0
CL00806;2024-02-16;Bogotá D.C.;Bogotá;33;F;5;Técnico/Tecnólogo;Independiente;2990000,0;2990000,0;normal;App orgánico;687,0;False;0;Android;2;0;2650000;1325000,0;0,276241237649879;0,30214411482359044;2025-10-20;0,0
CL00807;2024-06-02;Tolima;Ibagué;38;M;4;Bachiller;Empleado;4540000,0;4540000,0;normal;App orgánico;588,0;False;0;Android;2;0;10900000;5450000,0;0,24169908772008664;0,3720487560360792;2026-03-24;0,0
CL00808;2023-08-07;Valle del Cauca;Cali;31;F;3;Técnico/Tecnólogo;Empleado;3740000,0;3740000,0;normal;Campaña digital;567,0;False;0;Android;2;1;6750000;3375000,0;0,5431510328420598;0,5946555121545376;2023-10-28;0,5
CL00809;2023-09-02;Antioquia;Medellín;49;M;3;Bachiller;Empleado;4080000,0;4080000,0;normal;Referido;605,0;False;3;Android;2;0;3850000;1925000,0;0,2850549863580353;0,3003523500638406;2023-12-26;0,0
CL00811;2025-03-19;Antioquia;Medellín;34;F;4;Bachiller;Independiente;3580000,0;3580000,0;normal;Campaña digital;616,0;True;2;Android;1;1;10600000;10600000,0;0,6670056708949558;0,6670056708949558;2025-07-09;1,0
CL00812;2025-02-22;Bogotá D.C.;Bogotá;82;M;2;Universitario;Independiente;1300000,0;1300000,0;normal;App orgánico;555,0;False;1;Android;1;1;600000;600000,0;0,6488311301184239;0,6488311301184239;2025-08-03;1,0
CL00813;2025-11-18;Atlántico;Barranquilla;50;M;3;Universitario;Independiente;3990000,0;3990000,0;normal;App orgánico;698,0;False;1;iOS;1;1;2250000;2250000,0;0,42417261085010083;0,42417261085010083;2025-10-13;1,0
CL00814;2024-12-24;Santander;Bucaramanga;38;M;3;Técnico/Tecnólogo;Comerciante;1890000,0;1890000,0;normal;App orgánico;476,0;True;4;Android;1;1;1550000;1550000,0;0,7622065264018683;0,7622065264018683;2025-05-31;1,0
CL00815;2023-02-24;Santander;Bucaramanga;46;F;3;Posgrado;Independiente;3660000,0;3660000,0;normal;App orgánico;685,0;True;0;Android;1;0;2150000;2150000,0;0,2802690426116347;0,2802690426116347;2024-11-06;0,0
CL00816;2024-09-07;Bogotá D.C.;Bogotá;21;M;3;Bachiller;Conductor/Repartidor;2130000,0;2130000,0;normal;Aliado comercial;616,0;False;3;iOS;1;0;700000;700000,0;0,3208780499271635;0,3208780499271635;2026-02-12;0,0
CL00817;2023-05-22;Bogotá D.C.;Bogotá;36;F;3;Técnico/Tecnólogo;Empleado;1930000,0;1930000,0;normal;Referido;559,0;False;1;iOS;1;0;1100000;1100000,0;0,4905376227535239;0,4905376227535239;2025-09-11;0,0
CL00818;2023-06-08;Risaralda;Pereira;45;F;3;Posgrado;Independiente;2120000,0;2120000,0;normal;Referido;522,0;False;3;Android;1;1;2050000;2050000,0;0,7767716262221399;0,7767716262221399;2023-10-03;1,0
CL00819;2024-03-20;Bogotá D.C.;Bogotá;37;M;3;Bachiller;Empleado;2530000,0;2530000,0;normal;Campaña digital;609,0;True;0;iOS;1;0;2200000;2200000,0;0,3900561008807433;0,3900561008807433;2025-10-25;0,0
CL00822;2023-07-25;Bogotá D.C.;Bogotá;50;M;3;Bachiller;Independiente;2570000,0;2570000,0;normal;Campaña digital;625,0;True;0;Android;2;0;3600000;1800000,0;0,28772143619013923;0,3304917433050942;2025-07-27;0,0
CL00823;2025-12-16;Santander;Bucaramanga;59;M;3;Universitario;Pensionado;1520000,0;1520000,0;normal;Campaña digital;562,0;True;1;Android;1;0;3050000;3050000,0;0,6148948362979272;0,6148948362979272;2026-03-03;0,0
CL00824;2024-11-24;Meta;Villavicencio;32;M;1;Posgrado;Desempleado;600000,0;600000,0;normal;App orgánico;469,0;False;0;iOS;1;0;300000;300000,0;0,46291766296087683;0,46291766296087683;2026-02-28;0,0
CL00825;2024-09-02;Antioquia;Medellín;32;F;3;Posgrado;Empleado;2470000,0;2470000,0;normal;App orgánico;514,0;False;0;Android;1;0;1600000;1600000,0;0,5336545875338421;0,5336545875338421;2025-09-01;0,0
CL00826;2025-10-31;Bogotá D.C.;Bogotá;51;M;4;Posgrado;Pensionado;1880000,0;1880000,0;normal;App orgánico;594,0;True;1;Android;1;0;4800000;4800000,0;0,3010472998820821;0,3010472998820821;2026-03-10;0,0
CL00827;2024-10-12;Valle del Cauca;Cali;52;F;2;Bachiller;Empleado;4080000,0;4080000,0;normal;Call center;777,0;False;2;Android;1;0;4100000;4100000,0;0,17025104043272513;0,17025104043272513;2026-02-08;0,0
CL00828;2023-12-19;Valle del Cauca;Cali;31;F;4;Universitario;Independiente;2710000,0;2710000,0;normal;Aliado comercial;494,0;False;2;Web;1;1;1500000;1500000,0;0,74393804386063;0,74393804386063;2024-11-13;1,0
CL00829;2023-11-15;Bogotá D.C.;Bogotá;32;F;2;Bachiller;Pensionado;1610000,0;1610000,0;normal;App orgánico;451,0;False;2;Android;3;1;4450000;1483333,3333333333;0,4196700134196458;0,7483862239139221;2025-09-19;0,3333333333333333
CL00830;2024-02-18;Tolima;Ibagué;33;M;2;Posgrado;Empleado;1920000,0;1920000,0;normal;Campaña digital;376,0;True;0;iOS;1;0;750000;750000,0;0,3656499025327135;0,3656499025327135;2026-02-01;0,0
CL00831;2023-04-27;Norte de Santander;Cúcuta;23;F;1;Bachiller;Empleado;4070000,0;4070000,0;normal;App orgánico;586,0;False;0;iOS;1;0;6000000;6000000,0;0,405501915370107;0,405501915370107;2025-07-02;0,0
CL00832;2023-06-23;Norte de Santander;Cúcuta;27;F;3;Técnico/Tecnólogo;Microempresario;3020000,0;3020000,0;normal;App orgánico;605,0;False;3;Android;1;0;3500000;3500000,0;0,4281657135431484;0,4281657135431484;2024-10-19;0,0
CL00834;2025-12-23;Santander;Bucaramanga;28;M;2;Técnico/Tecnólogo;Independiente;2500000,0;2500000,0;normal;Referido;559,0;False;0;Android;2;0;2900000;1450000,0;0,42724996359624057;0,5489323116586128;2026-03-04;0,0
CL00835;2024-08-19;Bogotá D.C.;Bogotá;36;M;3;Sin información;Independiente;2370000,0;2370000,0;normal;Aliado comercial;576,0;False;2;Android;2;1;4050000;2025000,0;0,5371330036553947;0,5558842076194737;2025-07-20;0,5
CL00837;2025-01-04;Cundinamarca;Soacha;52;F;2;Bachiller;Independiente;2190000,0;2190000,0;normal;App orgánico;589,0;False;2;iOS;1;1;2400000;2400000,0;0,6328658264158787;0,6328658264158787;2025-03-07;1,0
CL00838;2024-03-22;Atlántico;Barranquilla;26;F;2;Bachiller;Conductor/Repartidor;2550000,0;2550000,0;normal;App orgánico;517,0;False;2;Android;1;1;1400000;1400000,0;0,7027755419444109;0,7027755419444109;2024-07-15;1,0
CL00839;2024-01-27;Bogotá D.C.;Bogotá;46;M;4;Sin información;Empleado;2390000,0;2390000,0;normal;Aliado comercial;610,0;True;0;Android;1;0;3450000;3450000,0;0,30212967591591117;0,30212967591591117;2025-01-28;0,0
CL00840;2025-07-02;Valle del Cauca;Cali;34;M;2;Bachiller;Empleado;2500000,0;2500000,0;normal;Aliado comercial;517,0;True;0;Android;1;0;700000;700000,0;0,3932453840716943;0,3932453840716943;2025-10-08;0,0
CL00841;2025-10-06;Bogotá D.C.;Bogotá;36;F;6;Bachiller;Empleado;6720000,0;6720000,0;normal;App orgánico;841,0;True;0;Android;1;0;2550000;2550000,0;0,1795988669082131;0,1795988669082131;2025-10-06;0,0
CL00842;2024-08-21;Bogotá D.C.;Bogotá;43;M;4;Técnico/Tecnólogo;Independiente;2570000,0;2570000,0;normal;App orgánico;565,0;False;1;Android;2;0;2200000;1100000,0;0,4389210671269223;0,4514241974672204;2025-08-09;0,0
CL00843;2024-11-12;Bogotá D.C.;Bogotá;25;F;2;Sin información;Empleado;2080000,0;2080000,0;normal;App orgánico;528,0;True;0;iOS;1;0;1150000;1150000,0;0,27313294125380616;0,27313294125380616;2025-10-20;0,0
CL00844;2023-12-05;Bogotá D.C.;Bogotá;40;M;1;Sin información;Conductor/Repartidor;2240000,0;2240000,0;normal;Call center;574,0;True;2;Android;1;0;2350000;2350000,0;0,39256818625666534;0,39256818625666534;2026-03-02;0,0
CL00846;2025-04-12;Bogotá D.C.;Bogotá;41;F;2;Bachiller;Empleado;1590000,0;1590000,0;normal;Call center;588,0;False;1;Android;1;0;800000;800000,0;0,15682273593925775;0,15682273593925775;2026-02-03;0,0
CL00847;2024-12-05;Antioquia;Medellín;39;F;2;Técnico/Tecnólogo;Comerciante;2570000,0;2570000,0;normal;App orgánico;553,0;False;4;Android;1;1;3050000;3050000,0;0,6739110168311072;0,6739110168311072;2025-08-11;1,0
CL00848;2023-01-22;Bogotá D.C.;Bogotá;61;F;4;Universitario;Empleado;2570000,0;2570000,0;normal;Referido;681,0;False;0;Android;2;1;2600000;1300000,0;0,3199811324080014;0,41231984930384236;2025-06-30;0,5
CL00849;2025-08-06;Bogotá D.C.;Bogotá;30;M;3;Técnico/Tecnólogo;Independiente;2180000,0;2180000,0;normal;Referido;537,0;False;0;Android;1;0;1200000;1200000,0;0,41728992768814704;0,41728992768814704;2026-01-29;0,0
CL00850;2025-10-09;Bogotá D.C.;Bogotá;31;F;3;Universitario;Empleado;3030000,0;3030000,0;normal;Aliado comercial;590,0;False;0;Android;1;0;3450000;3450000,0;0,537480101604037;0,537480101604037;2025-05-12;0,0
CL00851;2023-03-26;Bogotá D.C.;Bogotá;30;F;2;Sin información;Empleado;2730000,0;2730000,0;normal;Campaña digital;513,0;True;0;Android;1;1;1550000;1550000,0;0,5365303911453955;0,5365303911453955;2025-06-02;1,0
CL00852;2025-06-20;Cundinamarca;Soacha;30;F;5;Bachiller;Empleado;7650000,0;7082400,000000003;outlier_real;Referido;821,0;True;0;Android;1;0;14550000;14550000,0;0,5408809199161475;0,5408809199161475;2025-12-15;0,0
CL00853;2025-07-15;Cundinamarca;Soacha;30;M;2;Bachiller;Independiente;1890000,0;1890000,0;normal;App orgánico;567,0;True;1;iOS;1;0;750000;750000,0;0,5311464330576254;0,5311464330576254;2025-07-12;0,0
CL00854;2024-04-11;Bolívar;Cartagena;48;F;3;Sin información;Pensionado;1770000,0;1770000,0;normal;Campaña digital;561,0;True;2;Android;1;0;400000;400000,0;0,36679236260123754;0,36679236260123754;2025-10-26;0,0
CL00855;2025-05-31;Norte de Santander;Cúcuta;50;M;6;Bachiller;Empleado;2570000,0;2570000,0;normal;Aliado comercial;715,0;False;0;Web;1;0;1050000;1050000,0;0,11082465553840515;0,11082465553840515;2025-12-01;0,0
CL00857;2025-12-19;Bogotá D.C.;Bogotá;28;M;3;Sin información;Independiente;1610000,0;1610000,0;normal;Campaña digital;496,0;False;0;Android;1;1;1500000;1500000,0;0,827944517579316;0,827944517579316;2025-12-18;1,0
CL00859;2024-12-26;Antioquia;Medellín;30;F;4;Bachiller;Empleado;6890000,0;6890000,0;normal;App orgánico;778,0;True;1;Android;1;0;3750000;3750000,0;0,2102241813447218;0,2102241813447218;2025-02-06;0,0
CL00861;2023-12-18;Bogotá D.C.;Bogotá;38;M;3;Bachiller;Pensionado;2270000,0;2270000,0;normal;App orgánico;588,0;False;0;Web;1;1;1250000;1250000,0;0,6514352012122681;0,6514352012122681;2024-02-16;1,0
CL00862;2024-06-27;Santander;Bucaramanga;21;M;2;Bachiller;Comerciante;3560000,0;3560000,0;normal;Referido;705,0;False;1;Android;1;0;1700000;1700000,0;0,3085963520573765;0,3085963520573765;2025-12-02;0,0
CL00863;2023-10-17;Norte de Santander;Cúcuta;51;F;3;Bachiller;Empleado;2410000,0;2410000,0;normal;Referido;674,0;False;1;iOS;1;0;1750000;1750000,0;0,22398246002105407;0,22398246002105407;2024-06-27;0,0
CL00864;2025-12-19;Bogotá D.C.;Bogotá;54;F;1;Bachiller;Empleado;3900000,0;3900000,0;normal;Campaña digital;583,0;False;2;Android;1;0;1650000;1650000,0;0,0814341617075101;0,0814341617075101;2026-03-21;0,0
CL00865;2024-09-10;Risaralda;Pereira;30;M;3;Técnico/Tecnólogo;Desempleado;1390000,0;1390000,0;normal;Aliado comercial;495,0;True;1;Android;1;0;500000;500000,0;0,444781195384946;0,444781195384946;2026-03-31;0,0
CL00866;2024-04-03;Tolima;Ibagué;32;M;3;Bachiller;Empleado;2570000,0;2570000,0;normal;Aliado comercial;594,0;False;0;Android;1;0;1400000;1400000,0;0,30557311809235566;0,30557311809235566;2025-05-01;0,0
CL00868;2024-12-27;Antioquia;Medellín;39;F;4;Bachiller;Empleado;3080000,0;3080000,0;normal;Campaña digital;587,0;True;0;Android;1;0;1500000;1500000,0;0,2849294698794327;0,2849294698794327;2026-03-03;0,0
CL00869;2025-07-16;Bogotá D.C.;Bogotá;43;F;2;Bachiller;Independiente;1470000,0;1470000,0;normal;App orgánico;473,0;True;1;Android;1;1;2400000;2400000,0;0,8561606306902501;0,8561606306902501;2025-08-10;1,0
CL00870;2023-08-05;Santander;Bucaramanga;56;M;3;Técnico/Tecnólogo;Conductor/Repartidor;2570000,0;2570000,0;normal;App orgánico;547,0;True;2;Android;2;1;4300000;2150000,0;0,5420531478030042;0,545000217496213;2025-01-12;0,5
CL00871;2023-05-19;Antioquia;Medellín;34;M;3;Bachiller;Empleado;1610000,0;1610000,0;normal;Campaña digital;611,0;False;1;Android;1;0;3600000;3600000,0;0,5347694633697969;0,5347694633697969;2023-09-19;0,0
CL00873;2024-11-12;Bogotá D.C.;Bogotá;22;M;3;Bachiller;Empleado;3140000,0;3140000,0;normal;Referido;551,0;True;0;iOS;1;1;2600000;2600000,0;0,5127029124761794;0,5127029124761794;2025-12-14;1,0
CL00874;2024-11-07;Santander;Bucaramanga;29;F;5;Sin información;Microempresario;4090000,0;4090000,0;normal;Campaña digital;716,0;False;1;Android;1;0;3700000;3700000,0;0,2804784646040559;0,2804784646040559;2025-05-22;0,0
CL00876;2025-04-18;Risaralda;Pereira;54;M;3;Universitario;Conductor/Repartidor;3260000,0;3260000,0;normal;Campaña digital;605,0;False;3;Web;2;0;4950000;2475000,0;0,3457793836025432;0,40825266708669417;2025-10-28;0,0
CL00877;2026-01-18;Bogotá D.C.;Bogotá;31;F;1;Bachiller;Pensionado;1060000,0;1060000,0;normal;Campaña digital;498,0;False;4;Android;2;1;1600000;800000,0;0,7193161961360577;0,7492968095595821;2025-11-13;0,5
CL00878;2023-07-18;Santander;Bucaramanga;38;F;3;Bachiller;Estudiante;1790000,0;1790000,0;normal;Campaña digital;594,0;True;3;Web;1;0;400000;400000,0;0,5166638108807562;0,5166638108807562;2025-05-07;0,0
CL00879;2024-04-06;Atlántico;Barranquilla;36;M;4;Posgrado;Empleado;3480000,0;3480000,0;normal;App orgánico;704,0;True;1;Android;2;0;4150000;2075000,0;0,22597898693034407;0,28425757757787906;2025-04-19;0,0
CL00881;2026-01-14;Cundinamarca;Soacha;61;F;4;Posgrado;Independiente;2150000,0;2150000,0;normal;Referido;676,0;False;1;Android;1;0;950000;950000,0;0,3004075660583289;0,3004075660583289;2025-10-16;0,0
CL00882;2023-05-20;Bogotá D.C.;Bogotá;31;M;2;Universitario;Empleado;4470000,0;4470000,0;normal;Campaña digital;633,0;False;1;Android;1;0;2500000;2500000,0;0,354792726746607;0,354792726746607;2024-12-23;0,0
CL00883;2023-07-26;Antioquia;Medellín;31;F;3;Bachiller;Desempleado;630000,0;630000,0;normal;Campaña digital;408,0;False;2;Android;1;1;400000;400000,0;0,742324830916572;0,742324830916572;2025-03-30;1,0
CL00884;2023-05-29;Santander;Bucaramanga;46;M;2;Posgrado;Empleado;5710000,0;5710000,0;normal;Campaña digital;685,0;False;1;Android;1;0;10450000;10450000,0;0,202147249234382;0,202147249234382;2025-08-20;0,0
CL00886;2025-09-27;Antioquia;Medellín;54;F;4;Técnico/Tecnólogo;Estudiante;1280000,0;1280000,0;normal;Referido;642,0;True;0;Web;1;0;1100000;1100000,0;0,27269385065517526;0,27269385065517526;2025-12-17;0,0
CL00887;2026-01-03;Bogotá D.C.;Bogotá;42;F;2;Bachiller;Empleado;2280000,0;2280000,0;normal;Referido;520,0;True;1;Web;1;0;950000;950000,0;0,3559704063946855;0,3559704063946855;2026-01-27;0,0
CL00889;2023-07-20;Santander;Bucaramanga;42;M;3;Bachiller;Conductor/Repartidor;2700000,0;2700000,0;normal;Campaña digital;620,0;False;0;Android;1;1;3150000;3150000,0;0,39504444662837884;0,39504444662837884;2025-01-02;1,0
CL00890;2024-07-10;Cundinamarca;Soacha;47;F;3;Universitario;Microempresario;2200000,0;2200000,0;normal;Campaña digital;588,0;False;3;Android;2;0;2700000;1350000,0;0,33678917459480406;0,36337658206214457;2025-12-16;0,0
CL00891;2023-04-23;Bogotá D.C.;Bogotá;44;M;2;Bachiller;Comerciante;2680000,0;2680000,0;normal;App orgánico;637,0;False;2;Android;2;1;1800000;900000,0;0,38877106795991573;0,44395952513662335;2024-12-24;0,5
CL00892;2025-03-26;Bolívar;Cartagena;41;M;3;Sin información;Empleado;2570000,0;2570000,0;normal;App orgánico;601,0;False;1;Android;2;1;6250000;3125000,0;0,3847485527988271;0,6046749897440717;2026-03-31;0,5
CL00893;2025-06-19;Atlántico;Barranquilla;47;F;1;Sin información;Empleado;2080000,0;2080000,0;normal;Aliado comercial;588,0;True;3;iOS;2;0;3850000;1925000,0;0,3576313295053201;0,40113320449011514;2026-03-07;0,0
CL00895;2025-12-25;Caldas;Manizales;50;M;1;Técnico/Tecnólogo;Empleado;5000000,0;5000000,0;normal;Referido;673,0;True;0;iOS;1;0;3850000;3850000,0;0,2702465902765631;0,2702465902765631;2025-07-28;0,0
CL00896;2025-08-17;Caldas;Manizales;42;M;1;Universitario;Empleado;2560000,0;2560000,0;normal;App orgánico;591,0;False;4;Android;1;0;900000;900000,0;0,42626132376885983;0,42626132376885983;2025-06-29;0,0
CL00897;2024-02-21;Valle del Cauca;Cali;34;F;1;Bachiller;Conductor/Repartidor;1460000,0;1460000,0;normal;Campaña digital;495,0;True;1;Android;1;1;1800000;1800000,0;0,7532933554385195;0,7532933554385195;2025-09-13;1,0
CL00898;2025-07-17;Tolima;Ibagué;37;M;1;Bachiller;Conductor/Repartidor;1300000,0;1300000,0;normal;App orgánico;446,0;False;1;iOS;1;0;1800000;1800000,0;0,7975537688293342;0,7975537688293342;2025-09-04;0,0
CL00900;2024-05-03;Bogotá D.C.;Bogotá;28;F;2;Universitario;Empleado;2690000,0;2690000,0;normal;Referido;588,0;False;1;Android;3;0;9300000;3100000,0;0,48200441897176094;0,5446745958756476;2025-04-26;0,0
CL00904;2023-08-27;Cundinamarca;Soacha;49;M;1;Posgrado;Independiente;1550000,0;1550000,0;normal;Campaña digital;621,0;False;1;Android;1;1;650000;650000,0;0,3046411948450301;0,3046411948450301;2025-06-21;1,0
CL00905;2025-09-04;Valle del Cauca;Cali;38;M;2;Sin información;Empleado;2200000,0;2200000,0;normal;Aliado comercial;571,0;True;1;iOS;1;1;650000;650000,0;0,5982142015203988;0,5982142015203988;2025-07-17;1,0
CL00906;2024-05-20;Bogotá D.C.;Bogotá;36;M;6;Bachiller;Conductor/Repartidor;3540000,0;3540000,0;normal;App orgánico;712,0;False;0;Android;1;1;3150000;3150000,0;0,5060928611596421;0,5060928611596421;2024-11-08;1,0
CL00907;2024-07-10;Bogotá D.C.;Bogotá;22;F;2;Sin información;Empleado;3280000,0;3280000,0;normal;Campaña digital;603,0;False;0;Android;1;1;2800000;2800000,0;0,2972688779466548;0,2972688779466548;2025-05-22;1,0
CL00908;2024-10-14;Santander;Bucaramanga;43;M;4;Posgrado;Independiente;2290000,0;2290000,0;normal;Referido;534,0;False;3;Android;2;0;2450000;1225000,0;0,46817374344241236;0,6381983193063765;2026-01-26;0,0
CL00909;2023-11-07;Bogotá D.C.;Bogotá;42;M;1;Bachiller;Microempresario;1650000,0;1650000,0;normal;Campaña digital;603,0;False;0;Android;2;0;3100000;1550000,0;0,45729111981444803;0,6192057007244561;2026-01-26;0,0
CL00911;2025-03-08;Antioquia;Medellín;33;F;3;Sin información;Conductor/Repartidor;2730000,0;2730000,0;normal;Aliado comercial;605,0;False;1;Android;1;0;1800000;1800000,0;0,4137656446102761;0,4137656446102761;2025-05-21;0,0
CL00912;2025-05-14;Antioquia;Medellín;38;F;2;Universitario;Empleado;3010000,0;3010000,0;normal;App orgánico;586,0;True;0;iOS;2;0;4650000;2325000,0;0,4415531196424951;0,5419514597644717;2025-09-10;0,0
CL00913;2025-09-01;Bogotá D.C.;Bogotá;38;M;1;Técnico/Tecnólogo;Independiente;1220000,0;1220000,0;normal;App orgánico;572,0;False;2;Web;1;1;550000;550000,0;0,6264084037725619;0,6264084037725619;2025-09-22;1,0
CL00914;2025-01-30;Bogotá D.C.;Bogotá;52;F;3;Bachiller;Microempresario;2570000,0;2570000,0;normal;Campaña digital;589,0;False;0;Android;1;0;1650000;1650000,0;0,23473183054221805;0,23473183054221805;2026-03-26;0,0
CL00915;2025-03-27;Antioquia;Medellín;35;F;2;Técnico/Tecnólogo;Comerciante;2020000,0;2020000,0;normal;App orgánico;470,0;False;0;Android;1;0;1400000;1400000,0;0,7960559737962716;0,7960559737962716;2025-08-03;0,0
CL00916;2023-02-14;Antioquia;Medellín;39;F;5;Técnico/Tecnólogo;Empleado;3440000,0;3440000,0;normal;Campaña digital;742,0;True;2;Android;1;0;1500000;1500000,0;0,1653381794890241;0,1653381794890241;2025-02-19;0,0
CL00917;2025-09-07;Tolima;Ibagué;42;M;5;Bachiller;Pensionado;3280000,0;3280000,0;normal;App orgánico;768,0;False;1;Android;2;1;2600000;1300000,0;0,22070212867545036;0,3151377159931043;2026-01-03;0,5
CL00918;2023-11-05;Antioquia;Medellín;38;M;3;Técnico/Tecnólogo;Empleado;6740000,0;6740000,0;normal;Campaña digital;642,0;False;0;Android;1;0;1150000;1150000,0;0,15104438658292893;0,15104438658292893;2024-10-15;0,0
CL00919;2024-11-06;Valle del Cauca;Cali;32;F;3;Técnico/Tecnólogo;Comerciante;2570000,0;2570000,0;normal;Referido;573,0;False;1;Android;2;1;2100000;1050000,0;0,5613594956828747;0,5913997368889403;2025-10-07;0,5
CL00920;2023-11-17;Bogotá D.C.;Bogotá;38;M;4;Universitario;Empleado;3490000,0;3490000,0;normal;App orgánico;712,0;True;1;iOS;1;0;1500000;1500000,0;0,17594127749175986;0,17594127749175986;2024-08-24;0,0
CL00921;2023-09-20;Meta;Villavicencio;47;M;2;Técnico/Tecnólogo;Comerciante;2240000,0;2240000,0;normal;Campaña digital;526,0;False;1;iOS;2;0;2950000;1475000,0;0,3719092639210133;0,4620681189859661;2026-02-02;0,0
CL00923;2023-05-18;Valle del Cauca;Cali;37;F;4;Sin información;Empleado;3470000,0;3470000,0;normal;Referido;557,0;False;0;iOS;1;0;4250000;4250000,0;0,49017741260973857;0,49017741260973857;2024-02-03;0,0
CL00925;2025-02-04;Santander;Bucaramanga;48;M;2;Bachiller;Empleado;2810000,0;2810000,0;normal;Referido;713,0;True;1;Android;1;0;800000;800000,0;0,23186739953652888;0,23186739953652888;2025-11-20;0,0
CL00927;2025-04-18;Valle del Cauca;Cali;30;F;3;Bachiller;Conductor/Repartidor;1940000,0;1940000,0;normal;App orgánico;565,0;True;3;iOS;1;0;5650000;5650000,0;0,43909888331738434;0,43909888331738434;2026-03-06;0,0
CL00928;2023-04-08;Bogotá D.C.;Bogotá;40;M;2;Bachiller;Independiente;1160000,0;1160000,0;normal;Aliado comercial;459,0;False;0;iOS;1;1;600000;600000,0;0,8487985308831255;0,8487985308831255;2024-02-10;1,0
CL00929;2025-06-15;Cundinamarca;Soacha;52;M;3;Bachiller;Empleado;1340000,0;1340000,0;normal;App orgánico;531,0;False;1;Android;1;0;1500000;1500000,0;0,2924707189933413;0,2924707189933413;2026-01-27;0,0
CL00930;2025-01-28;Risaralda;Pereira;35;F;1;Bachiller;Empleado;1470000,0;1470000,0;normal;Referido;532,0;True;2;Android;1;0;1600000;1600000,0;0,5618162655321521;0,5618162655321521;2025-10-20;0,0
CL00931;2025-02-28;Valle del Cauca;Cali;30;M;1;Técnico/Tecnólogo;Independiente;1760000,0;1760000,0;normal;Aliado comercial;505,0;True;2;Android;1;1;1400000;1400000,0;0,6640656032889831;0,6640656032889831;2025-10-09;1,0
CL00932;2025-04-19;Valle del Cauca;Cali;55;F;4;Bachiller;Conductor/Repartidor;2690000,0;2690000,0;normal;App orgánico;655,0;True;1;Android;1;0;3950000;3950000,0;0,28398256907629005;0,28398256907629005;2026-03-16;0,0
CL00933;2024-03-24;Atlántico;Barranquilla;22;F;1;Bachiller;Empleado;1960000,0;1960000,0;normal;Call center;575,0;False;2;iOS;1;0;1650000;1650000,0;0,41686433707552994;0,41686433707552994;2025-02-01;0,0
CL00934;2023-01-25;Bogotá D.C.;Bogotá;19;M;3;Técnico/Tecnólogo;Independiente;3160000,0;3160000,0;normal;Campaña digital;482,0;False;3;iOS;1;1;5050000;5050000,0;0,7936348338503616;0,7936348338503616;2025-04-09;1,0
CL00937;2025-11-10;Antioquia;Medellín;26;M;3;Sin información;Conductor/Repartidor;2880000,0;2880000,0;normal;Campaña digital;585,0;True;1;iOS;1;0;4750000;4750000,0;0,5415954044480932;0,5415954044480932;2026-02-27;0,0
CL00938;2025-04-18;Atlántico;Barranquilla;43;M;4;Técnico/Tecnólogo;Empleado;2450000,0;2450000,0;normal;App orgánico;608,0;True;0;Android;2;1;2700000;1350000,0;0,4720947657530916;0,6722314509824145;2026-01-15;0,5
CL00939;2023-03-10;Valle del Cauca;Cali;38;M;1;Universitario;Empleado;3320000,0;3320000,0;normal;App orgánico;587,0;False;0;iOS;1;0;1800000;1800000,0;0,43069925334308934;0,43069925334308934;2023-12-16;0,0
CL00940;2023-11-13;Risaralda;Pereira;30;F;4;Sin información;Empleado;5150000,0;5150000,0;normal;Referido;620,0;False;2;Android;2;0;3700000;1850000,0;0,21007001832280028;0,24298357024530945;2024-11-28;0,0
CL00941;2023-12-13;Cundinamarca;Soacha;23;F;3;Universitario;Independiente;2340000,0;2340000,0;normal;App orgánico;615,0;True;2;Android;2;0;3750000;1875000,0;0,3956595413685944;0,472528802499282;2025-06-27;0,0
CL00942;2025-03-20;Antioquia;Medellín;45;M;3;Técnico/Tecnólogo;Empleado;3540000,0;3540000,0;normal;Campaña digital;673,0;True;2;Android;2;0;10000000;5000000,0;0,41196062813546674;0,4237613621822821;2026-01-08;0,0
CL00943;2023-09-18;Bogotá D.C.;Bogotá;43;M;2;Bachiller;Empleado;1710000,0;1710000,0;normal;Campaña digital;584,0;True;3;Web;1;0;800000;800000,0;0,4983691008856189;0,4983691008856189;2024-10-28;0,0
CL00944;2023-02-28;Bogotá D.C.;Bogotá;35;F;2;Bachiller;Conductor/Repartidor;1530000,0;1530000,0;normal;Referido;449,0;False;1;Android;3;2;4550000;1516666,6666666667;0,6619736672459052;0,8484293599706993;2025-07-21;0,6666666666666666
CL00945;2026-01-03;Tolima;Ibagué;54;F;3;Universitario;Empleado;2990000,0;2990000,0;normal;Referido;588,0;False;1;Android;1;0;2400000;2400000,0;0,40623762782139494;0,40623762782139494;2025-10-21;0,0
CL00946;2024-10-28;Meta;Villavicencio;25;F;4;Técnico/Tecnólogo;Microempresario;2780000,0;2780000,0;normal;Campaña digital;586,0;False;0;Android;1;0;1550000;1550000,0;0,37656982833972674;0,37656982833972674;2025-10-20;0,0
CL00947;2023-08-20;Bogotá D.C.;Bogotá;21;F;4;Bachiller;Empleado;4610000,0;4610000,0;normal;Referido;675,0;True;1;Android;2;0;7750000;3875000,0;0,32648854085931733;0,3739767997893686;2023-12-24;0,0
CL00949;2026-01-09;Antioquia;Medellín;36;M;4;Sin información;Pensionado;1720000,0;1720000,0;normal;App orgánico;619,0;False;3;Web;1;0;1400000;1400000,0;0,3508605044602703;0,3508605044602703;2025-08-08;0,0
CL00950;2023-02-09;Bolívar;Cartagena;38;F;3;Técnico/Tecnólogo;Independiente;1540000,0;1540000,0;normal;Campaña digital;452,0;False;1;Android;2;2;1650000;825000,0;0,6942399536151866;0,7135875468310344;2025-07-12;1,0
CL00951;2024-09-29;Bolívar;Cartagena;34;F;4;Universitario;Empleado;2060000,0;2060000,0;normal;Referido;531,0;False;2;Android;1;0;1050000;1050000,0;0,3013957339628298;0,3013957339628298;2026-02-08;0,0
CL00952;2023-06-12;Valle del Cauca;Cali;40;F;1;Universitario;Empleado;2720000,0;2720000,0;normal;Referido;542,0;False;0;Android;1;1;3900000;3900000,0;0,6627433767913394;0,6627433767913394;2024-01-12;1,0
CL00953;2024-01-24;Bogotá D.C.;Bogotá;23;M;2;Bachiller;Comerciante;2980000,0;2980000,0;normal;Campaña digital;593,0;False;1;Android;2;1;3150000;1575000,0;0,40043942401830734;0,48457503319835477;2025-12-23;0,5
CL00954;2023-04-03;Bogotá D.C.;Bogotá;50;F;3;Posgrado;Empleado;2200000,0;2200000,0;normal;App orgánico;619,0;False;0;Android;1;0;3000000;3000000,0;0,3021612148660784;0,3021612148660784;2024-11-05;0,0
CL00956;2024-08-12;Caldas;Manizales;47;F;6;Bachiller;Microempresario;4820000,0;4820000,0;normal;Aliado comercial;799,0;True;2;Android;1;0;2150000;2150000,0;0,14131544556959122;0,14131544556959122;2025-08-09;0,0
CL00957;2024-11-13;Valle del Cauca;Cali;39;M;4;Universitario;Empleado;4490000,0;4490000,0;normal;Campaña digital;698,0;False;1;Android;1;0;4850000;4850000,0;0,2928641087972939;0,2928641087972939;2026-03-01;0,0
CL00958;2024-11-21;Antioquia;Medellín;41;F;1;Sin información;Empleado;3010000,0;3010000,0;normal;Aliado comercial;588,0;True;2;Android;3;0;12600000;4200000,0;0,3313363361711314;0,41030034967228074;2025-12-26;0,0
CL00960;2023-11-16;Cundinamarca;Soacha;40;F;3;Sin información;Conductor/Repartidor;3360000,0;3360000,0;normal;Referido;552,0;False;0;Android;1;0;2200000;2200000,0;0,44946826901334275;0,44946826901334275;2024-03-21;0,0
CL00961;2025-12-04;Antioquia;Medellín;42;F;1;Técnico/Tecnólogo;Comerciante;2640000,0;2640000,0;normal;Campaña digital;575,0;True;1;Android;1;0;3050000;3050000,0;0,6197914631991093;0,6197914631991093;2025-06-30;0,0
CL00962;2025-12-16;Cundinamarca;Soacha;49;F;2;Bachiller;Empleado;3220000,0;3220000,0;normal;Aliado comercial;708,0;False;0;Android;2;0;7250000;3625000,0;0,19809377506828707;0,22871758905590692;2026-03-06;0,0
CL00963;2023-10-03;Caldas;Manizales;38;F;1;Técnico/Tecnólogo;Independiente;1910000,0;1910000,0;normal;Aliado comercial;571,0;True;1;Android;1;1;3700000;3700000,0;0,7501794674724118;0,7501794674724118;2024-05-29;1,0
CL00964;2025-12-10;Santander;Bucaramanga;43;F;2;Universitario;Independiente;1930000,0;1930000,0;normal;App orgánico;625,0;False;2;iOS;1;0;1050000;1050000,0;0,2986035029499908;0,2986035029499908;2026-01-03;0,0
CL00965;2023-11-09;Risaralda;Pereira;35;F;5;Bachiller;Comerciante;2570000,0;2570000,0;normal;Aliado comercial;557,0;True;3;Android;1;1;2600000;2600000,0;0,7273167918248599;0,7273167918248599;2024-04-17;1,0
CL00966;2025-09-26;Risaralda;Pereira;50;F;3;Universitario;Empleado;2570000,0;2570000,0;normal;Aliado comercial;671,0;False;2;Android;1;0;950000;950000,0;0,19613738716473064;0,19613738716473064;2026-03-12;0,0
CL00968;2025-08-19;Tolima;Ibagué;54;M;2;Bachiller;Independiente;2290000,0;2290000,0;normal;Aliado comercial;672,0;True;3;Android;1;0;2300000;2300000,0;0,3626363125797248;0,3626363125797248;2025-05-25;0,0
CL00969;2023-03-13;Antioquia;Medellín;36;M;2;Bachiller;Empleado;2570000,0;2570000,0;normal;App orgánico;686,0;False;0;Android;1;0;400000;400000,0;0,2588901303315087;0,2588901303315087;2024-02-13;0,0
CL00970;2025-06-09;Antioquia;Medellín;22;F;2;Bachiller;Conductor/Repartidor;2220000,0;2220000,0;normal;Campaña digital;508,0;False;1;Android;1;0;750000;750000,0;0,38047500905134435;0,38047500905134435;2026-02-10;0,0
CL00971;2024-07-10;Atlántico;Barranquilla;37;F;3;Técnico/Tecnólogo;Conductor/Repartidor;2340000,0;2340000,0;normal;Call center;481,0;False;0;Android;1;0;1800000;1800000,0;0,5254229610214639;0,5254229610214639;2026-02-26;0,0
CL00972;2024-10-21;Bogotá D.C.;Bogotá;29;F;3;Bachiller;Desempleado;760000,0;760000,0;normal;Aliado comercial;405,0;False;2;Android;2;1;800000;400000,0;0,5917646608694928;0,6893868104278298;2026-01-22;0,5
CL00973;2025-01-11;Risaralda;Pereira;44;M;5;Técnico/Tecnólogo;Conductor/Repartidor;4660000,0;4660000,0;normal;App orgánico;587,0;False;1;Android;2;0;2650000;1325000,0;0,42174776319151286;0,4838344486202353;2025-11-05;0,0
CL00975;2023-08-12;Valle del Cauca;Cali;32;F;3;Bachiller;Empleado;1730000,0;1730000,0;normal;Aliado comercial;485,0;False;2;Android;1;1;1600000;1600000,0;0,723201922689621;0,723201922689621;2024-12-10;1,0
CL00978;2024-06-24;Tolima;Ibagué;19;M;2;Sin información;Empleado;2570000,0;2570000,0;normal;App orgánico;576,0;False;1;Android;2;1;3550000;1775000,0;0,5499630646636964;0,5890932728877984;2025-12-07;0,5
CL00979;2023-01-28;Santander;Bucaramanga;20;M;2;Técnico/Tecnólogo;Comerciante;1260000,0;1260000,0;normal;App orgánico;494,0;False;2;Android;2;2;4000000;2000000,0;0,8210645661218183;0,8675051018509652;2023-11-08;1,0
CL00980;2024-12-08;Valle del Cauca;Cali;44;M;5;Universitario;Empleado;2870000,0;2870000,0;normal;Campaña digital;673,0;True;3;Android;1;0;1900000;1900000,0;0,35665581212421676;0,35665581212421676;2025-06-28;0,0
CL00981;2024-04-03;Bogotá D.C.;Bogotá;44;M;3;Técnico/Tecnólogo;Comerciante;4280000,0;4280000,0;normal;App orgánico;694,0;False;0;Android;1;1;3000000;3000000,0;0,41633930751907583;0,41633930751907583;2025-11-03;1,0
CL00982;2023-07-26;Valle del Cauca;Cali;40;M;1;Universitario;Empleado;1810000,0;1810000,0;normal;App orgánico;554,0;False;0;iOS;1;0;2400000;2400000,0;0,35379037187081186;0,35379037187081186;2025-10-31;0,0
CL00983;2024-10-22;Santander;Bucaramanga;26;M;4;Universitario;Independiente;2950000,0;2950000,0;normal;Campaña digital;569,0;False;1;iOS;1;0;3850000;3850000,0;0,40717252832674405;0,40717252832674405;2025-06-29;0,0
CL00984;2024-02-07;Antioquia;Medellín;36;F;2;Técnico/Tecnólogo;Estudiante;1970000,0;1970000,0;normal;App orgánico;539,0;False;1;iOS;1;0;2500000;2500000,0;0,5093818402368143;0,5093818402368143;2024-03-12;0,0
CL00985;2025-12-15;Antioquia;Medellín;36;F;4;Bachiller;Comerciante;2180000,0;2180000,0;normal;Aliado comercial;461,0;True;2;Android;1;0;1450000;1450000,0;0,5604093784759338;0,5604093784759338;2026-03-07;0,0
CL00986;2024-05-04;Bolívar;Cartagena;24;M;2;Universitario;Independiente;1960000,0;1960000,0;normal;App orgánico;588,0;True;0;Android;2;1;1900000;950000,0;0,5631073067707699;0,6169890274185923;2025-08-11;0,5
CL00987;2025-07-12;Cundinamarca;Soacha;51;F;2;Técnico/Tecnólogo;Empleado;2260000,0;2260000,0;normal;Referido;661,0;False;2;Android;1;1;400000;400000,0;0,23638711270970506;0,23638711270970506;2025-12-03;1,0
CL00988;2024-12-24;Valle del Cauca;Cali;45;M;2;Universitario;Pensionado;3400000,0;3400000,0;normal;Referido;555,0;False;3;Android;2;0;7250000;3625000,0;0,3564491126798592;0,3590096465985192;2025-12-01;0,0
CL00989;2024-08-14;Bogotá D.C.;Bogotá;34;M;2;Bachiller;Comerciante;2480000,0;2480000,0;normal;App orgánico;582,0;False;0;Android;1;0;1100000;1100000,0;0,5561643753020235;0,5561643753020235;2025-08-04;0,0
CL00990;2025-11-28;Santander;Bucaramanga;36;M;3;Técnico/Tecnólogo;Empleado;2260000,0;2260000,0;normal;App orgánico;588,0;True;1;Android;1;0;1500000;1500000,0;0,6520904048612575;0,6520904048612575;2025-09-26;0,0
CL00991;2023-06-18;Tolima;Ibagué;38;M;5;Bachiller;Empleado;3900000,0;3900000,0;normal;Aliado comercial;629,0;True;3;Android;1;0;3100000;3100000,0;0,2701723823255689;0,2701723823255689;2024-09-01;0,0
CL00992;2024-05-14;Tolima;Ibagué;19;F;3;Universitario;Conductor/Repartidor;2680000,0;2680000,0;normal;Campaña digital;510,0;True;1;Android;3;2;10700000;3566666,6666666665;0,7010645544178433;0,7330352669263265;2025-10-27;0,6666666666666666
CL00994;2025-01-30;Valle del Cauca;Cali;29;M;3;Universitario;Microempresario;3570000,0;3570000,0;normal;Call center;590,0;True;4;Android;1;0;1750000;1750000,0;0,2318488147524584;0,2318488147524584;2025-07-20;0,0
CL00995;2025-02-15;Bogotá D.C.;Bogotá;26;F;1;Bachiller;Empleado;2640000,0;2640000,0;normal;Campaña digital;449,0;False;1;Android;2;0;3450000;1725000,0;0,5791103208265891;0,6662675764156849;2025-06-25;0,0
CL00996;2025-09-12;Risaralda;Pereira;33;M;3;Universitario;Empleado;2880000,0;2880000,0;normal;App orgánico;642,0;False;0;Android;1;0;850000;850000,0;0,21205115598583033;0,21205115598583033;2025-06-04;0,0
CL00999;2025-11-02;Bogotá D.C.;Bogotá;30;M;3;Técnico/Tecnólogo;Empleado;2340000,0;2340000,0;normal;Campaña digital;650,0;False;3;Android;1;0;1200000;1200000,0;0,3504008230926729;0,3504008230926729;2025-10-05;0,0
CL01000;2025-06-19;Bogotá D.C.;Bogotá;42;M;3;Bachiller;Empleado;3740000,0;3740000,0;normal;App orgánico;676,0;False;0;Android;3;0;19050000;6350000,0;0,2814740388854926;0,3382008045267186;2025-12-29;0,0
CL01001;2024-12-06;Cundinamarca;Soacha;50;F;4;Bachiller;Comerciante;4240000,0;4240000,0;normal;Referido;688,0;False;1;Android;1;0;5050000;5050000,0;0,2161543723799339;0,2161543723799339;2025-11-03;0,0
CL01002;2025-07-11;Bolívar;Cartagena;45;F;1;Sin información;Microempresario;1670000,0;1670000,0;normal;App orgánico;537,0;False;3;Android;1;0;1450000;1450000,0;0,4155047200823879;0,4155047200823879;2026-03-27;0,0
CL01003;2025-10-05;Antioquia;Medellín;37;M;2;Sin información;Pensionado;3040000,0;3040000,0;normal;Aliado comercial;573,0;False;0;Android;2;0;9100000;4550000,0;0,5482224003258518;0,7042369444906343;2025-11-02;0,0
CL01004;2025-09-07;Bogotá D.C.;Bogotá;30;F;2;Bachiller;Microempresario;5760000,0;5760000,0;normal;App orgánico;634,0;False;0;Android;1;0;3700000;3700000,0;0,26736995979592215;0,26736995979592215;2025-11-27;0,0
CL01005;2023-02-25;Antioquia;Medellín;43;F;2;Técnico/Tecnólogo;Independiente;2120000,0;2120000,0;normal;Aliado comercial;564,0;False;0;Android;1;0;950000;950000,0;0,41579369699448104;0,41579369699448104;2025-01-03;0,0
CL01006;2024-03-20;Bogotá D.C.;Bogotá;40;F;2;Universitario;Independiente;3570000,0;3570000,0;normal;App orgánico;532,0;True;4;Android;2;0;11000000;5500000,0;0,5432144367940941;0,7075837411941617;2025-11-12;0,0
CL01007;2023-08-02;Risaralda;Pereira;45;F;4;Universitario;Empleado;2100000,0;2100000,0;normal;Campaña digital;585,0;True;0;Android;2;1;1950000;975000,0;0,42022488334001395;0,44093989720972326;2025-08-01;0,5
CL01009;2024-09-25;Atlántico;Barranquilla;46;F;4;Bachiller;Conductor/Repartidor;1790000,0;1790000,0;normal;Campaña digital;634,0;True;2;Android;1;0;2700000;2700000,0;0,41066606057520094;0,41066606057520094;2025-05-18;0,0
CL01010;2024-12-07;Bogotá D.C.;Medellín;31;M;1;Técnico/Tecnólogo;Empleado;1660000,0;1660000,0;normal;Campaña digital;488,0;True;1;iOS;1;1;500000;500000,0;0,6822164638278434;0,6822164638278434;2025-10-19;1,0
CL01012;2025-04-03;Antioquia;Medellín;38;F;1;Sin información;Empleado;3270000,0;3270000,0;normal;Campaña digital;609,0;False;0;Android;1;1;2750000;2750000,0;0,6601211797494813;0,6601211797494813;2026-02-20;1,0
CL01013;2024-11-21;Bolívar;Cartagena;57;F;3;Universitario;Independiente;2950000,0;2950000,0;normal;Campaña digital;634,0;False;2;Web;3;0;16500000;5500000,0;0,2521526867268356;0,31006876255966;2026-02-27;0,0
CL01014;2023-02-16;Bogotá D.C.;Bogotá;29;M;1;Bachiller;Independiente;1420000,0;1420000,0;normal;Referido;500,0;False;0;iOS;1;1;1050000;1050000,0;0,84905453862941;0,84905453862941;2023-07-18;1,0
CL01015;2025-03-15;Caldas;Manizales;53;F;3;Universitario;Desempleado;620000,0;620000,0;normal;Campaña digital;538,0;False;0;Android;2;2;4650000;2325000,0;0,7999151354452572;0,8258286903354591;2025-07-27;1,0
CL01016;2025-04-06;Valle del Cauca;Cali;38;F;4;Universitario;Empleado;6110000,0;6110000,0;normal;Campaña digital;711,0;True;0;iOS;1;0;3250000;3250000,0;0,2055196582854461;0,2055196582854461;2025-09-06;0,0
CL01017;2024-08-16;Bogotá D.C.;Bogotá;29;M;1;Universitario;Conductor/Repartidor;2240000,0;2240000,0;normal;Campaña digital;436,0;False;2;iOS;1;1;2600000;2600000,0;0,8126240122519578;0,8126240122519578;2024-09-16;1,0
CL01018;2024-02-09;Bolívar;Cartagena;82;F;2;Bachiller;Empleado;2320000,0;2320000,0;normal;App orgánico;719,0;False;0;Android;1;0;750000;750000,0;0,26789058058902376;0,26789058058902376;2024-08-11;0,0
CL01019;2024-04-10;Atlántico;Barranquilla;33;M;2;Bachiller;Empleado;2570000,0;2570000,0;normal;App orgánico;547,0;True;2;Android;2;1;5000000;2500000,0;0,5120097588468855;0,6247537991379617;2025-11-09;0,5
CL01020;2024-12-27;Bogotá D.C.;Bogotá;40;M;4;Sin información;Empleado;3520000,0;3520000,0;normal;App orgánico;592,0;False;2;Android;1;0;1300000;1300000,0;0,13326940452015495;0,13326940452015495;2026-01-04;0,0
CL01021;2025-10-10;Santander;Bucaramanga;41;M;2;Bachiller;Independiente;2260000,0;2260000,0;normal;Campaña digital;504,0;True;2;Android;1;0;6450000;6450000,0;0,6065475453285684;0,6065475453285684;2025-12-02;0,0
CL01022;2023-07-05;Cundinamarca;Soacha;30;F;3;Sin información;Microempresario;4380000,0;4380000,0;normal;Aliado comercial;747,0;False;3;Android;1;0;2250000;2250000,0;0,1904993270563493;0,1904993270563493;2025-01-29;0,0
CL01025;2025-08-12;Bogotá D.C.;Bogotá;53;M;5;Técnico/Tecnólogo;Microempresario;4860000,0;4860000,0;normal;Campaña digital;675,0;True;1;Android;1;0;5700000;5700000,0;0,260687987540473;0,260687987540473;2025-12-01;0,0
CL01026;2023-04-12;Bogotá D.C.;Bogotá;40;M;4;Técnico/Tecnólogo;Independiente;5880000,0;5880000,0;normal;Referido;766,0;False;1;Web;1;0;4750000;4750000,0;0,49687882479392287;0,49687882479392287;2024-09-18;0,0
CL01028;2023-07-30;Antioquia;Medellín;37;M;1;Universitario;Empleado;1510000,0;1510000,0;normal;Campaña digital;591,0;True;3;Android;1;0;1900000;1900000,0;0,3397404550431237;0,3397404550431237;2025-01-27;0,0
CL01029;2023-12-15;Norte de Santander;Cúcuta;42;M;3;Bachiller;Microempresario;3150000,0;3150000,0;normal;Call center;577,0;False;0;Web;1;0;7550000;7550000,0;0,5300917499554612;0,5300917499554612;2025-06-08;0,0
CL01030;2025-05-31;Bogotá D.C.;Bogotá;26;F;3;Técnico/Tecnólogo;Independiente;1450000,0;1450000,0;normal;Campaña digital;550,0;True;2;Web;1;0;600000;600000,0;0,6456157196794593;0,6456157196794593;2025-07-13;0,0
CL01031;2024-01-14;Santander;Bucaramanga;33;F;3;Técnico/Tecnólogo;Comerciante;2640000,0;2640000,0;normal;Call center;516,0;False;4;Android;1;0;1750000;1750000,0;0,5208985528801646;0,5208985528801646;2025-11-24;0,0
CL01032;2024-06-14;Antioquia;Medellín;19;M;3;Bachiller;Conductor/Repartidor;4140000,0;4140000,0;normal;Campaña digital;557,0;False;4;Android;2;1;10800000;5400000,0;0,7022989576407368;0,7787220928205885;2025-11-11;0,5
CL01033;2024-01-31;Santander;Bucaramanga;40;F;1;Bachiller;Conductor/Repartidor;1180000,0;1180000,0;normal;Call center;383,0;False;0;Android;2;1;1850000;925000,0;0,6318045942513807;0,7109932768582888;2025-11-21;0,5
CL01035;2024-10-16;Atlántico;Barranquilla;31;M;2;Bachiller;Pensionado;1670000,0;1670000,0;normal;Aliado comercial;543,0;False;1;Android;1;0;600000;600000,0;0,6007271822690793;0,6007271822690793;2025-07-22;0,0
CL01036;2023-10-18;Cundinamarca;Soacha;52;M;4;Universitario;Desempleado;700000,0;700000,0;normal;App orgánico;562,0;False;0;Android;1;1;2150000;2150000,0;0,6826026151205907;0,6826026151205907;2025-02-25;1,0
CL01037;2024-03-29;Valle del Cauca;Cali;24;F;2;Posgrado;Comerciante;1560000,0;1560000,0;normal;App orgánico;601,0;True;2;Android;1;0;1900000;1900000,0;0,41917594419164494;0,41917594419164494;2026-01-10;0,0
CL01038;2023-05-13;Atlántico;Barranquilla;21;F;1;Universitario;Estudiante;670000,0;670000,0;normal;App orgánico;395,0;False;3;iOS;1;1;750000;750000,0;0,7509752185281889;0,7509752185281889;2024-05-10;1,0
CL01040;2025-03-06;Atlántico;Barranquilla;46;M;4;Técnico/Tecnólogo;Empleado;2870000,0;2870000,0;normal;Referido;717,0;False;1;iOS;1;0;4700000;4700000,0;0,3233337270572097;0,3233337270572097;2026-02-01;0,0
CL01041;2024-03-22;Atlántico;Barranquilla;53;F;1;Universitario;Empleado;2280000,0;2280000,0;normal;Referido;616,0;False;1;Android;1;0;4300000;4300000,0;0,47378037970859127;0,47378037970859127;2025-04-16;0,0
CL01043;2024-03-27;Bogotá D.C.;Bogotá;47;F;5;Bachiller;Conductor/Repartidor;2550000,0;2550000,0;normal;Campaña digital;526,0;False;1;Android;3;2;5000000;1666666,6666666667;0,5491628984088199;0,712916927360343;2025-12-04;0,6666666666666666
CL01044;2024-02-27;Antioquia;Medellín;36;M;2;Bachiller;Empleado;2570000,0;2570000,0;normal;Aliado comercial;537,0;False;1;iOS;1;1;5200000;5200000,0;0,5848886514825735;0,5848886514825735;2024-08-12;1,0
CL01045;2023-03-16;Antioquia;Medellín;34;F;4;Universitario;Independiente;2570000,0;2570000,0;normal;App orgánico;627,0;True;0;Android;1;0;3250000;3250000,0;0,4063685268764086;0,4063685268764086;2025-08-05;0,0
CL01046;2023-06-29;Atlántico;Barranquilla;45;M;5;Sin información;Independiente;5460000,0;5460000,0;normal;Campaña digital;777,0;False;0;iOS;1;0;13050000;13050000,0;0,4133455892462767;0,4133455892462767;2025-04-16;0,0
CL01047;2023-09-27;Bogotá D.C.;Bogotá;43;M;3;Técnico/Tecnólogo;Comerciante;2570000,0;2570000,0;normal;Campaña digital;612,0;False;3;iOS;1;0;1450000;1450000,0;0,32488614591326526;0,32488614591326526;2025-02-10;0,0
CL01048;2025-10-24;Santander;Bucaramanga;20;F;2;Bachiller;Independiente;1730000,0;1730000,0;normal;App orgánico;488,0;False;0;Android;1;1;900000;900000,0;0,7858154844735127;0,7858154844735127;2025-05-11;1,0
CL01051;2023-02-14;Antioquia;Medellín;30;M;2;Bachiller;Independiente;1090000,0;1090000,0;normal;Campaña digital;448,0;True;0;Android;1;1;1350000;1350000,0;0,8788346462906345;0,8788346462906345;2023-07-31;1,0
CL01053;2025-08-07;Bogotá D.C.;Bogotá;41;M;3;Técnico/Tecnólogo;Empleado;2080000,0;2080000,0;normal;App orgánico;558,0;False;1;Android;1;1;800000;800000,0;0,569221805797638;0,569221805797638;2025-11-04;1,0
CL01054;2025-11-11;Valle del Cauca;Cali;39;F;3;Sin información;Pensionado;2630000,0;2630000,0;normal;Campaña digital;622,0;False;3;Web;1;0;2450000;2450000,0;0,3729595429491966;0,3729595429491966;2025-10-04;0,0
CL01055;2024-08-09;Bolívar;Cartagena;30;M;2;Universitario;Comerciante;2240000,0;2240000,0;normal;App orgánico;486,0;False;2;Android;1;0;2250000;2250000,0;0,6375290229944949;0,6375290229944949;2026-02-13;0,0
CL01056;2023-09-12;Antioquia;Medellín;29;F;4;Técnico/Tecnólogo;Independiente;1430000,0;1430000,0;normal;App orgánico;574,0;False;3;Android;1;1;1450000;1450000,0;0,6743648761718493;0,6743648761718493;2023-09-29;1,0
CL01058;2023-04-30;Antioquia;Medellín;48;M;3;Bachiller;Desempleado;650000,0;650000,0;normal;Campaña digital;488,0;False;1;Android;1;1;250000;250000,0;0,8425106611489119;0,8425106611489119;2023-12-20;1,0
CL01059;2023-09-25;Atlántico;Barranquilla;41;M;3;Sin información;Empleado;4680000,0;4680000,0;normal;Call center;667,0;False;1;Android;1;0;1550000;1550000,0;0,27797716257764016;0,27797716257764016;2024-12-05;0,0
CL01061;2025-01-08;Norte de Santander;Cúcuta;44;F;2;Bachiller;Independiente;1260000,0;1260000,0;normal;Referido;570,0;True;4;Android;1;0;850000;850000,0;0,4416367113251754;0,4416367113251754;2025-10-01;0,0
CL01062;2025-01-10;Bogotá D.C.;Bogotá;19;M;2;Técnico/Tecnólogo;Empleado;1870000,0;1870000,0;normal;App orgánico;543,0;True;2;Android;1;1;1350000;1350000,0;0,6607812805925511;0,6607812805925511;2025-07-07;1,0
CL01063;2024-05-28;Meta;Villavicencio;47;M;4;Bachiller;Independiente;3220000,0;3220000,0;normal;Aliado comercial;630,0;False;1;Web;1;0;1350000;1350000,0;0,2199378998615907;0,2199378998615907;2024-07-05;0,0
CL01064;2024-01-06;Bogotá D.C.;Bogotá;19;F;2;Universitario;Empleado;2760000,0;2760000,0;normal;Referido;711,0;False;0;iOS;1;0;950000;950000,0;0,3025074978697275;0,3025074978697275;2024-04-29;0,0
CL01065;2024-04-06;Atlántico;Barranquilla;32;F;3;Universitario;Conductor/Repartidor;1400000,0;1400000,0;normal;Referido;596,0;False;2;Android;1;1;1750000;1750000,0;0,6275942476337583;0,6275942476337583;2024-10-10;1,0
CL01066;2025-03-03;Valle del Cauca;Cali;25;M;4;Bachiller;Pensionado;2840000,0;2840000,0;normal;Aliado comercial;576,0;True;0;Android;1;0;450000;450000,0;0,40971003379509924;0,40971003379509924;2025-10-03;0,0
CL01067;2023-11-17;Bolívar;Cartagena;23;F;3;Universitario;Empleado;2200000,0;2200000,0;normal;Campaña digital;575,0;False;1;Android;1;0;2550000;2550000,0;0,5159594353695662;0,5159594353695662;2024-04-26;0,0
CL01070;2024-03-08;Bogotá D.C.;Bogotá;39;F;3;Universitario;Microempresario;3660000,0;3660000,0;normal;Aliado comercial;720,0;False;1;Android;2;0;14350000;7175000,0;0,30756385009227716;0,3261464656638789;2026-02-15;0,0
CL01071;2025-05-23;Risaralda;Pereira;36;F;6;Técnico/Tecnólogo;Independiente;2920000,0;2920000,0;normal;Campaña digital;696,0;False;1;iOS;2;0;1500000;750000,0;0,23648560655646395;0,2501661440876094;2026-03-07;0,0
CL01072;2023-11-06;Valle del Cauca;Cali;41;M;5;Técnico/Tecnólogo;Empleado;4200000,0;4200000,0;normal;Aliado comercial;626,0;False;1;Android;1;0;9700000;9700000,0;0,22746366564386822;0,22746366564386822;2025-11-22;0,0
CL01073;2025-02-16;Norte de Santander;Cúcuta;37;M;3;Técnico/Tecnólogo;Comerciante;1360000,0;1360000,0;normal;Referido;601,0;False;1;Android;1;0;2200000;2200000,0;0,254661189096986;0,254661189096986;2026-01-04;0,0
CL01075;2023-09-25;Bogotá D.C.;Bogotá;46;M;4;Técnico/Tecnólogo;Empleado;6870000,0;6870000,0;normal;Campaña digital;799,0;False;1;Android;1;0;3700000;3700000,0;0,128255224432354;0,128255224432354;2024-11-05;0,0
CL01078;2024-11-15;Norte de Santander;Cúcuta;32;M;3;Universitario;Empleado;4620000,0;4620000,0;normal;Campaña digital;613,0;False;2;Android;1;0;3150000;3150000,0;0,2698193995730425;0,2698193995730425;2025-01-09;0,0
CL01080;2025-08-19;Bogotá D.C.;Bogotá;45;F;2;Técnico/Tecnólogo;Independiente;3260000,0;3260000,0;normal;App orgánico;637,0;True;1;iOS;1;1;1850000;1850000,0;0,2621982884403431;0,2621982884403431;2025-05-14;1,0
CL01082;2023-06-28;Caldas;Manizales;33;M;2;Técnico/Tecnólogo;Comerciante;3040000,0;3040000,0;normal;Campaña digital;507,0;False;2;Android;1;1;2050000;2050000,0;0,6220958484732191;0,6220958484732191;2025-04-22;1,0
CL01083;2023-09-17;Cundinamarca;Soacha;33;F;2;Técnico/Tecnólogo;Empleado;1320000,0;1320000,0;normal;Aliado comercial;494,0;True;2;Android;2;2;2050000;1025000,0;0,6905386660875057;0,7160651306781791;2024-11-07;1,0
CL01084;2024-04-21;Santander;Bucaramanga;57;F;2;Sin información;Pensionado;1860000,0;1860000,0;normal;Aliado comercial;553,0;False;0;iOS;2;0;2750000;1375000,0;0,20648297174445063;0,2222697703788491;2026-03-08;0,0
CL01086;2023-05-12;Valle del Cauca;Cali;40;M;1;Universitario;Conductor/Repartidor;1460000,0;1460000,0;normal;Aliado comercial;365,0;False;4;Android;1;0;800000;800000,0;0,7814123575372356;0,7814123575372356;2023-10-05;0,0
CL01087;2023-02-23;Bogotá D.C.;Bogotá;46;M;5;Bachiller;Comerciante;3690000,0;3690000,0;normal;Campaña digital;703,0;False;1;Android;2;0;5100000;2550000,0;0,25486748016815186;0,2996700725244619;2023-07-02;0,0
CL01089;2024-04-25;Bogotá D.C.;Bogotá;33;M;1;Posgrado;Estudiante;1290000,0;1290000,0;normal;App orgánico;504,0;True;0;Android;2;1;1450000;725000,0;0,5755392016883321;0,675680987665741;2025-12-11;0,5
CL01093;2024-10-19;Cundinamarca;Soacha;43;M;4;Universitario;Empleado;3930000,0;3930000,0;normal;Referido;589,0;True;2;Android;1;0;2850000;2850000,0;0,38384725470843856;0,38384725470843856;2025-04-19;0,0
CL01095;2023-02-03;Valle del Cauca;Cali;43;F;3;Técnico/Tecnólogo;Empleado;2740000,0;2740000,0;normal;Call center;615,0;True;0;Android;2;1;7750000;3875000,0;0,45170084746298306;0,5133375047248355;2024-12-03;0,5
CL01096;2023-09-30;Valle del Cauca;Cali;35;F;2;Universitario;Comerciante;1470000,0;1470000,0;normal;Aliado comercial;555,0;False;2;Android;2;0;2100000;1050000,0;0,4222649053529327;0,46189079278084183;2025-09-10;0,0
CL01097;2024-09-23;Bolívar;Cartagena;37;M;3;Bachiller;Comerciante;2920000,0;2920000,0;normal;Campaña digital;583,0;False;0;iOS;1;0;1100000;1100000,0;0,47327754142784356;0,47327754142784356;2025-11-24;0,0
CL01098;2025-10-04;Valle del Cauca;Cali;19;M;3;Técnico/Tecnólogo;Comerciante;2070000,0;2070000,0;normal;App orgánico;561,0;False;2;iOS;1;0;550000;550000,0;0,531510127432663;0,531510127432663;2025-12-23;0,0
CL01099;2025-11-09;Bogotá D.C.;Bogotá;45;M;1;Bachiller;Empleado;1030000,0;1030000,0;normal;App orgánico;523,0;False;0;Android;2;1;1300000;650000,0;0,5594566704572816;0,6757771294457351;2025-10-31;0,5
CL01100;2025-05-14;Valle del Cauca;Cali;39;F;4;Técnico/Tecnólogo;Empleado;9200000,0;7082400,000000003;outlier_real;Campaña digital;812,0;False;1;Android;2;0;13550000;6775000,0;0,17827824187729682;0,18043517008619575;2026-01-10;0,0
CL01101;2024-02-20;Bogotá D.C.;Bogotá;46;F;5;Posgrado;Desempleado;1880000,0;1880000,0;normal;Aliado comercial;616,0;True;1;Web;2;2;2850000;1425000,0;0,4887364484949579;0,5226588254416326;2025-07-17;1,0
CL01102;2025-12-30;Santander;Bucaramanga;19;M;2;Técnico/Tecnólogo;Conductor/Repartidor;1390000,0;1390000,0;normal;Referido;446,0;False;1;Android;1;0;3100000;3100000,0;0,55524113451004;0,55524113451004;2026-03-01;0,0
CL01103;2025-08-27;Atlántico;Barranquilla;57;M;2;Universitario;Conductor/Repartidor;4130000,0;4130000,0;normal;App orgánico;668,0;True;1;Android;1;0;1150000;1150000,0;0,29609735394544584;0,29609735394544584;2025-10-21;0,0
CL01104;2023-04-17;Bogotá D.C.;Bogotá;35;F;2;Técnico/Tecnólogo;Independiente;1180000,0;1180000,0;normal;App orgánico;484,0;False;0;Android;1;1;1050000;1050000,0;0,8459121381785782;0,8459121381785782;2023-05-17;1,0
CL01106;2025-09-14;Atlántico;Barranquilla;26;M;2;Técnico/Tecnólogo;Conductor/Repartidor;1490000,0;1490000,0;normal;Campaña digital;469,0;False;2;Android;1;1;1300000;1300000,0;0,7233660447873568;0,7233660447873568;2025-08-16;1,0
CL01107;2023-02-18;Bogotá D.C.;Bogotá;42;M;2;Sin información;Conductor/Repartidor;1140000,0;1140000,0;normal;Campaña digital;567,0;False;0;Android;1;1;1350000;1350000,0;0,6193413186048496;0,6193413186048496;2024-01-06;1,0
CL01108;2023-03-17;Atlántico;Barranquilla;25;M;2;Universitario;Estudiante;1180000,0;1180000,0;normal;Campaña digital;488,0;True;1;iOS;1;1;450000;450000,0;0,7219435388696395;0,7219435388696395;2023-05-18;1,0
CL01109;2023-06-04;Valle del Cauca;Cali;30;F;2;Universitario;Empleado;2310000,0;2310000,0;normal;Campaña digital;588,0;False;0;Android;1;0;4850000;4850000,0;0,269129342390827;0,269129342390827;2025-02-01;0,0
CL01111;2025-05-07;Antioquia;Medellín;34;M;2;Universitario;Independiente;1980000,0;1980000,0;normal;Referido;398,0;True;1;Android;2;2;6000000;3000000,0;0,6937560451799705;0,8286468875265189;2025-10-24;1,0
CL01112;2025-09-17;Bogotá D.C.;Bogotá;38;F;2;Técnico/Tecnólogo;Empleado;1750000,0;1750000,0;normal;Referido;469,0;False;4;Android;1;0;2100000;2100000,0;0,3783809703051966;0,3783809703051966;2026-02-17;0,0
CL01113;2025-02-03;Cundinamarca;Soacha;45;M;4;Bachiller;Empleado;7370000,0;7082400,000000003;outlier_real;Referido;850,0;False;1;iOS;1;0;2450000;2450000,0;0,16570029488852353;0,16570029488852353;2026-03-15;0,0
CL01114;2026-01-14;Cundinamarca;Soacha;41;M;2;Universitario;Empleado;3370000,0;3370000,0;normal;Referido;527,0;False;1;Android;1;0;4750000;4750000,0;0,625183837476132;0,625183837476132;2025-12-12;0,0
CL01115;2023-04-27;Norte de Santander;Cúcuta;38;M;2;Universitario;Independiente;2190000,0;2190000,0;normal;Campaña digital;535,0;False;1;Android;1;1;1500000;1500000,0;0,7711736567293342;0,7711736567293342;2023-11-24;1,0
CL01116;2024-04-22;Bogotá D.C.;Bogotá;40;M;2;Universitario;Estudiante;2570000,0;2570000,0;normal;Campaña digital;449,0;True;2;Android;2;2;5100000;2550000,0;0,5711756419512454;0,6672914536815527;2025-10-03;1,0
CL01117;2023-11-08;Antioquia;Medellín;60;F;3;Técnico/Tecnólogo;Conductor/Repartidor;2510000,0;2510000,0;normal;Referido;576,0;False;2;Android;2;1;6350000;3175000,0;0,6127496204122306;0,6222007443752746;2025-08-26;0,5
CL01118;2023-06-10;Atlántico;Barranquilla;35;F;2;Universitario;Comerciante;1650000,0;1650000,0;normal;App orgánico;573,0;False;2;Android;1;1;900000;900000,0;0,5841459564149141;0,5841459564149141;2024-12-06;1,0
CL01119;2025-06-18;Valle del Cauca;Cali;38;M;2;Técnico/Tecnólogo;Desempleado;940000,0;940000,0;normal;Aliado comercial;531,0;False;1;iOS;1;1;650000;650000,0;0,5527421865639154;0,5527421865639154;2026-02-06;1,0
CL01120;2023-08-25;Antioquia;Medellín;47;No informa;1;Técnico/Tecnólogo;Comerciante;1380000,0;1380000,0;normal;Campaña digital;533,0;True;4;iOS;1;1;650000;650000,0;0,6973960419248129;0,6973960419248129;2024-12-07;1,0
CL01121;2023-08-06;Antioquia;Medellín;47;M;3;Técnico/Tecnólogo;Conductor/Repartidor;1770000,0;1770000,0;normal;Campaña digital;547,0;False;1;Android;2;0;1950000;975000,0;0,5132437008424983;0,5685641786580151;2025-07-27;0,0
CL01122;2023-10-30;Bogotá D.C.;Bogotá;36;M;3;Bachiller;Estudiante;1600000,0;1600000,0;normal;App orgánico;359,0;False;2;Android;1;1;2250000;2250000,0;0,7527058357630438;0,7527058357630438;2024-02-03;1,0
CL01123;2024-10-31;Bogotá D.C.;Bogotá;42;M;6;Sin información;Empleado;5100000,0;5100000,0;normal;App orgánico;738,0;False;2;iOS;1;0;6500000;6500000,0;0,2060506422010826;0,2060506422010826;2026-01-02;0,0
CL01124;2023-05-01;Tolima;Ibagué;25;F;3;Técnico/Tecnólogo;Independiente;2240000,0;2240000,0;normal;App orgánico;545,0;True;1;Android;3;1;4350000;1450000,0;0,44733585425482714;0,5834271848027955;2025-05-28;0,3333333333333333
CL01125;2023-10-16;Antioquia;Medellín;52;M;5;Técnico/Tecnólogo;Independiente;2600000,0;2600000,0;normal;App orgánico;646,0;True;2;Android;1;0;2750000;2750000,0;0,3436829543413218;0,3436829543413218;2024-07-23;0,0
CL01127;2025-05-08;Bogotá D.C.;Bogotá;39;F;4;Técnico/Tecnólogo;Comerciante;2500000,0;2500000,0;normal;Aliado comercial;635,0;False;3;Android;2;1;4950000;2475000,0;0,5689007860016959;0,776194534368291;2025-06-29;0,5
CL01128;2024-08-04;Bogotá D.C.;Bogotá;28;F;2;Sin información;Empleado;3070000,0;3070000,0;normal;App orgánico;654,0;True;3;Android;1;0;5300000;5300000,0;0,47964858080253603;0,47964858080253603;2024-09-17;0,0
CL01130;2023-01-22;Valle del Cauca;Cali;39;F;3;Técnico/Tecnólogo;Pensionado;4470000,0;4470000,0;normal;Campaña digital;730,0;False;3;Android;1;1;4700000;4700000,0;0,36424823008294704;0,36424823008294704;2023-04-17;1,0
CL01132;2024-11-14;Atlántico;Barranquilla;40;M;3;Técnico/Tecnólogo;Empleado;2510000,0;2510000,0;normal;Referido;614,0;True;1;iOS;1;0;1900000;1900000,0;0,43015407874951866;0,43015407874951866;2025-12-26;0,0
CL01133;2025-08-26;Bogotá D.C.;Bogotá;52;M;1;Universitario;Microempresario;2760000,0;2760000,0;normal;Campaña digital;668,0;True;2;Android;1;0;3500000;3500000,0;0,22404802795635828;0,22404802795635828;2026-02-07;0,0
CL01134;2024-11-28;Bogotá D.C.;Bogotá;41;F;3;Técnico/Tecnólogo;Microempresario;3810000,0;3810000,0;normal;App orgánico;619,0;False;4;Android;1;0;4600000;4600000,0;0,411084381484213;0,411084381484213;2025-06-19;0,0
CL01135;2023-02-10;Antioquia;Medellín;34;F;3;Sin información;Empleado;2100000,0;2100000,0;normal;Call center;532,0;False;0;iOS;1;0;1050000;1050000,0;0,40164174860932156;0,40164174860932156;2024-11-04;0,0
CL01136;2024-03-30;Bogotá D.C.;Bogotá;46;M;3;Posgrado;Microempresario;2570000,0;2570000,0;normal;App orgánico;644,0;False;0;iOS;2;1;4600000;2300000,0;0,17668130764484177;0,21880579020271865;2025-06-28;0,5
CL01137;2023-09-02;Antioquia;Medellín;48;M;3;Técnico/Tecnólogo;Empleado;1870000,0;1870000,0;normal;App orgánico;482,0;False;3;Android;2;1;4450000;2225000,0;0,6692669772141604;0,7341179467665812;2024-09-15;0,5
CL01138;2025-12-13;Meta;Villavicencio;24;F;1;Universitario;Empleado;2740000,0;2740000,0;normal;Call center;555,0;False;1;Android;2;0;2400000;1200000,0;0,46112940763243193;0,47331507646016185;2025-12-30;0,0
CL01139;2024-02-05;Valle del Cauca;Cali;42;M;3;Bachiller;Independiente;1260000,0;1260000,0;normal;Campaña digital;441,0;True;0;Android;1;0;300000;300000,0;0,7052260864976939;0,7052260864976939;2025-06-04;0,0
CL01140;2023-03-16;Cundinamarca;Soacha;43;F;3;Técnico/Tecnólogo;Empleado;2190000,0;2190000,0;normal;Call center;556,0;True;1;Android;1;0;3900000;3900000,0;0,6048376807942413;0,6048376807942413;2024-08-25;0,0
CL01141;2023-06-13;Valle del Cauca;Cali;33;F;5;Universitario;Independiente;3280000,0;3280000,0;normal;Campaña digital;584,0;False;2;Android;2;1;3700000;1850000,0;0,31320154321000904;0,36877730284504123;2025-11-13;0,5
CL01142;2023-03-05;Atlántico;Barranquilla;50;M;3;Técnico/Tecnólogo;Comerciante;3140000,0;3140000,0;normal;App orgánico;594,0;False;3;Web;3;0;3800000;1266666,6666666667;0,32949722059191017;0,41275931027717444;2024-10-13;0,0
CL01143;2023-03-05;Bogotá D.C.;Bogotá;34;M;3;Universitario;Microempresario;2800000,0;2800000,0;normal;Campaña digital;655,0;False;4;Android;1;1;650000;650000,0;0,32680280922762917;0,32680280922762917;2025-05-13;1,0
CL01144;2024-10-22;Risaralda;Pereira;37;F;2;Universitario;Empleado;2330000,0;2330000,0;normal;Campaña digital;654,0;True;0;Web;1;0;4400000;4400000,0;0,2935135837035477;0,2935135837035477;2025-12-29;0,0
CL01145;2023-03-23;Cundinamarca;Soacha;34;F;2;Bachiller;Independiente;1370000,0;1370000,0;normal;App orgánico;458,0;False;1;Android;1;1;850000;850000,0;0,584697525724102;0,584697525724102;2024-03-23;1,0
CL01148;2024-01-17;Caldas;Manizales;22;M;2;Bachiller;Microempresario;2950000,0;2950000,0;normal;App orgánico;464,0;False;2;Android;1;0;4300000;4300000,0;0,5851739324773549;0,5851739324773549;2024-12-06;0,0
CL01150;2023-04-09;Atlántico;Barranquilla;28;M;3;Universitario;Empleado;2070000,0;2070000,0;normal;Campaña digital;642,0;False;0;Android;1;1;1200000;1200000,0;0,4315133974268139;0,4315133974268139;2024-06-04;1,0
CL01152;2025-07-03;Bogotá D.C.;Bogotá;19;F;5;Universitario;Empleado;2430000,0;2430000,0;normal;Aliado comercial;589,0;False;2;Web;1;0;600000;600000,0;0,4932029352713029;0,4932029352713029;2025-09-09;0,0
CL01153;2023-05-07;Atlántico;Barranquilla;30;F;3;Técnico/Tecnólogo;Empleado;4500000,0;4500000,0;normal;Campaña digital;673,0;False;0;iOS;1;0;3000000;3000000,0;0,21616835349777977;0,21616835349777977;2024-05-06;0,0
CL01155;2025-05-06;Risaralda;Pereira;52;M;4;Posgrado;Conductor/Repartidor;2450000,0;2450000,0;normal;Campaña digital;506,0;True;1;iOS;3;2;7250000;2416666,6666666665;0,6057628535808098;0,7676106709119218;2026-01-30;0,6666666666666666
CL01156;2023-11-22;Caldas;Manizales;46;F;3;Bachiller;Independiente;3790000,0;3790000,0;normal;App orgánico;526,0;False;0;Android;3;3;7100000;2366666,6666666665;0,6413158684996797;0,7310955576640497;2025-05-27;1,0
CL01158;2025-07-07;Cundinamarca;Soacha;59;M;3;Universitario;Independiente;2680000,0;2680000,0;normal;Referido;559,0;True;2;Android;1;0;2100000;2100000,0;0,38051778360287664;0,38051778360287664;2026-02-23;0,0
CL01159;2023-04-13;Atlántico;Barranquilla;46;M;3;Universitario;Empleado;1360000,0;1360000,0;normal;Aliado comercial;596,0;True;1;Android;1;0;750000;750000,0;0,5640523318537318;0,5640523318537318;2024-04-19;0,0
CL01160;2024-03-12;Antioquia;Medellín;33;F;3;Universitario;Comerciante;3740000,0;3740000,0;normal;App orgánico;633,0;False;0;Web;1;0;2100000;2100000,0;0,2894916348487416;0,2894916348487416;2024-06-20;0,0
CL01161;2025-03-24;Risaralda;Pereira;19;F;2;Bachiller;Empleado;3910000,0;3910000,0;normal;Aliado comercial;521,0;False;1;Android;1;0;1900000;1900000,0;0,5698836353764254;0,5698836353764254;2025-09-19;0,0
CL01162;2024-08-16;Risaralda;Pereira;59;M;3;Técnico/Tecnólogo;Comerciante;1850000,0;1850000,0;normal;Referido;687,0;False;1;Android;1;0;1900000;1900000,0;0,37766304255055233;0,37766304255055233;2026-02-16;0,0
CL01165;2024-02-20;Bogotá D.C.;Bogotá;46;F;4;Universitario;Independiente;1920000,0;1920000,0;normal;Referido;597,0;False;3;iOS;2;0;5050000;2525000,0;0,40215301673463133;0,4229142112405032;2025-05-13;0,0
CL01166;2023-06-01;Antioquia;Medellín;60;M;2;Universitario;Comerciante;3580000,0;3580000,0;normal;Campaña digital;696,0;False;2;Android;3;0;10250000;3416666,6666666665;0,3484431190252035;0,35377433626519317;2025-05-15;0,0
CL01168;2025-04-15;Bogotá D.C.;Bogotá;42;F;6;Bachiller;Empleado;5520000,0;5520000,0;normal;Campaña digital;745,0;False;2;iOS;1;0;4850000;4850000,0;0,2433556921880014;0,2433556921880014;2025-06-21;0,0
CL01169;2023-08-07;Cundinamarca;Soacha;42;F;3;Universitario;Comerciante;4910000,0;4910000,0;normal;Call center;740,0;False;2;iOS;1;0;10650000;10650000,0;0,2930021826340703;0,2930021826340703;2024-02-17;0,0
CL01170;2023-08-19;Bogotá D.C.;Bogotá;45;M;2;Técnico/Tecnólogo;Microempresario;3620000,0;3620000,0;normal;Campaña digital;624,0;True;3;iOS;1;0;2150000;2150000,0;0,3744735391724478;0,3744735391724478;2025-04-07;0,0
CL01171;2024-11-14;Norte de Santander;Cúcuta;44;F;2;Bachiller;Independiente;1640000,0;1640000,0;normal;Call center;549,0;False;2;iOS;1;0;550000;550000,0;0,599263415367538;0,599263415367538;2025-08-17;0,0
CL01172;2024-10-28;Santander;Bucaramanga;39;F;4;Universitario;Estudiante;1550000,0;1550000,0;normal;Referido;603,0;False;2;iOS;1;0;2000000;2000000,0;0,48640037708464695;0,48640037708464695;2025-10-15;0,0
CL01173;2025-10-28;Valle del Cauca;Cali;37;M;2;Bachiller;Independiente;1620000,0;1620000,0;normal;Referido;526,0;False;1;Android;1;0;3000000;3000000,0;0,7995729915492128;0,7995729915492128;2025-05-27;0,0
CL01174;2023-02-26;Antioquia;Medellín;35;F;3;Técnico/Tecnólogo;Empleado;3940000,0;3940000,0;normal;Campaña digital;593,0;True;0;Android;1;1;7250000;7250000,0;0,5428902283691159;0,5428902283691159;2024-12-04;1,0
CL01175;2024-09-21;Bogotá D.C.;Bogotá;28;M;1;Universitario;Microempresario;4220000,0;4220000,0;normal;Aliado comercial;594,0;False;4;iOS;3;1;9500000;3166666,6666666665;0,43168311896345424;0,5265345552137636;2025-06-13;0,3333333333333333
CL01177;2024-12-25;Norte de Santander;Cúcuta;19;F;2;Posgrado;Estudiante;940000,0;940000,0;normal;Campaña digital;492,0;False;1;iOS;1;1;1600000;1600000,0;0,7512505887052932;0,7512505887052932;2025-11-11;1,0
CL01178;2023-12-23;Atlántico;Barranquilla;35;F;3;Sin información;Comerciante;2750000,0;2750000,0;normal;App orgánico;644,0;True;3;iOS;1;0;1150000;1150000,0;0,3287270903494703;0,3287270903494703;2024-08-11;0,0
CL01180;2023-03-18;Bogotá D.C.;Bogotá;25;M;4;Bachiller;Empleado;3310000,0;3310000,0;normal;Aliado comercial;646,0;False;0;Android;2;1;7550000;3775000,0;0,39387642496099773;0,40304838240229796;2024-07-23;0,5
CL01181;2023-07-03;Antioquia;Medellín;38;F;1;Universitario;Empleado;1800000,0;1800000,0;normal;App orgánico;569,0;True;1;Android;1;1;2150000;2150000,0;0,5750293390550135;0,5750293390550135;2024-05-06;1,0
CL01182;2025-10-06;Antioquia;Medellín;50;F;5;Técnico/Tecnólogo;Empleado;8240000,0;7082400,000000003;outlier_real;Campaña digital;821,0;False;1;iOS;1;0;2150000;2150000,0;0,13461256111834383;0,13461256111834383;2026-03-16;0,0
CL01183;2024-01-17;Valle del Cauca;Cali;45;M;4;Bachiller;Comerciante;2680000,0;2680000,0;normal;App orgánico;600,0;False;1;Android;2;2;2050000;1025000,0;0,5858336909790101;0,604940085533836;2024-03-11;1,0
CL01184;2024-07-01;Bogotá D.C.;Bogotá;20;M;2;Bachiller;Independiente;1500000,0;1500000,0;normal;App orgánico;585,0;False;2;Android;1;1;850000;850000,0;0,2839761335602971;0,2839761335602971;2025-03-29;1,0
CL01185;2025-02-06;Bolívar;Cartagena;26;F;2;Bachiller;Empleado;2310000,0;2310000,0;normal;App orgánico;508,0;False;2;Android;1;1;5300000;5300000,0;0,5518134395494813;0,5518134395494813;2025-08-12;1,0
CL01186;2025-05-24;Bogotá D.C.;Bogotá;45;M;3;Técnico/Tecnólogo;Empleado;2600000,0;2600000,0;normal;Referido;660,0;False;1;Web;1;1;1400000;1400000,0;0,44986919541692655;0,44986919541692655;2025-07-15;1,0
CL01187;2023-11-25;Bogotá D.C.;Bogotá;26;M;3;Posgrado;Pensionado;2710000,0;2710000,0;normal;App orgánico;638,0;True;1;iOS;2;0;8050000;4025000,0;0,2781955815528961;0,31700179668219586;2026-01-09;0,0
CL01188;2023-11-06;Santander;Bucaramanga;34;M;1;Bachiller;Comerciante;2570000,0;2570000,0;normal;Campaña digital;519,0;True;0;Android;2;0;4750000;2375000,0;0,3350463136165841;0,4112175726886496;2026-02-03;0,0
CL01189;2024-09-07;Bogotá D.C.;Bogotá;42;M;4;Bachiller;Desempleado;430000,0;430000,0;normal;Campaña digital;467,0;True;2;Android;1;0;250000;250000,0;0,5011307068164279;0,5011307068164279;2026-02-03;0,0
CL01190;2023-03-24;Bogotá D.C.;Bogotá;26;M;4;Técnico/Tecnólogo;Empleado;6790000,0;6790000,0;normal;Campaña digital;688,0;True;1;Android;2;1;10550000;5275000,0;0,3532593777335181;0,3775869944248199;2024-11-09;0,5
CL01191;2023-09-05;Bogotá D.C.;Bogotá;37;F;4;Bachiller;Pensionado;1840000,0;1840000,0;normal;App orgánico;612,0;False;3;Android;1;1;800000;800000,0;0,44733094807196705;0,44733094807196705;2025-10-07;1,0
CL01193;2024-05-14;Atlántico;Barranquilla;30;F;4;Técnico/Tecnólogo;Independiente;2930000,0;2930000,0;normal;Aliado comercial;695,0;False;1;Android;1;0;1200000;1200000,0;0,27909350874215433;0,27909350874215433;2026-02-05;0,0
CL01195;2023-10-05;Antioquia;Medellín;20;M;5;Universitario;Empleado;2700000,0;2700000,0;normal;Campaña digital;543,0;False;0;Web;1;0;1450000;1450000,0;0,5448474944752242;0,5448474944752242;2024-08-07;0,0
CL01199;2025-07-19;Cundinamarca;Soacha;38;F;4;Universitario;Independiente;2450000,0;2450000,0;normal;Campaña digital;577,0;True;1;Android;2;1;2850000;1425000,0;0,3714416665154493;0,5280153683808368;2026-02-12;0,5
CL01200;2024-12-13;Bogotá D.C.;Bogotá;50;M;2;Universitario;Conductor/Repartidor;1660000,0;1660000,0;normal;App orgánico;555,0;False;2;Android;2;0;1300000;650000,0;0,5155061857739404;0,5730638931698521;2025-12-18;0,0
CL01201;2023-08-21;Bogotá D.C.;Bogotá;37;F;2;Técnico/Tecnólogo;Conductor/Repartidor;2430000,0;2430000,0;normal;Referido;547,0;True;1;Android;1;0;450000;450000,0;0,6008921660981691;0,6008921660981691;2025-10-08;0,0
CL01202;2025-12-02;Atlántico;Barranquilla;32;M;4;Bachiller;Microempresario;4470000,0;4470000,0;normal;Aliado comercial;679,0;False;0;Android;1;1;8600000;8600000,0;0,7760096081795971;0,7760096081795971;2025-11-10;1,0
CL01203;2023-12-15;Tolima;Ibagué;37;M;2;Técnico/Tecnólogo;Desempleado;780000,0;780000,0;normal;Referido;448,0;False;1;Android;1;0;1050000;1050000,0;0,5911424654345993;0,5911424654345993;2025-10-03;0,0
CL01204;2025-09-01;Atlántico;Barranquilla;41;F;3;Bachiller;Independiente;3760000,0;3760000,0;normal;Referido;671,0;False;1;iOS;1;0;5600000;5600000,0;0,3170961759257721;0,3170961759257721;2026-01-09;0,0
CL01205;2023-06-30;Santander;Bucaramanga;36;F;2;Bachiller;Empleado;2090000,0;2090000,0;normal;App orgánico;568,0;False;1;iOS;1;1;3050000;3050000,0;0,6205459265305624;0,6205459265305624;2024-09-10;1,0
CL01207;2024-05-28;Bogotá D.C.;Bogotá;29;M;4;Técnico/Tecnólogo;Independiente;2760000,0;2760000,0;normal;Aliado comercial;666,0;True;0;Android;1;0;2050000;2050000,0;0,3501155106068918;0,3501155106068918;2025-09-19;0,0
CL01208;2023-07-08;Bogotá D.C.;Bogotá;29;M;1;Bachiller;Desempleado;2570000,0;2570000,0;normal;Aliado comercial;436,0;False;2;iOS;1;0;1700000;1700000,0;0,6513922865065285;0,6513922865065285;2025-05-07;0,0
CL01209;2023-01-23;Bogotá D.C.;Bogotá;22;F;3;Bachiller;Independiente;2720000,0;2720000,0;normal;App orgánico;564,0;True;2;Android;2;1;4100000;2050000,0;0,5044264345125437;0,5105220699717059;2025-04-29;0,5
CL01210;2025-10-25;Antioquia;Medellín;53;M;1;Universitario;Desempleado;1030000,0;1030000,0;normal;Campaña digital;544,0;False;1;iOS;1;0;1100000;1100000,0;0,6847741336244918;0,6847741336244918;2025-12-20;0,0
CL01211;2024-05-26;Bolívar;Cartagena;24;M;3;Universitario;Conductor/Repartidor;1510000,0;1510000,0;normal;App orgánico;499,0;False;1;Android;2;2;5600000;2800000,0;0,6487163488130865;0,6941483293015462;2025-11-29;1,0
CL01214;2024-01-01;Santander;Bucaramanga;45;M;3;Técnico/Tecnólogo;Empleado;2780000,0;2780000,0;normal;Campaña digital;642,0;False;0;Android;3;0;2750000;916666,6666666666;0,2065510256072578;0,2593107612215012;2026-03-20;0,0
CL01215;2023-04-06;Atlántico;Barranquilla;33;F;5;Técnico/Tecnólogo;Independiente;2080000,0;2080000,0;normal;Campaña digital;573,0;True;3;iOS;1;0;2850000;2850000,0;0,6250738862218104;0,6250738862218104;2023-11-16;0,0
CL01216;2024-11-17;Caldas;Manizales;48;F;5;Técnico/Tecnólogo;Conductor/Repartidor;4280000,0;4280000,0;normal;Campaña digital;621,0;False;1;Android;2;0;13650000;6825000,0;0,3171531189921994;0,40939670327602673;2025-12-28;0,0
CL01217;2024-06-27;Cundinamarca;Soacha;29;F;3;Bachiller;Microempresario;2570000,0;2570000,0;normal;Aliado comercial;658,0;False;0;iOS;1;0;6000000;6000000,0;0,38788611009611856;0,38788611009611856;2025-10-03;0,0
CL01219;2025-09-09;Valle del Cauca;Cali;28;F;6;Universitario;Comerciante;6200000,0;6200000,0;normal;Referido;742,0;False;2;Android;2;1;8050000;4025000,0;0,3539336739405907;0,4397087612922606;2026-01-22;0,5
CL01220;2023-05-02;Antioquia;Medellín;57;M;4;Técnico/Tecnólogo;Desempleado;1250000,0;1250000,0;normal;Referido;518,0;False;3;Android;2;2;1400000;700000,0;0,6712604809853233;0,6773420543365688;2024-06-06;1,0
CL01221;2023-07-14;Bogotá D.C.;Bogotá;24;F;3;Universitario;Conductor/Repartidor;3110000,0;3110000,0;normal;App orgánico;575,0;False;0;iOS;2;0;2750000;1375000,0;0,47045851074159256;0,4967067882064587;2024-07-25;0,0
CL01222;2024-05-18;Santander;Bucaramanga;39;F;4;Técnico/Tecnólogo;Desempleado;970000,0;970000,0;normal;Referido;501,0;False;1;iOS;1;0;850000;850000,0;0,6150518483081188;0,6150518483081188;2025-04-16;0,0
CL01224;2024-12-13;Bogotá D.C.;Bogotá;40;M;2;Técnico/Tecnólogo;Estudiante;500000,0;500000,0;normal;Campaña digital;477,0;False;1;Android;1;0;300000;300000,0;0,6776602857667068;0,6776602857667068;2025-01-11;0,0
CL01225;2025-06-28;Bolívar;Cartagena;34;M;3;Técnico/Tecnólogo;Empleado;2440000,0;2440000,0;normal;Aliado comercial;588,0;True;3;Android;1;0;1850000;1850000,0;0,571816426672008;0,571816426672008;2025-07-25;0,0
CL01226;2023-02-08;Bogotá D.C.;Bogotá;35;M;2;Universitario;Empleado;2210000,0;2210000,0;normal;Campaña digital;508,0;False;2;Android;1;0;1600000;1600000,0;0,54856003967559;0,54856003967559;2024-09-05;0,0
CL01227;2023-05-26;Cundinamarca;Soacha;36;M;4;Posgrado;Empleado;3050000,0;3050000,0;normal;Campaña digital;581,0;True;3;Web;1;1;1800000;1800000,0;0,5022158154255016;0,5022158154255016;2024-01-16;1,0
CL01228;2024-06-04;Antioquia;Medellín;35;M;1;Universitario;Estudiante;640000,0;640000,0;normal;Aliado comercial;457,0;False;4;Android;1;0;700000;700000,0;0,656127065478898;0,656127065478898;2024-12-14;0,0
CL01229;2024-12-22;Bogotá D.C.;Bogotá;46;F;2;Bachiller;Empleado;3020000,0;3020000,0;normal;Aliado comercial;665,0;False;4;Android;1;0;3400000;3400000,0;0,1672741886991481;0,1672741886991481;2026-01-04;0,0
CL01230;2023-05-11;Valle del Cauca;Cali;58;F;2;Sin información;Empleado;2420000,0;2420000,0;normal;Campaña digital;592,0;False;0;Android;2;2;10700000;5350000,0;0,5381909592301871;0,5711350940328052;2024-09-22;1,0
CL01233;2024-10-23;Santander;Bucaramanga;75;F;3;Bachiller;Empleado;2240000,0;2240000,0;normal;Campaña digital;705,0;True;0;iOS;1;0;1150000;1150000,0;0,22346971993912756;0,22346971993912756;2024-11-14;0,0
CL01234;2025-01-19;Bogotá D.C.;Bogotá;62;M;1;Bachiller;Microempresario;2280000,0;2280000,0;normal;Aliado comercial;598,0;False;0;Web;2;0;4200000;2100000,0;0,38212567891629207;0,4266322138742425;2025-12-13;0,0
CL01235;2024-06-17;Santander;Bucaramanga;28;M;3;Universitario;Empleado;2870000,0;2870000,0;normal;Referido;635,0;False;3;Android;2;0;4800000;2400000,0;0,3408009738755495;0,40903201238451076;2026-02-11;0,0
CL01236;2024-05-24;Bogotá D.C.;Bogotá;52;M;3;Técnico/Tecnólogo;Estudiante;650000,0;650000,0;normal;App orgánico;586,0;False;1;Android;1;1;550000;550000,0;0,5176497468543811;0,5176497468543811;2025-05-22;1,0
CL01237;2025-12-10;Valle del Cauca;Cali;53;F;3;Técnico/Tecnólogo;Empleado;3780000,0;3780000,0;normal;Campaña digital;703,0;True;2;Android;2;0;5750000;2875000,0;0,2276062508014052;0,24468501113151556;2025-08-02;0,0
CL01238;2024-03-29;Valle del Cauca;Cali;30;M;4;Técnico/Tecnólogo;Empleado;3860000,0;3860000,0;normal;Campaña digital;649,0;False;0;Android;1;0;1600000;1600000,0;0,2337038704402748;0,2337038704402748;2025-04-30;0,0
CL01239;2025-06-27;Valle del Cauca;Cali;42;F;3;Bachiller;Empleado;2570000,0;2570000,0;normal;Aliado comercial;652,0;False;2;iOS;1;0;950000;950000,0;0,26037195304147515;0,26037195304147515;2025-09-21;0,0
CL01240;2025-12-20;Antioquia;Medellín;52;No informa;1;Bachiller;Comerciante;2600000,0;2600000,0;normal;Campaña digital;576,0;False;1;Web;2;1;3750000;1875000,0;0,5443315815426648;0,5476814066781018;2025-10-28;0,5
CL01241;2023-05-13;Bogotá D.C.;Bogotá;32;F;3;Posgrado;Comerciante;1970000,0;1970000,0;normal;Referido;565,0;False;2;iOS;1;0;1900000;1900000,0;0,5306132731574441;0,5306132731574441;2024-07-11;0,0
CL01242;2023-07-07;Antioquia;Medellín;34;M;1;Bachiller;Empleado;2410000,0;2410000,0;normal;Campaña digital;474,0;False;1;iOS;1;0;1500000;1500000,0;0,49907442311368166;0,49907442311368166;2023-12-18;0,0
CL01243;2025-05-19;Bolívar;Cartagena;30;F;1;Bachiller;Empleado;2440000,0;2440000,0;normal;Referido;561,0;False;0;Web;1;1;3050000;3050000,0;0,5957210614005851;0,5957210614005851;2025-06-13;1,0
CL01244;2023-03-05;Bogotá D.C.;Bogotá;26;M;1;Posgrado;Independiente;1870000,0;1870000,0;normal;Aliado comercial;564,0;False;3;Android;2;2;5850000;2925000,0;0,6832126992777555;0,7394411437595831;2023-06-04;1,0
CL01246;2024-04-21;Bogotá D.C.;Bogotá;24;M;2;Sin información;Empleado;2570000,0;2570000,0;normal;App orgánico;526,0;True;4;Android;3;0;5350000;1783333,3333333333;0,4379348072895857;0,5836564191625946;2025-11-08;0,0
CL01247;2023-06-11;Atlántico;Barranquilla;36;M;1;Universitario;Empleado;2340000,0;2340000,0;normal;Referido;596,0;True;2;Android;1;1;650000;650000,0;0,5412760607245264;0,5412760607245264;2024-04-17;1,0
CL01249;2023-02-23;Bogotá D.C.;Bogotá;38;M;5;Bachiller;Desempleado;1080000,0;1080000,0;normal;App orgánico;544,0;True;0;Android;2;1;2000000;1000000,0;0,6832112517231775;0,8500446989487782;2025-03-23;0,5
CL01250;2025-11-02;Antioquia;Medellín;20;F;2;Técnico/Tecnólogo;Empleado;1930000,0;1930000,0;normal;Referido;588,0;False;2;Web;1;0;950000;950000,0;0,3650186055516961;0,3650186055516961;2026-02-12;0,0
CL01252;2025-03-27;Norte de Santander;Cúcuta;44;M;2;Técnico/Tecnólogo;Empleado;1910000,0;1910000,0;normal;Referido;514,0;False;1;Web;2;0;2550000;1275000,0;0,5252762180714239;0,5328932590689479;2025-11-11;0,0
CL01253;2023-09-29;Valle del Cauca;Cali;19;F;2;Universitario;Empleado;2720000,0;2720000,0;normal;Campaña digital;685,0;False;2;iOS;1;0;1050000;1050000,0;0,21475460757372666;0,21475460757372666;2024-02-16;0,0
CL01254;2023-08-31;Valle del Cauca;Cali;40;F;2;Universitario;Microempresario;3980000,0;3980000,0;normal;Aliado comercial;644,0;False;3;Android;1;1;2550000;2550000,0;0,37593637164414667;0,37593637164414667;2025-03-24;1,0
CL01256;2023-04-04;Antioquia;Medellín;24;F;3;Bachiller;Conductor/Repartidor;3200000,0;3200000,0;normal;App orgánico;580,0;True;2;Android;1;0;2200000;2200000,0;0,5043270417384278;0,5043270417384278;2023-04-28;0,0
CL01258;2023-08-02;Bolívar;Cartagena;40;M;3;Bachiller;Independiente;1280000,0;1280000,0;normal;Aliado comercial;517,0;False;3;iOS;1;0;700000;700000,0;0,6553650554454293;0,6553650554454293;2024-03-17;0,0
CL01259;2024-08-13;Bogotá D.C.;Bogotá;29;M;3;Bachiller;Conductor/Repartidor;5810000,0;5810000,0;normal;Campaña digital;707,0;False;0;Android;1;0;4900000;4900000,0;0,4578039311248175;0,4578039311248175;2025-05-31;0,0
CL01260;2025-08-19;Valle del Cauca;Cali;35;M;4;Sin información;Comerciante;4120000,0;4120000,0;normal;Referido;694,0;False;0;iOS;3;0;14200000;4733333,333333333;0,3268332916193117;0,4580158218027169;2026-01-26;0,0
CL01261;2023-09-26;Antioquia;Medellín;42;F;3;Técnico/Tecnólogo;Microempresario;2350000,0;2350000,0;normal;App orgánico;536,0;False;3;iOS;1;1;1750000;1750000,0;0,4303048651730186;0,4303048651730186;2024-03-10;1,0
CL01262;2024-09-11;Antioquia;Medellín;37;F;5;Técnico/Tecnólogo;Empleado;6700000,0;6700000,0;normal;Campaña digital;806,0;False;1;Android;2;0;7350000;3675000,0;0,20600132278141187;0,22417678173185585;2025-12-15;0,0
CL01263;2023-09-12;Cundinamarca;Soacha;41;No informa;4;Sin información;Conductor/Repartidor;3280000,0;3280000,0;normal;Aliado comercial;539,0;True;4;Android;1;0;2200000;2200000,0;0,542452799971514;0,542452799971514;2025-06-16;0,0
CL01264;2024-08-18;Bolívar;Cartagena;27;F;1;Bachiller;Empleado;1880000,0;1880000,0;normal;Campaña digital;617,0;False;1;Android;1;0;1000000;1000000,0;0,3372782348734874;0,3372782348734874;2026-01-21;0,0
CL01266;2024-07-25;Antioquia;Medellín;22;M;2;Universitario;Empleado;2990000,0;2990000,0;normal;App orgánico;500,0;False;2;iOS;2;1;7400000;3700000,0;0,47889191187034114;0,5271401445387376;2025-10-02;0,5
CL01267;2024-06-13;Cundinamarca;Soacha;35;M;5;Bachiller;Microempresario;4640000,0;4640000,0;normal;Campaña digital;637,0;False;1;Android;1;0;2950000;2950000,0;0,09939571733474341;0,09939571733474341;2025-12-26;0,0
CL01268;2024-03-31;Bolívar;Cartagena;27;M;2;Sin información;Independiente;3320000,0;3320000,0;normal;Aliado comercial;599,0;False;0;iOS;1;1;6350000;6350000,0;0,4235475758831546;0,4235475758831546;2025-12-26;1,0
CL01269;2023-08-02;Caldas;Manizales;29;F;3;Universitario;Desempleado;760000,0;760000,0;normal;App orgánico;505,0;False;1;Android;1;0;400000;400000,0;0,69685053826627;0,69685053826627;2024-09-07;0,0
CL01270;2024-01-31;Bogotá D.C.;Bogotá;48;M;3;Técnico/Tecnólogo;Microempresario;4020000,0;4020000,0;normal;Campaña digital;704,0;False;2;iOS;2;0;5500000;2750000,0;0,25688576736946644;0,31614660236447023;2025-11-18;0,0
CL01271;2023-01-29;Bogotá D.C.;Bogotá;47;M;2;Sin información;Comerciante;4610000,0;4610000,0;normal;Aliado comercial;704,0;True;2;Android;1;0;4700000;4700000,0;0,2474624077491504;0,2474624077491504;2025-07-14;0,0
CL01272;2023-04-17;Bolívar;Cartagena;42;F;2;Técnico/Tecnólogo;Estudiante;1220000,0;1220000,0;normal;App orgánico;540,0;True;2;iOS;1;1;2150000;2150000,0;0,6345901873221669;0,6345901873221669;2024-04-25;1,0
CL01273;2024-01-04;Bogotá D.C.;Bogotá;25;F;2;Bachiller;Conductor/Repartidor;2770000,0;2770000,0;normal;Campaña digital;580,0;True;2;Android;3;0;4600000;1533333,3333333333;0,32960083390589706;0,38163327986264745;2025-12-23;0,0
CL01274;2025-01-13;Norte de Santander;Cúcuta;33;F;4;Técnico/Tecnólogo;Independiente;2760000,0;2760000,0;normal;Aliado comercial;663,0;False;3;iOS;1;0;2950000;2950000,0;0,26223017146076055;0,26223017146076055;2025-10-26;0,0
CL01275;2023-03-07;Caldas;Manizales;48;M;4;Bachiller;Comerciante;2610000,0;2610000,0;normal;Campaña digital;697,0;True;1;Android;2;0;7350000;3675000,0;0,28305680464375704;0,31071336358753104;2024-10-27;0,0
CL01276;2025-07-02;Bogotá D.C.;Bogotá;37;F;3;Bachiller;Empleado;4190000,0;4190000,0;normal;App orgánico;551,0;False;3;Web;1;0;2950000;2950000,0;0,37112524625743043;0,37112524625743043;2025-12-17;0,0
CL01277;2024-01-07;Santander;Bucaramanga;59;M;3;Bachiller;Pensionado;740000,0;740000,0;normal;Referido;545,0;False;4;Web;1;1;300000;300000,0;0,5689389253817109;0,5689389253817109;2025-07-23;1,0
CL01279;2025-09-09;Antioquia;Medellín;38;M;3;Técnico/Tecnólogo;Pensionado;1760000,0;1760000,0;normal;Referido;521,0;False;0;Android;1;1;1750000;1750000,0;0,6724052858651626;0,6724052858651626;2025-11-02;1,0
CL01280;2025-07-22;Cundinamarca;Soacha;33;M;3;Posgrado;Empleado;4880000,0;4880000,0;normal;Campaña digital;609,0;False;0;Android;1;0;2700000;2700000,0;0,25768642587127455;0,25768642587127455;2026-03-17;0,0
CL01282;2024-02-01;Santander;Bucaramanga;34;M;2;Sin información;Desempleado;690000,0;690000,0;normal;Aliado comercial;397,0;False;1;Android;1;1;1950000;1950000,0;0,7304133923298619;0,7304133923298619;2025-11-12;1,0
CL01283;2025-11-17;Valle del Cauca;Cali;43;F;3;Técnico/Tecnólogo;Empleado;1870000,0;1870000,0;normal;Campaña digital;527,0;False;0;Android;2;0;2900000;1450000,0;0,45214997709884963;0,6012143725134727;2026-03-23;0,0
CL01284;2023-03-17;Bogotá D.C.;Bogotá;46;F;1;Universitario;Empleado;3630000,0;3630000,0;normal;Aliado comercial;702,0;False;1;Android;2;0;11300000;5650000,0;0,1290258404948762;0,13573699635280057;2025-08-01;0,0
CL01285;2025-04-13;Bogotá D.C.;Bogotá;28;M;3;Bachiller;Comerciante;3800000,0;3800000,0;normal;Referido;656,0;False;0;Android;2;0;5650000;2825000,0;0,2903824564049499;0,36556269824573734;2025-11-28;0,0
CL01286;2025-03-09;Bogotá D.C.;Bogotá;23;F;2;Bachiller;Empleado;2570000,0;2570000,0;normal;Call center;505,0;True;2;Android;1;0;1450000;1450000,0;0,3932029723493851;0,3932029723493851;2026-01-08;0,0
CL01287;2023-09-04;Antioquia;Medellín;19;M;1;Universitario;Conductor/Repartidor;2080000,0;2080000,0;normal;App orgánico;496,0;False;1;Android;1;1;1750000;1750000,0;0,7077624011130849;0,7077624011130849;2025-09-14;1,0
CL01288;2025-08-04;Norte de Santander;Cúcuta;41;M;3;Posgrado;Microempresario;2920000,0;2920000,0;normal;App orgánico;597,0;False;0;Android;2;0;3550000;1775000,0;0,2808325783369107;0,4017804953119896;2026-03-13;0,0
CL01289;2025-02-11;Bogotá D.C.;Bogotá;25;F;1;Bachiller;Comerciante;1370000,0;1370000,0;normal;App orgánico;457,0;False;1;Android;1;0;2700000;2700000,0;0,7650481193142332;0,7650481193142332;2026-01-21;0,0
CL01290;2023-05-06;Bolívar;Cartagena;19;M;2;Bachiller;Conductor/Repartidor;1780000,0;1780000,0;normal;App orgánico;370,0;False;2;Web;2;2;3850000;1925000,0;0,7985202153452294;0,8410970487585542;2025-08-04;1,0
CL01291;2025-04-04;Santander;Bucaramanga;40;F;2;Bachiller;Desempleado;620000,0;620000,0;normal;App orgánico;524,0;False;3;Android;1;0;250000;250000,0;0,5610920529995269;0,5610920529995269;2025-09-23;0,0
CL01294;2025-07-25;Bogotá D.C.;Bogotá;44;M;2;Universitario;Estudiante;1420000,0;1420000,0;normal;App orgánico;521,0;False;1;Android;3;1;5200000;1733333,3333333333;0,6719373647816121;0,7141717065825919;2025-10-20;0,3333333333333333
CL01295;2023-05-08;Atlántico;Barranquilla;37;F;2;Bachiller;Empleado;4010000,0;4010000,0;normal;Referido;606,0;False;2;Android;1;0;1600000;1600000,0;0,35171015076443984;0,35171015076443984;2024-12-31;0,0
CL01296;2024-07-20;Atlántico;Barranquilla;35;F;2;Técnico/Tecnólogo;Empleado;3340000,0;3340000,0;normal;App orgánico;543,0;True;0;Android;1;0;2200000;2200000,0;0,43281415819095853;0,43281415819095853;2025-10-25;0,0
CL01297;2024-09-01;Cundinamarca;Soacha;45;M;3;Universitario;Empleado;1060000,0;1060000,0;normal;Call center;577,0;False;0;Web;1;0;700000;700000,0;0,5338726514138936;0,5338726514138936;2025-08-19;0,0
CL01299;2024-08-09;Valle del Cauca;Cali;39;F;3;Sin información;Empleado;2390000,0;2390000,0;normal;Campaña digital;579,0;False;1;Android;1;0;2150000;2150000,0;0,5273948253278117;0,5273948253278117;2025-12-08;0,0
CL01300;2025-03-18;Bogotá D.C.;Bogotá;39;M;2;Bachiller;Independiente;800000,0;800000,0;normal;App orgánico;502,0;False;2;Android;2;1;2400000;1200000,0;0,5705413624389746;0,7021005655718429;2026-03-18;0,5
CL01302;2024-05-22;Norte de Santander;Cúcuta;46;F;4;Bachiller;Conductor/Repartidor;2970000,0;2970000,0;normal;Campaña digital;609,0;False;1;Android;1;1;1000000;1000000,0;0,49699550777229873;0,49699550777229873;2025-05-15;1,0
CL01303;2023-08-09;Santander;Bucaramanga;34;F;3;Técnico/Tecnólogo;Empleado;2220000,0;2220000,0;normal;App orgánico;518,0;True;3;Android;3;2;8650000;2883333,3333333335;0,3944046204860286;0,5538289916997322;2025-08-26;0,6666666666666666
CL01304;2024-03-05;Bogotá D.C.;Bogotá;28;M;3;Sin información;Desempleado;2570000,0;2570000,0;normal;Campaña digital;490,0;False;1;Android;1;1;2700000;2700000,0;0,73473026678761;0,73473026678761;2025-08-14;1,0
CL01306;2025-09-26;Cundinamarca;Soacha;27;M;5;Universitario;Empleado;3990000,0;3990000,0;normal;App orgánico;623,0;False;1;Android;2;0;3950000;1975000,0;0,24803962110370992;0,27582017112166474;2025-12-09;0,0
CL01307;2023-08-19;Santander;Bucaramanga;36;F;2;Técnico/Tecnólogo;Independiente;1660000,0;1660000,0;normal;Campaña digital;561,0;True;1;iOS;1;1;500000;500000,0;0,523840052165738;0,523840052165738;2025-07-02;1,0
CL01308;2023-12-08;Antioquia;Medellín;36;M;5;Bachiller;Comerciante;3900000,0;3900000,0;normal;Campaña digital;595,0;False;0;Android;2;0;6700000;3350000,0;0,3891647643053982;0,47770288197467864;2025-09-21;0,0
CL01309;2025-03-26;Antioquia;Medellín;47;M;3;Posgrado;Independiente;2080000,0;2080000,0;normal;Campaña digital;655,0;True;0;Android;1;0;2350000;2350000,0;0,33347750870839304;0,33347750870839304;2025-07-18;0,0
CL01310;2025-08-05;Antioquia;Medellín;41;F;3;Posgrado;Conductor/Repartidor;1990000,0;1990000,0;normal;Call center;525,0;False;2;Web;1;1;1250000;1250000,0;0,7222499360084567;0,7222499360084567;2026-02-06;1,0
CL01311;2025-10-06;Norte de Santander;Cúcuta;36;M;4;Universitario;Estudiante;1100000,0;1100000,0;normal;App orgánico;542,0;False;1;Android;1;0;750000;750000,0;0,4069778054931768;0,4069778054931768;2026-01-23;0,0
CL01312;2024-08-09;Bogotá D.C.;Bogotá;44;M;3;Sin información;Conductor/Repartidor;2340000,0;2340000,0;normal;App orgánico;567,0;False;0;Android;2;1;1700000;850000,0;0,37548866490450383;0,3819534030501414;2025-06-25;0,5
CL01313;2023-02-18;Cundinamarca;Soacha;50;M;1;Bachiller;Empleado;1820000,0;1820000,0;normal;Campaña digital;580,0;False;0;Android;3;2;12350000;4116666,6666666665;0,5837105739561311;0,7253575973960159;2024-04-29;0,6666666666666666
CL01314;2023-04-19;Bogotá D.C.;Bogotá;42;M;4;Posgrado;Conductor/Repartidor;2530000,0;2530000,0;normal;Aliado comercial;606,0;False;0;iOS;2;1;1700000;850000,0;0,5197042114173682;0,5317694194392288;2023-10-20;0,5
CL01315;2023-12-27;Bogotá D.C.;Bogotá;36;M;1;Técnico/Tecnólogo;Empleado;830000,0;830000,0;normal;App orgánico;527,0;False;1;Android;1;0;350000;350000,0;0,44964107152419774;0,44964107152419774;2026-02-12;0,0
CL01316;2023-04-18;Bogotá D.C.;Bogotá;23;F;5;Bachiller;Estudiante;2130000,0;2130000,0;normal;Aliado comercial;507,0;False;2;Android;1;0;2050000;2050000,0;0,4641707225507624;0,4641707225507624;2025-01-29;0,0
CL01317;2023-06-18;Bogotá D.C.;Bogotá;25;M;3;Bachiller;Empleado;5080000,0;5080000,0;normal;Aliado comercial;531,0;True;1;iOS;1;1;5550000;5550000,0;0,5060974145345213;0,5060974145345213;2025-09-18;1,0
CL01318;2024-08-16;Atlántico;Barranquilla;33;M;6;Técnico/Tecnólogo;Empleado;5200000,0;5200000,0;normal;App orgánico;753,0;False;3;Android;2;0;6600000;3300000,0;0,176715331525848;0,18415008446737996;2026-01-06;0,0
CL01319;2025-05-24;Valle del Cauca;Cali;30;M;1;Universitario;Empleado;2570000,0;2570000,0;normal;App orgánico;573,0;False;3;iOS;2;0;4400000;2200000,0;0,46994320288804253;0,4903815424600527;2025-11-05;0,0
CL01320;2023-04-15;Bogotá D.C.;Bogotá;34;M;4;Universitario;Independiente;4390000,0;4390000,0;normal;Campaña digital;658,0;False;1;Android;3;0;8950000;2983333,3333333335;0,3637511484814045;0,4495847526681903;2025-03-29;0,0
CL01321;2024-03-30;Atlántico;Barranquilla;37;F;1;Sin información;Conductor/Repartidor;2300000,0;2300000,0;normal;Campaña digital;510,0;True;4;iOS;1;1;5900000;5900000,0;0,776441520407082;0,776441520407082;2025-09-24;1,0
CL01322;2025-02-02;Antioquia;Medellín;41;F;3;Bachiller;Comerciante;3280000,0;3280000,0;normal;App orgánico;587,0;False;1;iOS;1;0;2900000;2900000,0;0,4138168741899845;0,4138168741899845;2025-06-21;0,0
CL01323;2024-10-16;Antioquia;Medellín;35;M;1;Técnico/Tecnólogo;Empleado;2370000,0;2370000,0;normal;App orgánico;573,0;False;0;Android;1;0;2300000;2300000,0;0,510802781776341;0,510802781776341;2025-08-25;0,0
CL01325;2023-09-01;Bogotá D.C.;Bogotá;37;M;4;Sin información;Independiente;2000000,0;2000000,0;normal;App orgánico;542,0;False;1;Android;1;0;2150000;2150000,0;0,7150615359572625;0,7150615359572625;2024-06-30;0,0
CL01326;2023-10-20;Santander;Bucaramanga;19;F;4;Sin información;Estudiante;1720000,0;1720000,0;normal;Referido;588,0;False;1;Android;1;1;600000;600000,0;0,6426809744651654;0,6426809744651654;2024-06-04;1,0
CL01327;2024-12-05;Antioquia;Medellín;27;F;3;Bachiller;Empleado;4440000,0;4440000,0;normal;App orgánico;680,0;False;0;Android;2;0;3950000;1975000,0;0,13225631203451346;0,15004348706222173;2026-01-13;0,0
CL01328;2024-10-01;Bogotá D.C.;Bogotá;35;M;1;Técnico/Tecnólogo;Microempresario;1570000,0;1570000,0;normal;Campaña digital;535,0;False;2;Android;3;2;5650000;1883333,3333333333;0,555120757222788;0,6883990304707648;2025-12-14;0,6666666666666666
CL01329;2025-06-02;Bogotá D.C.;Bogotá;24;M;1;Bachiller;Comerciante;2030000,0;2030000,0;normal;Aliado comercial;639,0;False;2;Android;2;0;2050000;1025000,0;0,35160818711179;0,4843587743155251;2026-02-13;0,0
CL01330;2023-02-23;Antioquia;Medellín;42;F;3;Técnico/Tecnólogo;Empleado;2470000,0;2470000,0;normal;Campaña digital;601,0;False;4;Android;1;0;1350000;1350000,0;0,5182607209749618;0,5182607209749618;2024-03-28;0,0
CL01331;2023-03-05;Antioquia;Medellín;51;M;3;Bachiller;Independiente;3110000,0;3110000,0;normal;Referido;643,0;False;3;Android;1;0;4500000;4500000,0;0,38131170314521384;0,38131170314521384;2023-06-04;0,0
CL01332;2024-09-10;Bogotá D.C.;Bogotá;48;M;2;Universitario;Microempresario;2630000,0;2630000,0;normal;Campaña digital;630,0;False;0;Android;1;0;2350000;2350000,0;0,29414310776259184;0,29414310776259184;2025-05-16;0,0
CL01333;2025-07-15;Atlántico;Barranquilla;34;F;2;Universitario;Empleado;4480000,0;4480000,0;normal;Call center;588,0;False;2;Android;1;0;1850000;1850000,0;0,18706858350156294;0,18706858350156294;2025-12-28;0,0
CL01334;2025-06-21;Valle del Cauca;Cali;51;F;3;Bachiller;Independiente;3000000,0;3000000,0;normal;App orgánico;559,0;False;0;iOS;1;0;2250000;2250000,0;0,3978846761498603;0,3978846761498603;2026-03-06;0,0
CL01335;2024-08-07;Bogotá D.C.;Bogotá;37;M;3;Técnico/Tecnólogo;Estudiante;600000,0;600000,0;normal;App orgánico;408,0;True;0;iOS;1;0;450000;450000,0;0,574399628450966;0,574399628450966;2025-10-06;0,0
CL01336;2023-02-28;Bolívar;Cartagena;33;M;1;Bachiller;Independiente;1070000,0;1070000,0;normal;Aliado comercial;492,0;False;0;Android;2;2;500000;250000,0;0,7962450700900565;0,8027547500720792;2024-06-26;1,0
CL01337;2024-03-18;Bogotá D.C.;Bogotá;30;F;2;Técnico/Tecnólogo;Microempresario;3940000,0;3940000,0;normal;Aliado comercial;677,0;False;2;Android;1;0;7700000;7700000,0;0,48099068026391345;0,48099068026391345;2025-12-02;0,0
CL01338;2023-03-10;Atlántico;Barranquilla;33;F;1;Bachiller;Empleado;2100000,0;2100000,0;normal;Campaña digital;590,0;False;2;Android;1;1;2100000;2100000,0;0,648786020037197;0,648786020037197;2023-09-01;1,0
CL01339;2023-06-02;Cundinamarca;Soacha;36;F;2;Bachiller;Empleado;2570000,0;2570000,0;normal;Aliado comercial;583,0;False;2;Android;1;1;600000;600000,0;0,5062668984164341;0,5062668984164341;2023-07-11;1,0
CL01340;2024-07-04;Valle del Cauca;Cali;38;M;1;Técnico/Tecnólogo;Empleado;2080000,0;2080000,0;normal;Referido;579,0;False;0;Web;1;1;5950000;5950000,0;0,6663455630501929;0,6663455630501929;2024-12-12;1,0
CL01341;2024-04-29;Antioquia;Medellín;38;F;3;Universitario;Comerciante;3780000,0;3780000,0;normal;Referido;642,0;False;0;Android;1;1;6350000;6350000,0;0,7312846072565886;0,7312846072565886;2025-08-30;1,0
CL01342;2024-07-23;Santander;Bucaramanga;36;F;3;Bachiller;Empleado;3500000,0;3500000,0;normal;Aliado comercial;588,0;False;0;Android;2;0;6250000;3125000,0;0,15029227628323516;0,1991935098780707;2025-10-17;0,0
CL01343;2025-10-28;Bolívar;Cartagena;40;M;1;Técnico/Tecnólogo;Empleado;2380000,0;2380000,0;normal;Aliado comercial;573,0;False;0;iOS;1;0;1800000;1800000,0;0,19262983433936356;0,19262983433936356;2026-02-01;0,0
CL01344;2023-09-22;Antioquia;Medellín;48;F;1;Universitario;Empleado;2510000,0;2510000,0;normal;Campaña digital;584,0;False;0;Android;1;0;1250000;1250000,0;0,3716246769740999;0,3716246769740999;2024-08-11;0,0
CL01345;2024-08-05;Risaralda;Pereira;45;M;3;Universitario;Empleado;2220000,0;2220000,0;normal;App orgánico;587,0;False;2;Android;1;1;2150000;2150000,0;0,6371134001832801;0,6371134001832801;2025-06-01;1,0
CL01346;2024-01-02;Santander;Bucaramanga;21;F;2;Técnico/Tecnólogo;Independiente;1010000,0;1010000,0;normal;Aliado comercial;510,0;False;2;Android;1;1;750000;750000,0;0,7139495868774409;0,7139495868774409;2024-11-27;1,0
CL01347;2025-08-28;Antioquia;Medellín;19;M;1;Sin información;Conductor/Repartidor;1950000,0;1950000,0;normal;App orgánico;470,0;False;0;Android;2;0;3950000;1975000,0;0,6565104749049238;0,7862377939377269;2026-02-16;0,0
CL01349;2024-12-07;Bogotá D.C.;Bogotá;22;M;2;Bachiller;Desempleado;770000,0;770000,0;normal;Referido;422,0;True;1;iOS;1;1;1550000;1550000,0;0,5730832197420423;0,5730832197420423;2026-01-05;1,0
CL01350;2025-08-12;Antioquia;Medellín;34;M;3;Técnico/Tecnólogo;Independiente;2180000,0;2180000,0;normal;App orgánico;617,0;True;0;Android;1;0;2000000;2000000,0;0,4634324491488475;0,4634324491488475;2025-07-06;0,0
CL01351;2025-04-26;Atlántico;Barranquilla;24;M;1;Universitario;Pensionado;1980000,0;1980000,0;normal;App orgánico;489,0;True;2;Android;3;1;5700000;1900000,0;0,5377542634339617;0,6622918612933749;2025-11-22;0,3333333333333333
CL01352;2024-01-03;Antioquia;Medellín;19;F;3;Técnico/Tecnólogo;Pensionado;1200000,0;1200000,0;normal;Campaña digital;414,0;False;2;Android;1;0;1450000;1450000,0;0,40884098658501966;0,40884098658501966;2025-02-08;0,0
CL01353;2024-12-19;Valle del Cauca;Cali;41;M;2;Universitario;Comerciante;2230000,0;2230000,0;normal;Campaña digital;608,0;False;1;Android;1;0;1450000;1450000,0;0,24001042848276058;0,24001042848276058;2026-01-05;0,0
CL01354;2024-10-22;Cundinamarca;Soacha;44;M;4;Universitario;Independiente;3180000,0;3180000,0;normal;Campaña digital;603,0;True;3;Android;1;0;3500000;3500000,0;0,4236639408598502;0,4236639408598502;2025-09-21;0,0
CL01356;2025-07-26;Bogotá D.C.;Bogotá;19;M;5;Técnico/Tecnólogo;Empleado;4560000,0;4560000,0;normal;Referido;696,0;False;0;Android;2;1;7450000;3725000,0;0,3685405995101264;0,40262381877724174;2025-11-07;0,5
CL01359;2024-08-18;Bogotá D.C.;Bogotá;21;M;3;Universitario;Empleado;2780000,0;2780000,0;normal;Call center;575,0;True;0;Web;2;2;4950000;2475000,0;0,5766413723505308;0,5962930948332168;2025-12-15;1,0
CL01360;2024-07-21;Bolívar;Cartagena;38;M;2;Técnico/Tecnólogo;Comerciante;2570000,0;2570000,0;normal;Referido;588,0;False;2;iOS;2;1;1450000;725000,0;0,3650057617994111;0,5337378856946944;2026-01-17;0,5
CL01362;2025-12-31;Valle del Cauca;Cali;42;M;3;Bachiller;Empleado;2570000,0;2570000,0;normal;Referido;569,0;True;2;Android;2;1;3200000;1600000,0;0,5547883493888364;0,5575212060108428;2025-11-22;0,5
CL01363;2025-03-12;Valle del Cauca;Cali;37;F;1;Sin información;Empleado;3530000,0;3530000,0;normal;Aliado comercial;615,0;False;1;Android;1;0;1900000;1900000,0;0,19093425045419687;0,19093425045419687;2026-03-13;0,0
CL01364;2025-06-02;Bogotá D.C.;Bogotá;26;M;2;Técnico/Tecnólogo;Empleado;2000000,0;2000000,0;normal;App orgánico;617,0;False;0;iOS;1;0;1050000;1050000,0;0,2647792213112171;0,2647792213112171;2025-07-12;0,0
CL01365;2025-03-04;Antioquia;Medellín;48;M;1;Sin información;Comerciante;1660000,0;1660000,0;normal;Campaña digital;550,0;False;2;Android;1;0;750000;750000,0;0,3546648129908565;0,3546648129908565;2026-03-29;0,0
CL01366;2024-10-03;Caldas;Manizales;34;F;3;Técnico/Tecnólogo;Empleado;3500000,0;3500000,0;normal;Aliado comercial;588,0;False;1;iOS;1;1;2100000;2100000,0;0,47293884924122837;0,47293884924122837;2025-05-30;1,0
CL01367;2026-01-06;Bogotá D.C.;Bogotá;36;M;3;Sin información;Microempresario;4400000,0;4400000,0;normal;Aliado comercial;674,0;True;4;Android;1;0;7900000;7900000,0;0,5205308332110883;0,5205308332110883;2025-07-05;0,0
CL01368;2024-01-11;Bogotá D.C.;Bogotá;27;F;2;Técnico/Tecnólogo;Empleado;1840000,0;1840000,0;normal;Aliado comercial;588,0;False;1;Android;2;0;2500000;1250000,0;0,5681345940706958;0,6395216707227562;2025-04-28;0,0
CL01369;2023-11-19;Antioquia;Medellín;32;M;3;Bachiller;Empleado;2320000,0;2320000,0;normal;Referido;547,0;False;1;iOS;2;0;1900000;950000,0;0,19980966883692258;0,220916759215329;2026-03-20;0,0
CL01371;2023-02-08;Bogotá D.C.;Bogotá;34;M;4;Técnico/Tecnólogo;Empleado;3390000,0;3390000,0;normal;Referido;621,0;False;2;iOS;1;0;2700000;2700000,0;0,28318765028908394;0,28318765028908394;2023-06-26;0,0
CL01372;2025-10-08;Cundinamarca;Soacha;53;M;3;Bachiller;Empleado;2480000,0;2480000,0;normal;Referido;598,0;False;3;iOS;1;0;1600000;1600000,0;0,2332108352686555;0,2332108352686555;2026-03-09;0,0
CL01373;2025-01-24;Valle del Cauca;Cali;22;M;1;Universitario;Comerciante;2490000,0;2490000,0;normal;App orgánico;585,0;True;1;Android;2;1;2700000;1350000,0;0,6200129006459943;0,6502365915898907;2025-09-24;0,5
CL01374;2025-09-26;Atlántico;Barranquilla;20;M;3;Universitario;Independiente;2650000,0;2650000,0;normal;App orgánico;582,0;False;2;iOS;1;0;450000;450000,0;0,5639702577445393;0,5639702577445393;2025-11-16;0,0
CL01375;2023-06-25;Caldas;Manizales;51;F;2;Bachiller;Conductor/Repartidor;2740000,0;2740000,0;normal;Referido;500,0;False;0;Android;1;0;2000000;2000000,0;0,816051034082148;0,816051034082148;2024-03-17;0,0
CL01379;2025-11-05;Risaralda;Pereira;30;M;3;Técnico/Tecnólogo;Pensionado;1910000,0;1910000,0;normal;App orgánico;488,0;False;1;Android;1;0;850000;850000,0;0,5171030617440027;0,5171030617440027;2025-12-14;0,0
CL01382;2023-02-19;Bogotá D.C.;Bogotá;31;M;4;Bachiller;Empleado;2730000,0;2730000,0;normal;Aliado comercial;636,0;True;2;Android;1;1;1150000;1150000,0;0,3721019833186969;0,3721019833186969;2023-08-20;1,0
CL01383;2025-02-12;Bogotá D.C.;Bogotá;58;M;3;Bachiller;Comerciante;3480000,0;3480000,0;normal;App orgánico;767,0;False;0;iOS;2;0;5450000;2725000,0;0,22491222297562546;0,25568445679959145;2025-12-12;0,0
CL01385;2024-07-10;Bogotá D.C.;Bogotá;43;F;4;Universitario;Empleado;4800000,0;4800000,0;normal;Call center;700,0;False;1;Web;1;0;2800000;2800000,0;0,26362529390325706;0,26362529390325706;2025-10-13;0,0
CL01386;2025-02-26;Antioquia;Medellín;39;M;4;Bachiller;Conductor/Repartidor;1740000,0;1740000,0;normal;Aliado comercial;485,0;False;2;iOS;3;0;3300000;1100000,0;0,5022306730983909;0,5844679214321611;2026-03-08;0,0
CL01388;2024-07-24;Tolima;Ibagué;52;F;4;Bachiller;Empleado;3770000,0;3770000,0;normal;Aliado comercial;710,0;False;3;Android;1;0;3600000;3600000,0;0,14122138559001482;0,14122138559001482;2026-02-01;0,0
CL01389;2025-07-26;Bogotá D.C.;Bogotá;36;M;2;Bachiller;Empleado;2070000,0;2070000,0;normal;Referido;639,0;False;2;Android;1;0;850000;850000,0;0,25213294534492886;0,25213294534492886;2026-02-14;0,0
CL01390;2023-05-15;Antioquia;Medellín;28;M;1;Universitario;Desempleado;510000,0;510000,0;normal;App orgánico;482,0;False;0;Android;1;1;500000;500000,0;0,8244165222382694;0,8244165222382694;2024-04-25;1,0
CL01391;2025-01-25;Bogotá D.C.;Bogotá;41;M;3;Universitario;Empleado;2860000,0;2860000,0;normal;Campaña digital;632,0;False;0;iOS;1;0;3000000;3000000,0;0,33204108269887034;0,33204108269887034;2025-11-01;0,0
CL01393;2024-01-26;Bogotá D.C.;Bogotá;56;F;2;Universitario;Empleado;1400000,0;1400000,0;normal;Campaña digital;559,0;False;2;Android;1;0;2250000;2250000,0;0,46087559146891705;0,46087559146891705;2026-03-14;0,0
CL01394;2024-07-04;Cundinamarca;Soacha;37;M;1;Universitario;Empleado;2380000,0;2380000,0;normal;App orgánico;588,0;False;0;Android;2;0;2200000;1100000,0;0,4184755176815025;0,41937893927446535;2025-10-01;0,0
CL01396;2023-02-07;Meta;Villavicencio;38;M;5;Bachiller;Independiente;5040000,0;5040000,0;normal;App orgánico;659,0;False;0;Web;1;0;3900000;3900000,0;0,409635173491408;0,409635173491408;2025-07-04;0,0
CL01400;2023-10-05;Bolívar;Cartagena;29;F;2;Universitario;Independiente;2460000,0;2460000,0;normal;Referido;575,0;False;0;Android;1;0;2100000;2100000,0;0,32853220571938574;0,32853220571938574;2026-01-12;0,0
