credito_id,cliente_id,fecha_desembolso,producto_credito,monto_credito,plazo_meses,tasa_interes_mensual,valor_cuota_pactada,canal_originacion,score_interno_originacion,relacion_cuota_ingreso,politica_aprobacion,estado_credito_operativo,es_moroso,fecha_registro,departamento,ciudad,edad,genero,estrato,nivel_educativo,ocupacion,ingreso_mensual_estimado,canal_adquisicion,score_externo,tiene_producto_ahorro,numero_dependientes,dispositivo_principal,email_hash,antiguedad_cliente_dias,mes_desembolso,dia_semana_desembolso,prev_evento_actualizacion_datos,prev_evento_consulta_saldo,prev_evento_login,prev_evento_pago_exitoso,prev_evento_pago_fallido,prev_evento_pago_iniciado,prev_evento_simulacion_credito,prev_evento_solicitud_soporte,prev_evento_sesion_seg_tot,prev_evento_sesion_seg_avg,probabilidad_mora,prediccion_mora,ingreso_mensual_bi,flag_ingreso
CR000001,CL00001,2025-03-25,Crédito libre inversión,2000000,9,0.0301,257000,App,677,0.1606,Automática,Finalizado,0,2024-03-25,Valle del Cauca,Cali,41,M,1,Técnico/Tecnólogo,Comerciante,1600000.0,Campaña digital,444.0,False,2,Android,hash_732413,365,3,1,0.0,0.0,2.0,0.0,1.0,0.0,1.0,0.0,543.0,135.75,0.5839307699351305,1,1600000.0,normal
CR000002,CL00002,2025-09-08,Avance de nómina,2150000,3,0.0261,754000,Web,859,0.2278,Automática,Finalizado,0,2025-09-27,Tolima,Ibagué,35,F,3,Técnico/Tecnólogo,Pensionado,3310000.0,Referido,580.0,False,3,iOS,hash_130099,-19,9,0,0.0,0.0,0.0,0.0,0.0,0.0,0.0,0.0,0.0,0.0,0.40118755106901843,0,3310000.0,normal
CR000003,CL00003,2024-06-28,Microcrédito,4350000,6,0.0398,829000,Aliado,805,0.3528,Manual,Mora moderada,1,2024-01-19,Bogotá D.C.,Bogotá,42,F,2,Universitario,Independiente,2350000.0,Campaña digital,564.0,False,0,iOS,hash_166668,161,6,4,0.0,0.0,4.0,1.0,0.0,2.0,0.0,0.0,1406.0,200.85714285714286,0.4758718571691372,0,2350000.0,normal
CR000004,CL00003,2024-03-22,Avance de nómina,950000,12,0.0233,92000,App,861,0.0391,Automática,Finalizado,0,2024-01-19,Bogotá D.C.,Bogotá,42,F,2,Universitario,Independiente,2350000.0,Campaña digital,564.0,False,0,iOS,hash_166668,63,3,4,0.0,0.0,2.0,0.0,0.0,0.0,0.0,0.0,351.0,175.5,0.5749565977155832,1,2350000.0,normal
CR000005,CL00003,2026-01-30,Crédito consumo digital,1450000,9,0.0211,179000,Aliado,865,0.0762,Automática,Activo,0,2024-01-19,Bogotá D.C.,Bogotá,42,F,2,Universitario,Independiente,2350000.0,Campaña digital,564.0,False,0,iOS,hash_166668,742,1,4,1.0,3.0,7.0,2.0,0.0,3.0,1.0,0.0,2726.0,160.35294117647058,0.27975352630127714,0,2350000.0,normal
CR000006,CL00005,2026-01-28,Microcrédito,1300000,6,0.0253,236000,App,776,0.2593,Automática,Mora moderada,1,2025-12-12,Cundinamarca,Soacha,34,F,1,Universitario,Empleado,910000.0,Aliado comercial,515.0,False,2,Android,hash_782416,47,1,2,0.0,0.0,1.0,0.0,0.0,1.0,0.0,0.0,679.0,339.5,0.5467284603694671,1,910000.0,normal
CR000007,CL00006,2024-08-11,Crédito libre inversión,3800000,12,0.0293,380000,Web,867,0.1105,Automática,Finalizado,0,2024-03-12,Valle del Cauca,Cali,34,F,2,Técnico/Tecnólogo,Empleado,3440000.0,Referido,466.0,True,0,iOS,hash_308859,152,8,6,0.0,0.0,0.0,0.0,1.0,0.0,0.0,0.0,219.0,219.0,0.673205187585204,1,3440000.0,normal
CR000008,CL00007,2025-06-24,Crédito libre inversión,10800000,12,0.0319,1098000,Aliado,875,0.2845,Automática,Mora severa,1,2025-03-21,Antioquia,Medellín,52,M,3,Universitario,Conductor/Repartidor,3860000.0,App orgánico,600.0,True,0,Android,hash_238286,95,6,1,0.0,0.0,2.0,0.0,0.0,0.0,0.0,0.0,228.0,114.0,0.6873271839782134,1,3860000.0,normal
CR000009,CL00008,2024-10-19,Microcrédito,1300000,18,0.0314,96000,App,606,0.064,Manual,Mora severa,1,2023-12-30,Cundinamarca,Soacha,44,F,4,Técnico/Tecnólogo,Desempleado,1500000.0,Campaña digital,456.0,True,0,Android,hash_305776,294,10,5,0.0,0.0,1.0,1.0,0.0,2.0,0.0,0.0,563.0,140.75,0.7843729326427541,1,1500000.0,normal
CR000010,CL00010,2025-04-16,Crédito libre inversión,2100000,24,0.0336,129000,App,874,0.0502,Automática,Mora moderada,1,2024-12-10,Cundinamarca,Soacha,41,F,3,Posgrado,Conductor/Repartidor,2570000.0,Referido,576.0,True,0,Android,hash_162021,127,4,2,0.0,0.0,1.0,0.0,0.0,0.0,1.0,1.0,511.0,170.33333333333334,0.6412492905470825,1,2570000.0,normal
CR000011,CL00011,2025-09-11,Crédito consumo digital,350000,12,0.0252,34000,App,783,0.0262,Automática,Activo,0,2025-07-30,Antioquia,Medellín,31,F,4,Técnico/Tecnólogo,Desempleado,1300000.0,Referido,573.0,False,1,Android,hash_435299,43,9,3,0.0,0.0,0.0,0.0,0.0,0.0,0.0,0.0,0.0,0.0,0.6179900503890462,1,1300000.0,normal
CR000012,CL00011,2026-01-11,Crédito libre inversión,1300000,12,0.0315,132000,Web,756,0.1015,Automática,Activo,0,2025-07-30,Antioquia,Medellín,31,F,4,Técnico/Tecnólogo,Desempleado,1300000.0,Referido,573.0,False,1,Android,hash_435299,165,1,6,1.0,1.0,0.0,0.0,0.0,1.0,1.0,0.0,1137.0,284.25,0.3086754019282153,0,1300000.0,normal
CR000013,CL00012,2025-03-29,Crédito libre inversión,6300000,9,0.0268,797000,Web,870,0.2271,Automática,Finalizado,0,2024-01-24,Antioquia,Medellín,31,M,4,Universitario,Empleado,3510000.0,Campaña digital,665.0,False,0,Android,hash_925626,430,3,5,0.0,0.0,1.0,1.0,0.0,1.0,0.0,0.0,880.0,293.3333333333333,0.3385219488302486,0,3510000.0,normal
CR000014,CL00013,2026-01-19,Crédito consumo digital,1700000,6,0.0259,310000,App,866,0.0664,Automática,Activo,0,2024-10-26,Valle del Cauca,Cali,38,M,5,Técnico/Tecnólogo,Empleado,4670000.0,Aliado comercial,692.0,False,0,Android,hash_505105,450,1,0,0.0,1.0,0.0,1.0,0.0,2.0,0.0,0.0,738.0,184.5,0.2855260101193327,0,4670000.0,normal
CR000015,CL00014,2026-02-12,Crédito consumo digital,600000,3,0.0222,209000,Web,610,0.275,Manual,Activo,0,2025-09-30,Cundinamarca,Soacha,19,F,1,Técnico/Tecnólogo,Estudiante,760000.0,App orgánico,435.0,False,3,Android,hash_335419,135,2,3,1.0,2.0,2.0,1.0,0.0,0.0,0.0,1.0,1037.0,148.14285714285714,0.30074609134380004,0,760000.0,normal
CR000016,CL00015,2025-12-14,Crédito consumo digital,1400000,12,0.0286,139000,App,836,0.0468,Automática,Activo,0,2026-01-02,Antioquia,Medellín,19,M,4,Bachiller,Empleado,2970000.0,App orgánico,506.0,False,4,iOS,hash_479270,-19,12,6,0.0,0.0,0.0,0.0,0.0,0.0,0.0,0.0,0.0,0.0,0.5528019481562232,1,2970000.0,normal
CR000017,CL00015,2025-12-13,Crédito libre inversión,4400000,6,0.022,791000,Web,727,0.2663,Automática,Mora severa,1,2026-01-02,Antioquia,Medellín,19,M,4,Bachiller,Empleado,2970000.0,App orgánico,506.0,False,4,iOS,hash_479270,-20,12,5,0.0,0.0,0.0,0.0,0.0,0.0,0.0,0.0,0.0,0.0,0.669041989932034,1,2970000.0,normal
CR000018,CL00015,2025-12-05,Crédito consumo digital,1450000,9,0.0377,193000,App,868,0.065,Automática,Activo,0,2026-01-02,Antioquia,Medellín,19,M,4,Bachiller,Empleado,2970000.0,App orgánico,506.0,False,4,iOS,hash_479270,-28,12,4,0.0,0.0,0.0,0.0,0.0,0.0,0.0,0.0,0.0,0.0,0.4386599122404454,0,2970000.0,normal
CR000019,CL00016,2024-11-14,Crédito libre inversión,4350000,9,0.0309,561000,App,857,0.2397,Automática,Finalizado,0,2023-03-05,Atlántico,Barranquilla,30,F,2,Sin información,Empleado,2340000.0,Aliado comercial,577.0,True,1,Web,hash_503777,620,11,3,2.0,0.0,0.0,0.0,0.0,1.0,0.0,0.0,650.0,216.66666666666666,0.5088983454257395,1,2340000.0,normal
CR000020,CL00017,2025-10-17,Crédito consumo digital,4200000,9,0.0275,533000,App,894,0.1444,Automática,Activo,0,2024-11-22,Caldas,Manizales,26,F,2,Técnico/Tecnólogo,Empleado,3690000.0,App orgánico,658.0,False,1,iOS,hash_466081,329,10,4,0.0,1.0,2.0,1.0,0.0,0.0,1.0,0.0,897.0,179.4,0.26747154449095595,0,3690000.0,normal
CR000021,CL00018,2024-11-27,Crédito consumo digital,850000,6,0.0234,154000,Call center,874,0.0533,Automática,Finalizado,0,2024-03-23,Antioquia,Medellín,39,M,5,Bachiller,Comerciante,2890000.0,Referido,651.0,False,1,Android,hash_771553,249,11,2,0.0,1.0,2.0,0.0,0.0,0.0,0.0,0.0,399.0,133.0,0.31843809638154313,0,2890000.0,normal
CR000022,CL00020,2025-04-07,Crédito consumo digital,1950000,3,0.034,695000,Aliado,900,0.1421,Automática,Finalizado,0,2023-08-14,Bogotá D.C.,Bogotá,22,M,5,Universitario,Empleado,4890000.0,Referido,706.0,True,2,Android,hash_838096,602,4,0,0.0,0.0,5.0,1.0,1.0,2.0,0.0,1.0,1226.0,122.6,0.25439850456088803,0,4890000.0,normal
CR000023,CL00023,2026-01-26,Crédito consumo digital,4100000,9,0.0322,532000,App,900,0.1354,Automática,Activo,0,2025-11-13,Cundinamarca,Soacha,37,F,5,Sin información,Empleado,3930000.0,Referido,669.0,False,0,Android,hash_429231,74,1,0,1.0,0.0,0.0,0.0,0.0,0.0,0.0,0.0,65.0,65.0,0.29543702968778973,0,3930000.0,normal
CR000024,CL00026,2025-10-28,Crédito consumo digital,2050000,12,0.0308,207000,App,867,0.0674,Automática,Activo,0,2025-10-21,Santander,Bucaramanga,37,F,3,Técnico/Tecnólogo,Independiente,3070000.0,Aliado comercial,618.0,False,0,Android,hash_796454,7,10,1,0.0,0.0,0.0,0.0,0.0,0.0,0.0,0.0,0.0,0.0,0.28916948670137815,0,3070000.0,normal
CR000025,CL00027,2024-03-03,Crédito consumo digital,1300000,12,0.0248,127000,App,845,0.0357,Automática,Mora severa,1,2023-05-23,Bogotá D.C.,Bogotá,24,F,5,Técnico/Tecnólogo,Independiente,3560000.0,Call center,616.0,True,1,iOS,hash_737787,285,3,6,0.0,0.0,2.0,0.0,0.0,0.0,0.0,0.0,148.0,74.0,0.49763393893605407,0,3560000.0,normal
CR000026,CL00028,2025-05-15,Crédito consumo digital,850000,12,0.0212,81000,Aliado,708,0.075,Automática,Mora severa,1,2025-11-13,Santander,Bucaramanga,40,F,4,Sin información,Estudiante,1080000.0,Referido,548.0,False,0,iOS,hash_900819,-182,5,3,0.0,0.0,0.0,0.0,0.0,0.0,0.0,0.0,0.0,0.0,0.6719898820184683,1,1080000.0,normal
CR000027,CL00028,2025-10-03,Crédito libre inversión,1950000,6,0.0311,361000,Aliado,667,0.3343,Automática,Finalizado,0,2025-11-13,Santander,Bucaramanga,40,F,4,Sin información,Estudiante,1080000.0,Referido,548.0,False,0,iOS,hash_900819,-41,10,4,0.0,0.0,0.0,0.0,0.0,0.0,0.0,0.0,0.0,0.0,0.6516175261758089,1,1080000.0,normal
CR000028,CL00028,2025-12-20,Crédito libre inversión,2550000,6,0.0284,468000,App,661,0.4333,Manual,Activo,0,2025-11-13,Santander,Bucaramanga,40,F,4,Sin información,Estudiante,1080000.0,Referido,548.0,False,0,iOS,hash_900819,37,12,5,0.0,2.0,2.0,0.0,0.0,1.0,0.0,0.0,506.0,101.2,0.6191236819839557,1,1080000.0,normal
CR000029,CL00029,2025-10-10,Crédito consumo digital,3300000,6,0.0322,614000,App,877,0.1616,Automática,Finalizado,0,2024-05-09,Norte de Santander,Cúcuta,30,F,2,Técnico/Tecnólogo,Microempresario,3800000.0,Call center,645.0,False,0,Android,hash_737938,519,10,4,1.0,1.0,1.0,1.0,0.0,1.0,0.0,3.0,1564.0,195.5,0.268965852783461,0,3800000.0,normal
CR000030,CL00030,2025-12-18,Crédito libre inversión,4350000,12,0.0217,416000,App,864,0.1195,Automática,Activo,0,2025-11-06,Cundinamarca,Soacha,33,M,3,Universitario,Empleado,3480000.0,Referido,636.0,False,0,Android,hash_332076,42,12,3,0.0,0.0,0.0,1.0,0.0,0.0,0.0,0.0,25.0,25.0,0.44733063621284286,0,3480000.0,normal
CR000031,CL00031,2026-01-29,Crédito libre inversión,9600000,18,0.0204,643000,Aliado,900,0.1448,Automática,Activo,0,2024-06-03,Bolívar,Cartagena,30,M,3,Universitario,Independiente,4440000.0,Campaña digital,615.0,True,0,Android,hash_403602,605,1,3,0.0,1.0,1.0,1.0,0.0,0.0,1.0,2.0,555.0,92.5,0.44182638756205617,0,4440000.0,normal
CR000032,CL00033,2025-08-11,Crédito consumo digital,4000000,12,0.0383,422000,App,900,0.1275,Automática,Activo,0,2025-07-30,Caldas,Manizales,36,M,4,Bachiller,Independiente,3310000.0,Referido,675.0,False,1,Android,hash_296846,12,8,0,0.0,0.0,0.0,0.0,0.0,0.0,1.0,0.0,159.0,159.0,0.42279107239706204,0,3310000.0,normal
CR000033,CL00034,2026-02-01,Microcrédito,700000,6,0.0255,127000,App,811,0.083,Automática,Activo,0,2026-01-04,Bogotá D.C.,Bogotá,25,F,1,Técnico/Tecnólogo,Comerciante,1530000.0,Aliado comercial,476.0,True,1,Android,hash_347536,28,2,6,1.0,0.0,0.0,0.0,0.0,0.0,0.0,2.0,494.0,164.66666666666666,0.6523421278017248,1,1530000.0,normal
CR000034,CL00034,2025-08-01,Crédito libre inversión,1200000,12,0.0332,123000,Web,730,0.0804,Automática,Mora moderada,1,2026-01-04,Bogotá D.C.,Bogotá,25,F,1,Técnico/Tecnólogo,Comerciante,1530000.0,Aliado comercial,476.0,True,1,Android,hash_347536,-156,8,4,0.0,0.0,0.0,0.0,0.0,0.0,0.0,0.0,0.0,0.0,0.8730543493207524,1,1530000.0,normal
CR000035,CL00035,2025-03-21,Crédito consumo digital,4050000,6,0.0373,766000,Web,900,0.152,Automática,Finalizado,0,2024-12-01,Atlántico,Barranquilla,44,M,3,Posgrado,Microempresario,5040000.0,Campaña digital,684.0,False,2,Android,hash_732405,110,3,4,0.0,0.0,1.0,0.0,0.0,0.0,0.0,0.0,188.0,188.0,0.29544132853130034,0,5040000.0,normal
CR000036,CL00036,2025-09-29,Crédito consumo digital,950000,12,0.0211,90000,Aliado,572,0.0448,Manual,Activo,0,2025-02-16,Cundinamarca,Soacha,24,M,2,Técnico/Tecnólogo,Independiente,2010000.0,Campaña digital,588.0,True,1,Android,hash_647473,225,9,0,2.0,2.0,3.0,1.0,1.0,2.0,1.0,0.0,2101.0,175.08333333333334,0.4105115805063472,0,2010000.0,normal
CR000037,CL00036,2025-11-03,Crédito libre inversión,6550000,6,0.0248,1188000,App,462,0.591,Excepción,Activo,0,2025-02-16,Cundinamarca,Soacha,24,M,2,Técnico/Tecnólogo,Independiente,2010000.0,Campaña digital,588.0,True,1,Android,hash_647473,260,11,0,2.0,2.0,3.0,1.0,1.0,2.0,1.0,0.0,2101.0,175.08333333333334,0.6486816635581275,1,2010000.0,normal
CR000038,CL00037,2025-10-10,Crédito libre inversión,6450000,6,0.0267,1178000,Web,889,0.5746,Excepción,Mora moderada,1,2025-07-20,Norte de Santander,Cúcuta,38,M,1,Posgrado,Empleado,2050000.0,Campaña digital,601.0,False,1,Android,hash_976533,82,10,4,0.0,1.0,0.0,0.0,0.0,0.0,0.0,0.0,203.0,203.0,0.7831106849205263,1,2050000.0,normal
CR000039,CL00038,2025-09-19,Crédito consumo digital,1900000,12,0.0338,195000,App,679,0.0759,Automática,Mora severa,1,2025-06-29,Antioquia,Medellín,19,F,3,Bachiller,Desempleado,2570000.0,Referido,418.0,False,2,Android,hash_209162,82,9,4,0.0,1.0,0.0,0.0,0.0,0.0,0.0,0.0,165.0,165.0,0.8117667499641882,1,2570000.0,normal
CR000040,CL00039,2025-11-29,Crédito consumo digital,2650000,6,0.0263,483000,App,854,0.1543,Automática,Activo,0,2024-03-21,Tolima,Ibagué,23,M,4,Universitario,Empleado,3130000.0,Campaña digital,670.0,True,2,Android,hash_431119,618,11,5,1.0,1.0,2.0,2.0,0.0,2.0,0.0,0.0,1420.0,177.5,0.3504132238365494,0,3130000.0,normal
CR000041,CL00039,2024-06-27,Crédito libre inversión,4450000,12,0.0183,417000,App,864,0.1332,Automática,Mora moderada,1,2024-03-21,Tolima,Ibagué,23,M,4,Universitario,Empleado,3130000.0,Campaña digital,670.0,True,2,Android,hash_431119,98,6,3,0.0,0.0,0.0,0.0,0.0,0.0,0.0,0.0,0.0,0.0,0.4717834026956459,0,3130000.0,normal
CR000042,CL00040,2025-09-01,Microcrédito,2350000,3,0.0408,848000,App,900,0.2024,Automática,Mora severa,1,2025-12-08,Bolívar,Cartagena,38,M,3,Bachiller,Microempresario,4190000.0,App orgánico,610.0,False,2,iOS,hash_831862,-98,9,0,0.0,0.0,0.0,0.0,0.0,0.0,0.0,0.0,0.0,0.0,0.42582339265214747,0,4190000.0,normal
CR000043,CL00040,2026-01-09,Avance de nómina,1800000,6,0.0187,320000,Web,840,0.0764,Automática,Activo,0,2025-12-08,Bolívar,Cartagena,38,M,3,Bachiller,Microempresario,4190000.0,App orgánico,610.0,False,2,iOS,hash_831862,32,1,4,0.0,0.0,2.0,0.0,0.0,1.0,0.0,0.0,559.0,186.33333333333334,0.2513647919198319,0,4190000.0,normal
CR000044,CL00041,2023-10-04,Microcrédito,3800000,3,0.0396,1368000,App,827,0.45,Manual,Finalizado,0,2023-06-28,Atlántico,Barranquilla,43,F,4,Técnico/Tecnólogo,Independiente,3040000.0,Campaña digital,699.0,False,1,Android,hash_795532,98,10,2,0.0,0.0,1.0,2.0,0.0,0.0,0.0,0.0,180.0,60.0,0.3582021725318985,0,3040000.0,normal
CR000045,CL00042,2026-03-26,Microcrédito,700000,18,0.036,53000,Aliado,750,0.0296,Automática,Activo,0,2024-06-07,Bogotá D.C.,Bogotá,38,M,4,Bachiller,Independiente,1790000.0,Referido,587.0,False,4,Android,hash_212701,657,3,3,0.0,0.0,3.0,2.0,0.0,0.0,1.0,1.0,1705.0,243.57142857142858,0.2346021328878525,0,1790000.0,normal
CR000046,CL00043,2025-03-30,Crédito consumo digital,1550000,9,0.0294,199000,Call center,900,0.0812,Automática,Finalizado,0,2024-03-07,Santander,Bucaramanga,35,M,5,Técnico/Tecnólogo,Empleado,2450000.0,App orgánico,690.0,False,2,Android,hash_869460,388,3,6,0.0,0.0,1.0,0.0,0.0,0.0,0.0,1.0,376.0,188.0,0.31663263649861867,0,2450000.0,normal
CR000047,CL00044,2026-01-05,Crédito consumo digital,1150000,12,0.0308,116000,Aliado,900,0.0391,Automática,Activo,0,2024-12-25,Cundinamarca,Soacha,33,F,4,Bachiller,Microempresario,2970000.0,App orgánico,704.0,False,0,Android,hash_791319,376,1,0,0.0,1.0,1.0,0.0,1.0,2.0,1.0,2.0,1038.0,129.75,0.20934061600606885,0,2970000.0,normal
CR000048,CL00044,2025-09-09,Avance de nómina,900000,3,0.0192,312000,Aliado,900,0.1051,Automática,Finalizado,0,2024-12-25,Cundinamarca,Soacha,33,F,4,Bachiller,Microempresario,2970000.0,App orgánico,704.0,False,0,Android,hash_791319,258,9,1,0.0,1.0,1.0,0.0,0.0,2.0,1.0,2.0,866.0,123.71428571428571,0.23110655758626847,0,2970000.0,normal
CR000049,CL00045,2024-11-13,Crédito consumo digital,700000,3,0.0224,244000,App,787,0.0949,Automática,Finalizado,0,2024-10-23,Cundinamarca,Soacha,21,No informa,2,Universitario,Microempresario,2570000.0,Aliado comercial,497.0,True,1,Android,hash_921935,21,11,2,0.0,0.0,0.0,0.0,0.0,0.0,0.0,0.0,0.0,0.0,0.45556731769190145,0,2570000.0,normal
CR000050,CL00046,2025-07-23,Crédito consumo digital,1850000,12,0.0298,186000,App,811,0.0724,Automática,Activo,0,2025-01-21,Cundinamarca,Soacha,29,F,5,Técnico/Tecnólogo,Estudiante,2570000.0,Referido,613.0,False,4,iOS,hash_348724,183,7,2,1.0,4.0,1.0,0.0,0.0,1.0,0.0,0.0,1789.0,255.57142857142858,0.20689308573204057,0,2570000.0,normal
CR000051,CL00047,2025-10-26,Crédito libre inversión,3250000,18,0.0247,226000,Call center,786,0.1378,Automática,Activo,0,2025-08-08,Risaralda,Pereira,31,F,2,Sin información,Comerciante,1640000.0,Campaña digital,569.0,False,0,Android,hash_799746,79,10,6,0.0,1.0,2.0,0.0,0.0,0.0,0.0,0.0,646.0,215.33333333333334,0.6170896100288703,1,1640000.0,normal
CR000052,CL00048,2026-01-30,Crédito consumo digital,1650000,6,0.027,302000,Call center,800,0.1175,Automática,Activo,0,2025-01-03,Tolima,Ibagué,47,M,2,Universitario,Independiente,2570000.0,App orgánico,554.0,False,1,iOS,hash_892173,392,1,4,0.0,2.0,4.0,1.0,2.0,2.0,1.0,1.0,2224.0,171.07692307692307,0.2758832269751806,0,2570000.0,normal
CR000053,CL00050,2025-05-11,Crédito libre inversión,3750000,12,0.0186,351000,App,803,0.1526,Automática,Mora moderada,1,2023-09-17,Bogotá D.C.,Bogotá,19,M,3,Bachiller,Pensionado,2300000.0,App orgánico,523.0,False,1,Android,hash_362091,602,5,6,0.0,3.0,2.0,0.0,0.0,0.0,0.0,1.0,1049.0,174.83333333333334,0.7502565378639087,1,2300000.0,normal
CR000054,CL00051,2025-12-12,Crédito libre inversión,7550000,3,0.0335,2687000,App,726,0.9842,Excepción,Mora moderada,1,2024-08-07,Bogotá D.C.,Bogotá,39,M,3,Técnico/Tecnólogo,Comerciante,2730000.0,Campaña digital,530.0,False,0,Android,hash_774533,492,12,4,1.0,1.0,2.0,2.0,0.0,0.0,1.0,0.0,969.0,138.42857142857142,0.7790895701602342,1,2730000.0,normal
CR000055,CL00052,2025-06-28,Crédito consumo digital,3250000,6,0.0325,605000,Aliado,782,0.1576,Automática,Mora moderada,1,2024-04-01,Santander,Bucaramanga,32,F,4,Técnico/Tecnólogo,Empleado,3840000.0,App orgánico,606.0,False,3,iOS,hash_571869,453,6,5,0.0,2.0,0.0,1.0,0.0,1.0,0.0,3.0,898.0,128.28571428571428,0.42824550723030985,0,3840000.0,normal
CR000056,CL00054,2025-01-05,Crédito consumo digital,1400000,12,0.0252,137000,Web,809,0.0628,Automática,Mora moderada,1,2023-06-21,Valle del Cauca,Cali,42,M,1,Posgrado,Microempresario,2180000.0,Referido,550.0,False,2,Android,hash_741593,564,1,6,1.0,1.0,1.0,0.0,0.0,0.0,0.0,0.0,555.0,185.0,0.5217995985685244,1,2180000.0,normal
CR000057,CL00056,2025-10-23,Crédito consumo digital,2050000,6,0.0217,368000,App,900,0.1553,Automática,Finalizado,0,2025-08-08,Santander,Bucaramanga,45,M,2,Bachiller,Empleado,2370000.0,App orgánico,609.0,False,0,Android,hash_503551,76,10,3,0.0,0.0,0.0,0.0,0.0,0.0,0.0,0.0,0.0,0.0,0.4110755221834984,0,2370000.0,normal
CR000058,CL00056,2026-03-30,Avance de nómina,1050000,6,0.0314,195000,App,874,0.0823,Automática,Activo,0,2025-08-08,Santander,Bucaramanga,45,M,2,Bachiller,Empleado,2370000.0,App orgánico,609.0,False,0,Android,hash_503551,234,3,0,0.0,1.0,2.0,1.0,1.0,3.0,1.0,0.0,930.0,103.33333333333333,0.27278329331902745,0,2370000.0,normal
CR000059,CL00057,2024-11-12,Microcrédito,1100000,9,0.0389,147000,Web,775,0.0739,Automática,Mora moderada,1,2023-01-28,Bogotá D.C.,Bogotá,28,F,4,Técnico/Tecnólogo,Independiente,1990000.0,Aliado comercial,512.0,True,1,Android,hash_755244,654,11,1,1.0,0.0,1.0,0.0,0.0,0.0,0.0,0.0,352.0,176.0,0.7673180740775203,1,1990000.0,normal
CR000060,CL00058,2024-05-02,Microcrédito,3300000,6,0.0263,602000,App,849,0.2427,Automática,Finalizado,0,2023-10-13,Antioquia,Medellín,33,F,6,Técnico/Tecnólogo,Independiente,2480000.0,Aliado comercial,667.0,False,0,Android,hash_805356,202,5,3,0.0,0.0,0.0,0.0,0.0,0.0,0.0,1.0,272.0,272.0,0.3747847496257693,0,2480000.0,normal
CR000061,CL00059,2026-01-05,Crédito consumo digital,1750000,9,0.0346,230000,Call center,860,0.105,Automática,Activo,0,2025-06-08,Bolívar,Cartagena,39,M,3,Bachiller,Independiente,2190000.0,Campaña digital,639.0,False,1,iOS,hash_223728,211,1,0,0.0,0.0,2.0,3.0,1.0,0.0,0.0,2.0,1929.0,241.125,0.2221408270502251,0,2190000.0,normal
CR000062,CL00059,2025-06-27,Avance de nómina,1400000,12,0.0273,138000,App,815,0.063,Automática,Activo,0,2025-06-08,Bolívar,Cartagena,39,M,3,Bachiller,Independiente,2190000.0,Campaña digital,639.0,False,1,iOS,hash_223728,19,6,4,0.0,0.0,0.0,0.0,0.0,0.0,0.0,0.0,0.0,0.0,0.37674059767016066,0,2190000.0,normal
CR000063,CL00059,2026-03-27,Crédito libre inversión,1600000,12,0.0306,161000,App,886,0.0735,Automática,Activo,0,2025-06-08,Bolívar,Cartagena,39,M,3,Bachiller,Independiente,2190000.0,Campaña digital,639.0,False,1,iOS,hash_223728,292,3,4,0.0,2.0,3.0,3.0,1.0,0.0,0.0,2.0,2470.0,224.54545454545453,0.22943002549000513,0,2190000.0,normal
CR000064,CL00060,2026-02-06,Crédito consumo digital,3350000,9,0.0228,416000,App,900,0.1115,Automática,Activo,0,2025-03-17,Cundinamarca,Soacha,46,F,3,Técnico/Tecnólogo,Independiente,3730000.0,Referido,648.0,False,0,Android,hash_181972,326,2,4,1.0,3.0,2.0,2.0,0.0,1.0,0.0,0.0,1311.0,145.66666666666666,0.18994006711745545,0,3730000.0,normal
CR000065,CL00061,2024-03-09,Crédito consumo digital,1150000,6,0.0321,214000,App,848,0.096,Automática,Finalizado,0,2023-04-06,Bogotá D.C.,Bogotá,31,M,2,Técnico/Tecnólogo,Empleado,2230000.0,Referido,607.0,False,0,Web,hash_900511,338,3,5,0.0,0.0,0.0,1.0,0.0,0.0,1.0,0.0,379.0,189.5,0.31446374916033487,0,2230000.0,normal
CR000066,CL00062,2025-12-17,Avance de nómina,700000,9,0.0229,87000,App,870,0.0361,Automática,Activo,0,2025-04-09,Bogotá D.C.,Bogotá,34,F,4,Posgrado,Independiente,2410000.0,App orgánico,625.0,True,0,iOS,hash_591121,252,12,2,0.0,0.0,2.0,1.0,0.0,0.0,0.0,1.0,595.0,148.75,0.3529840148692503,0,2410000.0,normal
CR000067,CL00063,2023-08-08,Crédito consumo digital,2150000,12,0.0305,217000,App,748,0.0702,Automática,Mora moderada,1,2023-02-04,Bogotá D.C.,Bogotá,25,F,2,Sin información,Empleado,3090000.0,Call center,487.0,False,3,iOS,hash_547244,185,8,1,0.0,0.0,1.0,1.0,0.0,0.0,0.0,0.0,293.0,146.5,0.6789069336874081,1,3090000.0,normal
CR000068,CL00064,2025-08-03,Crédito libre inversión,7800000,12,0.0309,788000,App,808,0.2765,Automática,Mora severa,1,2024-01-30,Valle del Cauca,Cali,24,M,4,Universitario,Independiente,2850000.0,Call center,528.0,False,2,Android,hash_457546,551,8,6,0.0,0.0,3.0,1.0,0.0,1.0,0.0,0.0,627.0,125.4,0.7576450413660373,1,2850000.0,normal
CR000069,CL00065,2026-03-20,Microcrédito,5200000,6,0.033,969000,App,900,0.1541,Automática,Activo,0,2024-02-07,Bogotá D.C.,Bogotá,44,M,2,Bachiller,Empleado,6290000.0,Campaña digital,732.0,True,3,Web,hash_359438,772,3,4,0.0,4.0,2.0,3.0,2.0,3.0,0.0,1.0,2932.0,195.46666666666667,0.17328977500698764,0,6290000.0,normal
CR000070,CL00065,2025-04-08,Crédito consumo digital,5500000,3,0.0355,1965000,App,900,0.3124,Automática,Mora severa,1,2024-02-07,Bogotá D.C.,Bogotá,44,M,2,Bachiller,Empleado,6290000.0,Campaña digital,732.0,True,3,Web,hash_359438,426,4,1,0.0,2.0,2.0,1.0,1.0,2.0,0.0,0.0,1385.0,173.125,0.40231556414690256,0,6290000.0,normal
CR000071,CL00067,2025-07-07,Crédito consumo digital,2800000,9,0.024,350000,Aliado,900,0.0882,Automática,Finalizado,0,2024-12-27,Bogotá D.C.,Bogotá,35,F,2,Técnico/Tecnólogo,Microempresario,3970000.0,Campaña digital,728.0,False,0,Android,hash_637970,192,7,0,1.0,2.0,2.0,0.0,1.0,0.0,0.0,0.0,1310.0,218.33333333333334,0.29013803307115776,0,3970000.0,normal
CR000072,CL00067,2025-01-16,Crédito consumo digital,2600000,6,0.0301,480000,Aliado,900,0.1209,Automática,Finalizado,0,2024-12-27,Bogotá D.C.,Bogotá,35,F,2,Técnico/Tecnólogo,Microempresario,3970000.0,Campaña digital,728.0,False,0,Android,hash_637970,20,1,3,0.0,0.0,0.0,0.0,0.0,0.0,0.0,0.0,0.0,0.0,0.3227640188404173,0,3970000.0,normal
CR000073,CL00068,2024-10-03,Crédito consumo digital,3200000,12,0.0333,328000,Call center,900,0.0682,Automática,Finalizado,0,2024-03-24,Antioquia,Medellín,46,M,5,Universitario,Empleado,4810000.0,App orgánico,739.0,True,2,Android,hash_328931,193,10,3,0.0,0.0,1.0,0.0,0.0,0.0,0.0,0.0,71.0,71.0,0.15515582152841523,0,4810000.0,normal
CR000074,CL00069,2024-05-11,Crédito libre inversión,2900000,6,0.0266,529000,Aliado,754,0.258,Automática,Finalizado,0,2023-05-20,Antioquia,Medellín,40,M,2,Universitario,Estudiante,2050000.0,Call center,500.0,False,1,Android,hash_835226,357,5,5,0.0,1.0,2.0,1.0,0.0,2.0,0.0,0.0,731.0,121.83333333333333,0.6352518148677815,1,2050000.0,normal
CR000075,CL00072,2025-08-31,Crédito libre inversión,3350000,9,0.0259,422000,App,889,0.1796,Automática,Activo,0,2025-07-22,Bolívar,Cartagena,51,F,2,Técnico/Tecnólogo,Microempresario,2350000.0,Campaña digital,657.0,False,2,iOS,hash_177525,40,8,6,0.0,0.0,0.0,0.0,0.0,0.0,0.0,0.0,0.0,0.0,0.2587611756319923,0,2350000.0,normal
CR000076,CL00073,2026-01-07,Avance de nómina,800000,12,0.0265,79000,Web,844,1.2,Automática,Mora moderada,1,2023-08-27,Bogotá D.C.,Bogotá,36,M,1,Técnico/Tecnólogo,Independiente,2040000.0,App orgánico,543.0,True,1,iOS,hash_992015,864,1,2,0.0,4.0,1.0,0.0,1.0,0.0,1.0,1.0,1135.0,141.875,0.625814022776843,1,2040000.0,normal
CR000077,CL00074,2025-06-24,Crédito consumo digital,4300000,9,0.0383,574000,Call center,900,0.0939,Automática,Finalizado,0,2025-09-05,Bogotá D.C.,Bogotá,52,F,3,Bachiller,Empleado,6110000.0,Aliado comercial,758.0,False,0,Android,hash_591830,-73,6,1,0.0,0.0,0.0,0.0,0.0,0.0,0.0,0.0,0.0,0.0,0.1386774348139706,0,6110000.0,normal
CR000078,CL00075,2026-01-08,Crédito consumo digital,1400000,6,0.0293,258000,Call center,880,0.0733,Automática,Activo,0,2025-01-26,Antioquia,Medellín,19,F,3,Universitario,Empleado,3520000.0,Campaña digital,588.0,True,0,Android,hash_457820,347,1,3,0.0,0.0,2.0,0.0,1.0,0.0,1.0,0.0,644.0,161.0,0.22224254127315696,0,3520000.0,normal
CR000079,CL00076,2024-10-22,Microcrédito,900000,12,0.0306,91000,App,810,0.0384,Automática,Mora moderada,1,2024-07-27,Bogotá D.C.,Bogotá,44,F,4,Universitario,Independiente,2370000.0,Referido,592.0,True,2,Android,hash_279689,87,10,1,0.0,1.0,1.0,0.0,0.0,1.0,0.0,0.0,376.0,125.33333333333333,0.5895152489350817,1,2370000.0,normal
CR000080,CL00077,2025-05-15,Crédito consumo digital,650000,6,0.0277,119000,App,725,0.0613,Automática,Mora severa,1,2026-01-13,Antioquia,Medellín,37,F,4,Bachiller,Microempresario,1940000.0,Campaña digital,580.0,True,3,Android,hash_317516,-243,5,3,0.0,0.0,0.0,0.0,0.0,0.0,0.0,0.0,0.0,0.0,0.6418921639381262,1,1940000.0,normal
CR000081,CL00077,2025-08-25,Avance de nómina,1000000,12,0.0296,100000,App,870,0.0515,Automática,Activo,0,2026-01-13,Antioquia,Medellín,37,F,4,Bachiller,Microempresario,1940000.0,Campaña digital,580.0,True,3,Android,hash_317516,-141,8,0,0.0,0.0,0.0,0.0,0.0,0.0,0.0,0.0,0.0,0.0,0.5262639473480584,1,1940000.0,normal
CR000082,CL00078,2025-11-06,Crédito consumo digital,1850000,6,0.0227,333000,Aliado,900,0.1041,Automática,Activo,0,2025-04-27,Cundinamarca,Soacha,33,F,2,Técnico/Tecnólogo,Empleado,3200000.0,Call center,622.0,True,3,Android,hash_435064,193,11,3,0.0,1.0,0.0,0.0,0.0,2.0,0.0,0.0,334.0,111.33333333333333,0.2915865818114751,0,3200000.0,normal
CR000083,CL00079,2025-08-17,Microcrédito,600000,6,0.0343,112000,App,832,0.0457,Automática,Finalizado,0,2023-12-29,Atlántico,Barranquilla,37,M,2,Técnico/Tecnólogo,Pensionado,2450000.0,Campaña digital,501.0,True,1,Android,hash_112306,597,8,6,0.0,3.0,2.0,0.0,0.0,0.0,1.0,1.0,1125.0,160.71428571428572,0.4696459065118979,0,2450000.0,normal
CR000084,CL00080,2026-03-12,Crédito libre inversión,7700000,9,0.0264,973000,Call center,798,0.4746,Manual,Activo,0,2025-09-21,Risaralda,Pereira,19,M,3,Universitario,Empleado,2050000.0,Campaña digital,589.0,False,0,Android,hash_793023,172,3,3,0.0,1.0,3.0,1.0,0.0,1.0,0.0,0.0,945.0,157.5,0.40878456067112284,0,2050000.0,normal
CR000085,CL00081,2025-12-29,Crédito consumo digital,1450000,12,0.0388,153000,App,608,0.0827,Manual,Activo,0,2023-11-05,Bolívar,Cartagena,34,F,3,Universitario,Independiente,1850000.0,App orgánico,588.0,False,0,iOS,hash_768958,785,12,0,0.0,2.0,2.0,1.0,0.0,0.0,0.0,0.0,843.0,168.6,0.5140630630651555,1,1850000.0,normal
CR000086,CL00082,2023-06-24,Crédito libre inversión,5550000,9,0.0304,714000,App,846,0.2412,Automática,Mora severa,1,2023-06-04,Bogotá D.C.,Bogotá,40,M,5,Sin información,Empleado,2960000.0,Aliado comercial,594.0,False,2,Android,hash_961641,20,6,5,0.0,0.0,0.0,0.0,0.0,0.0,0.0,0.0,0.0,0.0,0.5491961855532425,1,2960000.0,normal
CR000087,CL00083,2025-12-01,Crédito libre inversión,2350000,6,0.0254,427000,Aliado,759,0.1787,Automática,Activo,0,2025-08-01,Antioquia,Medellín,51,M,4,Bachiller,Empleado,2390000.0,Call center,522.0,True,0,iOS,hash_927679,122,12,0,0.0,0.0,2.0,1.0,0.0,0.0,0.0,0.0,269.0,89.66666666666667,0.5739157298825807,1,2390000.0,normal
CR000088,CL00086,2025-06-13,Crédito libre inversión,4050000,3,0.0306,1433000,Call center,675,0.549,Manual,Finalizado,0,2025-12-22,Antioquia,Medellín,31,M,2,Bachiller,Empleado,2610000.0,Campaña digital,425.0,False,2,iOS,hash_261081,-192,6,4,0.0,0.0,0.0,0.0,0.0,0.0,0.0,0.0,0.0,0.0,0.5650718100605087,1,2610000.0,normal
CR000089,CL00088,2025-07-04,Crédito consumo digital,1100000,6,0.0284,202000,App,863,0.1074,Automática,Finalizado,0,2024-09-25,Tolima,Ibagué,39,F,1,Universitario,Independiente,1880000.0,App orgánico,507.0,False,0,Android,hash_666605,282,7,4,0.0,0.0,1.0,0.0,0.0,1.0,0.0,0.0,138.0,69.0,0.606287828647418,1,1880000.0,normal
CR000090,CL00089,2025-12-13,Crédito consumo digital,1600000,3,0.0282,564000,App,617,0.5127,Manual,Finalizado,0,2025-11-10,Antioquia,Medellín,31,M,3,Técnico/Tecnólogo,Desempleado,1100000.0,Campaña digital,440.0,True,1,iOS,hash_539358,33,12,5,0.0,0.0,1.0,0.0,0.0,1.0,0.0,0.0,748.0,374.0,0.4926296971886449,0,1100000.0,normal
CR000091,CL00089,2026-03-03,Crédito libre inversión,1050000,18,0.0204,70000,Web,628,0.0636,Automática,Activo,0,2025-11-10,Antioquia,Medellín,31,M,3,Técnico/Tecnólogo,Desempleado,1100000.0,Campaña digital,440.0,True,1,iOS,hash_539358,113,3,1,0.0,1.0,3.0,2.0,1.0,1.0,1.0,1.0,2211.0,221.1,0.4697478551135643,0,1100000.0,normal
CR000092,CL00091,2026-02-07,Crédito consumo digital,1000000,3,0.0202,347000,Aliado,864,0.1896,Automática,Activo,0,2025-08-09,Valle del Cauca,Cali,37,M,3,Bachiller,Conductor/Repartidor,1830000.0,App orgánico,497.0,True,1,Android,hash_141743,182,2,5,0.0,0.0,6.0,0.0,1.0,2.0,0.0,1.0,1215.0,121.5,0.3253028297368838,0,1830000.0,normal
CR000093,CL00092,2024-08-16,Crédito consumo digital,6950000,6,0.0213,1246000,Aliado,900,0.2351,Automática,Finalizado,0,2023-10-14,Bogotá D.C.,Bogotá,46,M,3,Técnico/Tecnólogo,Microempresario,5300000.0,Referido,676.0,True,0,Android,hash_769221,307,8,4,1.0,0.0,1.0,0.0,0.0,0.0,0.0,0.0,231.0,115.5,0.27732436939894034,0,5300000.0,normal
CR000094,CL00093,2023-10-03,Crédito libre inversión,5400000,9,0.0225,669000,App,900,0.1436,Automática,Finalizado,0,2023-07-20,Bogotá D.C.,Bogotá,29,M,4,Técnico/Tecnólogo,Comerciante,4660000.0,App orgánico,693.0,True,4,Android,hash_925992,75,10,1,0.0,1.0,0.0,1.0,0.0,0.0,0.0,0.0,241.0,120.5,0.4950189971210728,0,4660000.0,normal
CR000095,CL00093,2024-08-04,Microcrédito,4150000,12,0.0325,423000,App,900,0.0908,Automática,Finalizado,0,2023-07-20,Bogotá D.C.,Bogotá,29,M,4,Técnico/Tecnólogo,Comerciante,4660000.0,App orgánico,693.0,True,4,Android,hash_925992,381,8,6,0.0,1.0,3.0,1.0,0.0,0.0,0.0,2.0,1465.0,209.28571428571428,0.39695969127713776,0,4660000.0,normal
CR000096,CL00093,2025-12-15,Crédito consumo digital,2450000,12,0.023,236000,Aliado,900,0.0506,Automática,Activo,0,2023-07-20,Bogotá D.C.,Bogotá,29,M,4,Técnico/Tecnólogo,Comerciante,4660000.0,App orgánico,693.0,True,4,Android,hash_925992,879,12,0,0.0,4.0,5.0,3.0,0.0,3.0,2.0,3.0,3664.0,183.2,0.2716033204872279,0,4660000.0,normal
CR000097,CL00094,2025-07-21,Crédito consumo digital,450000,3,0.0247,157000,Aliado,760,0.1256,Automática,Finalizado,0,2024-11-06,Bogotá D.C.,Bogotá,33,M,5,Universitario,Desempleado,1250000.0,Call center,602.0,False,1,Android,hash_614241,257,7,0,0.0,0.0,3.0,0.0,0.0,0.0,0.0,1.0,579.0,144.75,0.4712677878495905,0,1250000.0,normal
CR000098,CL00095,2025-10-31,Crédito libre inversión,3300000,24,0.0327,200000,App,877,0.0778,Automática,Mora moderada,1,2023-08-18,Antioquia,Medellín,32,F,4,Universitario,Comerciante,2570000.0,Campaña digital,697.0,True,1,Android,hash_893567,805,10,4,0.0,7.0,8.0,2.0,0.0,1.0,1.0,1.0,2737.0,136.85,0.4503407823325376,0,2570000.0,normal
CR000099,CL00095,2023-09-10,Crédito libre inversión,2950000,18,0.0181,194000,App,859,0.0755,Automática,Finalizado,0,2023-08-18,Antioquia,Medellín,32,F,4,Universitario,Comerciante,2570000.0,Campaña digital,697.0,True,1,Android,hash_893567,23,9,6,0.0,0.0,0.0,0.0,0.0,0.0,0.0,0.0,0.0,0.0,0.43553362791239786,0,2570000.0,normal
CR000100,CL00096,2026-01-27,Crédito consumo digital,2950000,3,0.0289,1041000,Web,891,0.2361,Automática,Finalizado,0,2024-08-08,Antioquia,Medellín,21,F,4,Sin información,Empleado,4410000.0,Campaña digital,630.0,False,0,Android,hash_115216,537,1,1,0.0,4.0,1.0,2.0,3.0,1.0,0.0,1.0,1962.0,163.5,0.12635014990204504,0,4410000.0,normal
CR000101,CL00096,2024-12-09,Crédito libre inversión,4850000,6,0.0235,876000,Aliado,900,0.1986,Automática,Finalizado,0,2024-08-08,Antioquia,Medellín,21,F,4,Sin información,Empleado,4410000.0,Campaña digital,630.0,False,0,Android,hash_115216,123,12,0,0.0,0.0,0.0,0.0,0.0,1.0,0.0,0.0,21.0,21.0,0.4477148937590718,0,4410000.0,normal
CR000102,CL00097,2024-10-01,Microcrédito,3350000,9,0.0413,453000,Call center,724,0.2157,Automática,Mora severa,1,2023-09-29,Meta,Villavicencio,39,M,1,Universitario,Conductor/Repartidor,2100000.0,App orgánico,505.0,False,0,Android,hash_421898,368,10,1,0.0,0.0,0.0,0.0,0.0,0.0,1.0,0.0,326.0,326.0,0.8262602492411851,1,2100000.0,normal
CR000103,CL00099,2026-01-16,Avance de nómina,1000000,9,0.0211,123000,App,886,0.0355,Automática,Activo,0,2024-08-12,Santander,Bucaramanga,36,M,3,Técnico/Tecnólogo,Conductor/Repartidor,3460000.0,Campaña digital,612.0,False,0,Android,hash_451889,522,1,4,0.0,4.0,3.0,0.0,2.0,1.0,0.0,0.0,1203.0,120.3,0.14701939677489248,0,3460000.0,normal
CR000104,CL00100,2024-03-01,Avance de nómina,1000000,9,0.0219,124000,App,900,0.0286,Automática,Mora severa,1,2023-03-12,Bogotá D.C.,Bogotá,34,M,4,Universitario,Microempresario,4340000.0,Aliado comercial,665.0,False,2,Android,hash_631985,355,3,4,0.0,0.0,1.0,1.0,1.0,1.0,0.0,0.0,757.0,189.25,0.318395510779478,0,4340000.0,normal
CR000105,CL00101,2025-09-03,Avance de nómina,1950000,9,0.0267,247000,Web,858,0.0911,Automática,Activo,0,2024-02-11,Atlántico,Barranquilla,22,M,4,Sin información,Empleado,2710000.0,Aliado comercial,576.0,True,0,iOS,hash_881712,570,9,2,0.0,4.0,1.0,1.0,1.0,2.0,1.0,2.0,1920.0,160.0,0.25882153609081804,0,2710000.0,normal
CR000106,CL00102,2025-07-27,Avance de nómina,550000,12,0.0262,54000,App,707,0.0482,Automática,Activo,0,2024-05-15,Cundinamarca,Soacha,32,F,3,Bachiller,Estudiante,1120000.0,Aliado comercial,451.0,True,0,Android,hash_203533,438,7,6,1.0,0.0,2.0,1.0,0.0,1.0,0.0,0.0,670.0,134.0,0.5988672921544979,1,1120000.0,normal
CR000107,CL00103,2025-04-11,Microcrédito,1850000,12,0.0273,183000,Aliado,853,0.0614,Automática,Mora moderada,1,2025-03-01,Bogotá D.C.,Bogotá,33,M,4,Técnico/Tecnólogo,Independiente,2980000.0,Campaña digital,646.0,False,0,Android,hash_387360,41,4,4,1.0,0.0,0.0,0.0,0.0,0.0,0.0,0.0,124.0,124.0,0.29062796939035024,0,2980000.0,normal
CR000108,CL00104,2025-10-12,Crédito consumo digital,1000000,3,0.0254,350000,Aliado,852,0.1311,Automática,Finalizado,0,2025-11-28,Antioquia,Medellín,28,M,2,Sin información,Empleado,2670000.0,Campaña digital,585.0,False,0,Android,hash_597488,-47,10,6,0.0,0.0,0.0,0.0,0.0,0.0,0.0,0.0,0.0,0.0,0.3909054604435647,0,2670000.0,normal
CR000109,CL00104,2026-03-21,Crédito consumo digital,1500000,6,0.0308,278000,Aliado,885,0.1041,Automática,Activo,0,2025-11-28,Antioquia,Medellín,28,M,2,Sin información,Empleado,2670000.0,Campaña digital,585.0,False,0,Android,hash_597488,113,3,5,0.0,5.0,3.0,2.0,0.0,0.0,1.0,0.0,2007.0,182.45454545454547,0.1108090888738694,0,2670000.0,normal
CR000110,CL00105,2025-08-24,Microcrédito,4750000,24,0.0391,309000,App,883,0.1202,Automática,Activo,0,2025-07-17,Valle del Cauca,Cali,34,F,3,Técnico/Tecnólogo,Microempresario,2570000.0,Campaña digital,674.0,False,2,iOS,hash_972437,38,8,6,0.0,0.0,0.0,0.0,0.0,0.0,0.0,0.0,0.0,0.0,0.3217639230137852,0,2570000.0,normal
CR000111,CL00106,2025-09-25,Microcrédito,3150000,12,0.0385,333000,Web,900,0.0626,Automática,Activo,0,2025-11-30,Caldas,Manizales,40,M,4,Universitario,Empleado,5320000.0,App orgánico,756.0,True,1,Android,hash_254226,-66,9,3,0.0,0.0,0.0,0.0,0.0,0.0,0.0,0.0,0.0,0.0,0.2004346645044982,0,5320000.0,normal
CR000112,CL00107,2025-09-10,Microcrédito,1800000,12,0.0272,178000,App,885,0.0693,Automática,Activo,0,2024-11-08,Valle del Cauca,Cali,55,F,3,Universitario,Comerciante,2570000.0,Aliado comercial,592.0,True,1,Android,hash_592461,306,9,2,0.0,1.0,3.0,0.0,0.0,0.0,0.0,0.0,400.0,100.0,0.5825683569920469,1,2570000.0,normal
CR000113,CL00108,2026-01-06,Crédito libre inversión,2400000,24,0.0217,129000,Web,831,0.0502,Automática,Activo,0,2025-11-30,Atlántico,Barranquilla,38,M,2,Técnico/Tecnólogo,Comerciante,2570000.0,Campaña digital,596.0,False,0,iOS,hash_392717,37,1,1,0.0,1.0,2.0,0.0,0.0,0.0,0.0,1.0,308.0,77.0,0.5751215566517389,1,2570000.0,normal
CR000114,CL00108,2026-02-08,Crédito consumo digital,900000,12,0.035,93000,Web,876,0.0362,Automática,Activo,0,2025-11-30,Atlántico,Barranquilla,38,M,2,Técnico/Tecnólogo,Comerciante,2570000.0,Campaña digital,596.0,False,0,iOS,hash_392717,70,2,6,0.0,1.0,2.0,0.0,1.0,1.0,0.0,1.0,738.0,123.0,0.30416376957119823,0,2570000.0,normal
CR000115,CL00108,2025-07-13,Microcrédito,3500000,12,0.0371,367000,App,853,0.1428,Automática,Activo,0,2025-11-30,Atlántico,Barranquilla,38,M,2,Técnico/Tecnólogo,Comerciante,2570000.0,Campaña digital,596.0,False,0,iOS,hash_392717,-140,7,6,0.0,0.0,0.0,0.0,0.0,0.0,0.0,0.0,0.0,0.0,0.6592371078923787,1,2570000.0,normal
CR000116,CL00109,2025-01-07,Crédito consumo digital,750000,9,0.0343,98000,App,838,0.0402,Automática,Finalizado,0,2024-05-30,Antioquia,Medellín,39,M,3,Técnico/Tecnólogo,Pensionado,2440000.0,Call center,600.0,False,3,Android,hash_572697,222,1,1,0.0,2.0,0.0,0.0,0.0,0.0,0.0,0.0,165.0,82.5,0.47696385749729087,0,2440000.0,normal
CR000117,CL00109,2025-05-15,Crédito consumo digital,750000,6,0.0247,136000,Aliado,895,0.0557,Automática,Mora severa,1,2024-05-30,Antioquia,Medellín,39,M,3,Técnico/Tecnólogo,Pensionado,2440000.0,Call center,600.0,False,3,Android,hash_572697,350,5,3,0.0,2.0,0.0,1.0,0.0,0.0,0.0,0.0,406.0,135.33333333333334,0.4787091277877739,0,2440000.0,normal
CR000118,CL00110,2025-11-12,Crédito libre inversión,1400000,9,0.0195,171000,App,746,0.0847,Automática,Activo,0,2025-01-19,Antioquia,Medellín,35,F,2,Universitario,Pensionado,2020000.0,Referido,497.0,True,0,Android,hash_251899,297,11,2,1.0,0.0,2.0,2.0,0.0,1.0,0.0,0.0,464.0,77.33333333333333,0.7044634539595038,1,2020000.0,normal
CR000119,CL00111,2024-05-11,Crédito consumo digital,900000,9,0.0356,119000,Web,742,0.0753,Automática,Mora moderada,1,2023-06-19,Caldas,Manizales,19,F,2,Universitario,Independiente,1580000.0,Campaña digital,495.0,False,1,Android,hash_810872,327,5,5,0.0,3.0,1.0,0.0,0.0,0.0,1.0,0.0,438.0,87.6,0.8414245735801309,1,1580000.0,normal
CR000120,CL00113,2025-08-04,Microcrédito,2050000,3,0.0379,736000,Call center,850,0.1524,Automática,Finalizado,0,2024-10-21,Bolívar,Cartagena,37,F,1,Bachiller,Empleado,4830000.0,App orgánico,706.0,True,1,Android,hash_355821,287,8,0,0.0,1.0,0.0,0.0,1.0,0.0,0.0,0.0,238.0,119.0,0.24277877698384573,0,4830000.0,normal
CR000121,CL00114,2023-07-09,Crédito libre inversión,7800000,9,0.0181,947000,Aliado,900,0.1821,Automática,Finalizado,0,2023-03-03,Bogotá D.C.,Bogotá,61,M,4,Bachiller,Empleado,5200000.0,Call center,759.0,False,1,iOS,hash_566589,128,7,6,0.0,0.0,1.0,0.0,0.0,0.0,0.0,0.0,175.0,175.0,0.19976078607176173,0,5200000.0,normal
CR000122,CL00115,2025-06-25,Microcrédito,7950000,12,0.0319,808000,Aliado,715,0.2825,Automática,Mora moderada,1,2025-05-11,Antioquia,Medellín,34,M,5,Bachiller,Microempresario,2860000.0,Aliado comercial,586.0,False,0,iOS,hash_109927,45,6,2,0.0,0.0,1.0,0.0,0.0,0.0,1.0,0.0,251.0,125.5,0.6433858966857533,1,2860000.0,normal
CR000123,CL00116,2024-11-29,Crédito libre inversión,1450000,3,0.0243,507000,Aliado,609,0.1928,Manual,Finalizado,0,2023-07-31,Cundinamarca,Soacha,39,M,2,Bachiller,Independiente,2630000.0,App orgánico,588.0,False,1,Android,hash_892038,487,11,4,0.0,0.0,0.0,1.0,0.0,1.0,0.0,0.0,393.0,196.5,0.34812252935020854,0,2630000.0,normal
CR000124,CL00117,2025-06-26,Crédito libre inversión,2150000,12,0.0276,213000,App,853,0.0734,Automática,Activo,0,2025-01-22,Antioquia,Medellín,36,F,3,Universitario,Empleado,2900000.0,Aliado comercial,655.0,False,1,iOS,hash_773217,155,6,3,0.0,0.0,1.0,1.0,0.0,0.0,0.0,0.0,241.0,120.5,0.3103055259670385,0,2900000.0,normal
CR000125,CL00119,2025-06-12,Crédito libre inversión,2700000,18,0.0267,191000,Call center,889,0.099,Automática,Mora moderada,1,2023-08-15,Bogotá D.C.,Bogotá,47,F,4,Técnico/Tecnólogo,Comerciante,1930000.0,App orgánico,613.0,True,0,Android,hash_636069,667,6,3,0.0,2.0,0.0,1.0,0.0,2.0,2.0,0.0,1100.0,157.14285714285714,0.57211740374296,1,1930000.0,normal
CR000126,CL00120,2026-03-10,Crédito libre inversión,4200000,12,0.0339,432000,Aliado,900,0.1681,Automática,Activo,0,2025-09-21,Antioquia,Medellín,44,F,5,Técnico/Tecnólogo,Microempresario,2570000.0,App orgánico,733.0,True,1,Android,hash_545935,170,3,1,0.0,2.0,1.0,0.0,0.0,1.0,0.0,1.0,1425.0,285.0,0.22255357106795376,0,2570000.0,normal
CR000127,CL00121,2025-09-03,Microcrédito,1250000,6,0.0399,238000,App,657,0.2674,Automática,Mora moderada,1,2025-04-30,Bogotá D.C.,Bogotá,44,M,1,Posgrado,Empleado,890000.0,App orgánico,596.0,True,0,Android,hash_814221,126,9,2,0.0,1.0,0.0,1.0,1.0,0.0,0.0,1.0,507.0,126.75,0.5892174049145997,1,890000.0,normal
CR000128,CL00123,2025-08-14,Microcrédito,6400000,12,0.0312,648000,Aliado,900,0.1403,Automática,Activo,0,2024-05-25,Bogotá D.C.,Bogotá,50,M,2,Bachiller,Empleado,4620000.0,App orgánico,711.0,False,0,Android,hash_356812,446,8,3,0.0,0.0,4.0,0.0,0.0,3.0,0.0,1.0,1651.0,206.375,0.29672887194710923,0,4620000.0,normal
CR000129,CL00123,2024-09-27,Crédito consumo digital,1950000,12,0.0255,191000,Aliado,900,0.0413,Automática,Finalizado,0,2024-05-25,Bogotá D.C.,Bogotá,50,M,2,Bachiller,Empleado,4620000.0,App orgánico,711.0,False,0,Android,hash_356812,125,9,4,0.0,0.0,1.0,0.0,0.0,1.0,0.0,0.0,512.0,256.0,0.21326132009732449,0,4620000.0,normal
CR000130,CL00125,2025-07-17,Crédito consumo digital,2250000,9,0.0252,283000,App,865,0.0515,Automática,Finalizado,0,2024-02-22,Caldas,Manizales,42,F,4,Técnico/Tecnólogo,Empleado,5500000.0,App orgánico,678.0,True,4,iOS,hash_853790,511,7,3,1.0,0.0,1.0,0.0,0.0,1.0,1.0,0.0,881.0,220.25,0.2018908412260576,0,5500000.0,normal
CR000131,CL00126,2025-08-03,Crédito consumo digital,750000,9,0.0213,92000,Web,855,0.0398,Automática,Mora severa,1,2024-08-11,Antioquia,Medellín,58,M,2,Universitario,Independiente,2310000.0,Call center,603.0,True,2,Android,hash_355719,357,8,6,0.0,2.0,3.0,0.0,0.0,0.0,0.0,1.0,841.0,140.16666666666666,0.508661187825351,1,2310000.0,normal
CR000132,CL00127,2024-06-22,Crédito consumo digital,1850000,6,0.0255,336000,App,858,0.1057,Automática,Mora severa,1,2023-07-17,Bogotá D.C.,Bogotá,26,M,2,Sin información,Independiente,3180000.0,Referido,523.0,True,2,Android,hash_396794,341,6,5,1.0,2.0,0.0,1.0,0.0,1.0,1.0,0.0,307.0,51.166666666666664,0.7052341197985994,1,3180000.0,normal
CR000133,CL00127,2025-01-14,Crédito consumo digital,900000,3,0.0309,319000,App,803,0.1003,Automática,Finalizado,0,2023-07-17,Bogotá D.C.,Bogotá,26,M,2,Sin información,Independiente,3180000.0,Referido,523.0,True,2,Android,hash_396794,547,1,1,1.0,2.0,1.0,1.0,2.0,1.0,1.0,0.0,728.0,80.88888888888889,0.3177545575569108,0,3180000.0,normal
CR000134,CL00128,2024-07-03,Crédito consumo digital,1150000,6,0.0239,208000,App,804,0.0589,Automática,Finalizado,0,2023-02-12,Atlántico,Barranquilla,30,F,4,Universitario,Empleado,3530000.0,Referido,630.0,False,1,Android,hash_102159,507,7,2,1.0,0.0,2.0,3.0,1.0,0.0,0.0,0.0,1209.0,172.71428571428572,0.2654261117865588,0,3530000.0,normal
CR000135,CL00130,2024-07-22,Crédito consumo digital,600000,3,0.0324,213000,App,822,0.1392,Automática,Finalizado,0,2023-02-27,Bogotá D.C.,Bogotá,31,M,1,Bachiller,Comerciante,1530000.0,App orgánico,492.0,False,1,iOS,hash_191873,511,7,0,0.0,0.0,1.0,1.0,0.0,1.0,0.0,0.0,350.0,116.66666666666667,0.6546302087634795,1,1530000.0,normal
CR000136,CL00131,2024-12-21,Crédito consumo digital,1150000,24,0.0337,71000,App,840,0.0281,Automática,Mora moderada,1,2023-02-20,Atlántico,Barranquilla,20,F,3,Bachiller,Microempresario,2530000.0,App orgánico,522.0,True,0,Android,hash_533797,670,12,5,0.0,2.0,0.0,0.0,0.0,1.0,0.0,0.0,702.0,234.0,0.6205766599360096,1,2530000.0,normal
CR000137,CL00133,2024-05-09,Crédito consumo digital,700000,6,0.0362,132000,App,798,0.066,Automática,Mora moderada,1,2023-01-24,Cundinamarca,Soacha,25,F,2,Técnico/Tecnólogo,Empleado,2000000.0,Campaña digital,476.0,False,3,Web,hash_902121,471,5,3,1.0,1.0,2.0,0.0,0.0,0.0,1.0,0.0,308.0,61.6,0.5854990453772144,1,2000000.0,normal
CR000138,CL00134,2025-03-05,Crédito consumo digital,2800000,12,0.0348,289000,App,777,0.1055,Automática,Finalizado,0,2023-05-07,Bogotá D.C.,Bogotá,41,F,3,Bachiller,Empleado,2740000.0,App orgánico,605.0,False,1,Android,hash_326377,668,3,2,0.0,2.0,1.0,1.0,0.0,0.0,0.0,0.0,453.0,113.25,0.2379182291773351,0,2740000.0,normal
CR000139,CL00135,2026-01-01,Crédito consumo digital,2250000,12,0.0206,214000,App,900,0.0575,Automática,Activo,0,2025-07-26,Tolima,Ibagué,27,M,3,Bachiller,Empleado,3720000.0,App orgánico,632.0,True,0,Android,hash_622904,159,1,3,0.0,1.0,1.0,0.0,0.0,3.0,0.0,0.0,885.0,177.0,0.22012099610272695,0,3720000.0,normal
CR000140,CL00137,2026-02-04,Microcrédito,2000000,12,0.0334,205000,App,658,0.1694,Automática,Activo,0,2025-07-22,Risaralda,Pereira,28,F,2,Universitario,Estudiante,1210000.0,Campaña digital,491.0,True,2,iOS,hash_449173,197,2,2,1.0,1.0,0.0,1.0,0.0,3.0,0.0,0.0,1021.0,170.16666666666666,0.4865438545329663,0,1210000.0,normal
CR000141,CL00138,2025-12-31,Crédito consumo digital,1600000,3,0.0322,568000,Web,900,0.1919,Automática,Finalizado,0,2025-08-01,Bogotá D.C.,Bogotá,33,M,2,Posgrado,Empleado,2960000.0,Aliado comercial,601.0,True,2,Web,hash_819132,152,12,2,0.0,3.0,4.0,0.0,0.0,2.0,1.0,1.0,2424.0,220.36363636363637,0.22867373513826944,0,2960000.0,normal
CR000142,CL00139,2023-09-06,Microcrédito,2250000,24,0.0297,132000,App,723,0.0545,Automática,Mora severa,1,2023-08-11,Antioquia,Medellín,44,F,3,Universitario,Empleado,2420000.0,Aliado comercial,565.0,True,4,Android,hash_977751,26,9,2,0.0,0.0,0.0,0.0,0.0,0.0,0.0,0.0,0.0,0.0,0.6884038983027776,1,2420000.0,normal
CR000143,CL00140,2024-04-21,Microcrédito,3500000,9,0.0434,478000,Aliado,806,0.1382,Automática,Finalizado,0,2023-07-31,Bogotá D.C.,Bogotá,24,No informa,4,Universitario,Pensionado,3460000.0,App orgánico,577.0,False,2,Android,hash_171916,265,4,6,1.0,1.0,1.0,1.0,0.0,0.0,0.0,0.0,942.0,235.5,0.45921891025294165,0,3460000.0,normal
CR000144,CL00140,2024-02-27,Avance de nómina,900000,6,0.0262,164000,Web,861,0.0474,Automática,Finalizado,0,2023-07-31,Bogotá D.C.,Bogotá,24,No informa,4,Universitario,Pensionado,3460000.0,App orgánico,577.0,False,2,Android,hash_171916,211,2,1,1.0,1.0,1.0,1.0,0.0,0.0,0.0,0.0,942.0,235.5,0.25492812779815655,0,3460000.0,normal
CR000145,CL00141,2025-08-27,Microcrédito,2000000,6,0.0406,382000,App,705,0.1882,Automática,Mora severa,1,2023-10-01,Bogotá D.C.,Bogotá,38,M,3,Universitario,Conductor/Repartidor,2030000.0,Referido,598.0,False,0,Android,hash_504911,696,8,2,0.0,0.0,1.0,0.0,0.0,1.0,0.0,1.0,570.0,190.0,0.6148090705315395,1,2030000.0,normal
CR000146,CL00142,2025-09-06,Microcrédito,10200000,12,0.0385,1078000,Web,900,0.1939,Automática,Activo,0,2024-12-02,Cundinamarca,Soacha,49,F,3,Técnico/Tecnólogo,Microempresario,5560000.0,App orgánico,781.0,False,0,Android,hash_594670,278,9,5,0.0,3.0,1.0,1.0,0.0,0.0,1.0,0.0,664.0,110.66666666666667,0.14791569321120893,0,5560000.0,normal
CR000147,CL00142,2025-10-04,Crédito consumo digital,3300000,18,0.0371,255000,Aliado,900,0.0459,Automática,Activo,0,2024-12-02,Cundinamarca,Soacha,49,F,3,Técnico/Tecnólogo,Microempresario,5560000.0,App orgánico,781.0,False,0,Android,hash_594670,306,10,5,0.0,3.0,1.0,2.0,0.0,0.0,1.0,0.0,897.0,128.14285714285714,0.09528134905341407,0,5560000.0,normal
CR000148,CL00144,2026-01-16,Crédito consumo digital,550000,24,0.023,30000,Call center,821,0.0101,Automática,Activo,0,2024-09-06,Caldas,Manizales,38,F,2,Bachiller,Empleado,2980000.0,App orgánico,481.0,False,0,Android,hash_655393,497,1,4,1.0,1.0,1.0,3.0,0.0,2.0,0.0,1.0,1034.0,114.88888888888889,0.3626387588939013,0,2980000.0,normal
CR000149,CL00145,2024-04-20,Crédito consumo digital,1350000,12,0.0291,135000,Web,834,0.0823,Automática,Mora severa,1,2023-12-26,Bogotá D.C.,Bogotá,39,M,3,Posgrado,Comerciante,1640000.0,Aliado comercial,465.0,False,0,Android,hash_807062,116,4,5,0.0,0.0,0.0,0.0,0.0,0.0,0.0,1.0,86.0,86.0,0.8288665112159574,1,1640000.0,normal
CR000150,CL00146,2024-07-13,Crédito consumo digital,1150000,12,0.0382,121000,App,829,0.042,Automática,Mora severa,1,2023-10-25,Bolívar,Cartagena,44,F,2,Bachiller,Independiente,2880000.0,Referido,589.0,True,0,iOS,hash_655839,262,7,5,0.0,1.0,1.0,0.0,0.0,0.0,0.0,0.0,257.0,128.5,0.6235878434111868,1,2880000.0,normal
CR000151,CL00146,2024-02-09,Crédito consumo digital,550000,9,0.0388,74000,App,874,0.0257,Automática,Mora severa,1,2023-10-25,Bolívar,Cartagena,44,F,2,Bachiller,Independiente,2880000.0,Referido,589.0,True,0,iOS,hash_655839,107,2,4,0.0,1.0,0.0,0.0,0.0,0.0,0.0,0.0,153.0,153.0,0.6309695090934561,1,2880000.0,normal
CR000152,CL00148,2025-04-25,Avance de nómina,1500000,12,0.0237,145000,App,776,0.0665,Automática,Mora moderada,1,2023-03-16,Bolívar,Cartagena,23,F,1,Universitario,Empleado,2180000.0,Campaña digital,502.0,False,3,iOS,hash_963413,771,4,4,0.0,1.0,4.0,0.0,0.0,1.0,0.0,0.0,785.0,130.83333333333334,0.6404453306513616,1,2180000.0,normal
CR000153,CL00149,2026-01-08,Microcrédito,1850000,3,0.031,655000,Web,831,0.1809,Automática,Finalizado,0,2024-06-18,Bogotá D.C.,Bogotá,41,F,3,Técnico/Tecnólogo,Microempresario,3620000.0,Call center,660.0,False,0,iOS,hash_617965,569,1,3,2.0,1.0,1.0,0.0,0.0,3.0,1.0,1.0,1124.0,124.88888888888889,0.2853152005157695,0,3620000.0,normal
CR000154,CL00150,2025-07-16,Microcrédito,3700000,6,0.0448,717000,App,874,0.1707,Automática,Finalizado,0,2025-10-30,Cundinamarca,Soacha,39,F,5,Bachiller,Empleado,4200000.0,App orgánico,634.0,False,1,Web,hash_118557,-106,7,2,0.0,0.0,0.0,0.0,0.0,0.0,0.0,0.0,0.0,0.0,0.30429007379895434,0,4200000.0,normal
CR000155,CL00151,2026-01-05,Microcrédito,3250000,6,0.0273,595000,Web,678,0.3814,Manual,Activo,0,2024-12-19,Valle del Cauca,Cali,39,M,1,Posgrado,Empleado,1560000.0,Aliado comercial,477.0,False,0,Android,hash_126081,382,1,0,0.0,1.0,1.0,1.0,0.0,1.0,0.0,0.0,638.0,159.5,0.5516116290492608,1,1560000.0,normal
CR000156,CL00152,2026-01-23,Avance de nómina,400000,6,0.0206,72000,App,819,0.0266,Automática,Activo,0,2025-07-26,Norte de Santander,Cúcuta,39,F,4,Universitario,Empleado,2710000.0,App orgánico,632.0,False,1,Android,hash_443003,181,1,4,1.0,2.0,3.0,1.0,1.0,0.0,1.0,0.0,1723.0,191.44444444444446,0.2186956141594254,0,2710000.0,normal
CR000157,CL00152,2025-05-08,Crédito consumo digital,1050000,12,0.0233,101000,App,900,0.0373,Automática,Activo,0,2025-07-26,Norte de Santander,Cúcuta,39,F,4,Universitario,Empleado,2710000.0,App orgánico,632.0,False,1,Android,hash_443003,-79,5,3,0.0,0.0,0.0,0.0,0.0,0.0,0.0,0.0,0.0,0.0,0.2784639113071318,0,2710000.0,normal
CR000158,CL00153,2025-10-18,Avance de nómina,250000,9,0.021,31000,Call center,808,0.0156,Automática,Activo,0,2023-10-30,Risaralda,Pereira,29,M,4,Universitario,Pensionado,1990000.0,Referido,526.0,False,2,Android,hash_871152,719,10,5,1.0,1.0,6.0,1.0,0.0,2.0,1.0,1.0,1707.0,131.30769230769232,0.4322178957302874,0,1990000.0,normal
CR000159,CL00153,2024-04-20,Crédito libre inversión,1500000,9,0.0239,187000,App,800,0.094,Automática,Mora moderada,1,2023-10-30,Risaralda,Pereira,29,M,4,Universitario,Pensionado,1990000.0,Referido,526.0,False,2,Android,hash_871152,173,4,5,0.0,0.0,0.0,0.0,0.0,0.0,1.0,0.0,270.0,270.0,0.649109584155112,1,1990000.0,normal
CR000160,CL00154,2025-08-09,Avance de nómina,450000,6,0.0291,83000,App,828,0.0324,Automática,Finalizado,0,2024-09-07,Valle del Cauca,Cali,38,F,3,Universitario,Microempresario,2560000.0,App orgánico,626.0,True,4,Android,hash_857582,336,8,5,0.0,2.0,4.0,0.0,3.0,1.0,2.0,1.0,2175.0,167.30769230769232,0.259525670565526,0,2560000.0,normal
CR000161,CL00154,2024-11-02,Crédito consumo digital,2000000,9,0.0243,250000,Aliado,826,0.0977,Automática,Finalizado,0,2024-09-07,Valle del Cauca,Cali,38,F,3,Universitario,Microempresario,2560000.0,App orgánico,626.0,True,4,Android,hash_857582,56,11,5,0.0,0.0,0.0,0.0,0.0,0.0,0.0,1.0,235.0,235.0,0.3266261251150193,0,2560000.0,normal
CR000162,CL00155,2025-11-22,Crédito libre inversión,3700000,12,0.0329,378000,App,750,0.1919,Automática,Activo,0,2025-07-20,Meta,Villavicencio,39,M,1,Técnico/Tecnólogo,Empleado,1970000.0,Aliado comercial,484.0,False,2,Android,hash_665148,125,11,5,1.0,3.0,1.0,0.0,0.0,2.0,0.0,0.0,741.0,105.85714285714286,0.6039577679365739,1,1970000.0,normal
CR000163,CL00155,2025-12-05,Crédito consumo digital,1000000,9,0.0241,125000,App,823,0.0635,Automática,Activo,0,2025-07-20,Meta,Villavicencio,39,M,1,Técnico/Tecnólogo,Empleado,1970000.0,Aliado comercial,484.0,False,2,Android,hash_665148,138,12,4,1.0,5.0,1.0,0.0,0.0,2.0,0.0,0.0,879.0,97.66666666666667,0.2471308977218302,0,1970000.0,normal
CR000164,CL00156,2026-02-15,Crédito consumo digital,2350000,12,0.03,236000,Web,888,0.0626,Automática,Activo,0,2024-05-14,Antioquia,Medellín,29,F,2,Técnico/Tecnólogo,Comerciante,3770000.0,Campaña digital,625.0,False,0,Android,hash_851331,642,2,6,0.0,0.0,8.0,0.0,0.0,0.0,0.0,1.0,817.0,90.77777777777777,0.3554515398549177,0,3770000.0,normal
CR000165,CL00158,2025-06-21,Crédito libre inversión,11500000,6,0.0297,2121000,Web,900,0.3754,Manual,Mora severa,1,2024-10-31,Bogotá D.C.,Bogotá,41,M,4,Posgrado,Empleado,5650000.0,Campaña digital,668.0,True,0,Android,hash_444407,233,6,5,0.0,1.0,1.0,0.0,0.0,0.0,1.0,0.0,654.0,218.0,0.5285509905376858,1,5650000.0,normal
CR000166,CL00159,2023-11-16,Avance de nómina,400000,3,0.022,139000,App,861,0.0891,Automática,Finalizado,0,2023-10-08,Bogotá D.C.,Bogotá,24,M,1,Bachiller,Empleado,1560000.0,Call center,506.0,True,2,Android,hash_964950,39,11,3,0.0,0.0,1.0,1.0,0.0,0.0,0.0,1.0,451.0,150.33333333333334,0.37992030364951607,0,1560000.0,normal
CR000167,CL00161,2025-11-12,Microcrédito,1400000,3,0.0289,494000,App,828,0.3088,Automática,Finalizado,0,2025-05-19,Atlántico,Barranquilla,26,M,2,Sin información,Empleado,1600000.0,Referido,531.0,False,4,Android,hash_249172,177,11,2,0.0,1.0,2.0,1.0,0.0,0.0,0.0,0.0,679.0,169.75,0.48544967496453334,0,1600000.0,normal
CR000168,CL00163,2025-11-04,Crédito libre inversión,4900000,6,0.0294,903000,Call center,834,0.2648,Automática,Finalizado,0,2024-10-14,Bolívar,Cartagena,48,F,4,Universitario,Microempresario,3410000.0,Referido,660.0,False,1,Android,hash_666605,386,11,1,0.0,0.0,2.0,0.0,0.0,0.0,2.0,2.0,956.0,159.33333333333334,0.300321823401903,0,3410000.0,normal
CR000169,CL00164,2025-07-13,Microcrédito,1950000,12,0.0364,203000,Aliado,900,0.0781,Automática,Activo,0,2023-06-03,Valle del Cauca,Cali,28,M,2,Universitario,Empleado,2600000.0,Call center,659.0,False,1,iOS,hash_731339,771,7,6,0.0,2.0,3.0,1.0,1.0,1.0,0.0,0.0,1341.0,167.625,0.21995457244688765,0,2600000.0,normal
CR000170,CL00165,2024-06-06,Microcrédito,2200000,3,0.0274,774000,App,899,0.2538,Automática,Finalizado,0,2023-05-01,Valle del Cauca,Cali,46,F,3,Bachiller,Comerciante,3050000.0,Referido,738.0,False,1,Android,hash_663329,402,6,3,0.0,2.0,1.0,2.0,1.0,2.0,0.0,0.0,2122.0,265.25,0.11044836263465102,0,3050000.0,normal
CR000171,CL00165,2024-12-01,Crédito consumo digital,1450000,18,0.0389,113000,App,900,0.037,Automática,Activo,0,2023-05-01,Valle del Cauca,Cali,46,F,3,Bachiller,Comerciante,3050000.0,Referido,738.0,False,1,Android,hash_663329,580,12,6,0.0,3.0,2.0,2.0,1.0,2.0,0.0,0.0,2272.0,227.2,0.15622909567880067,0,3050000.0,normal
CR000172,CL00166,2026-02-17,Crédito consumo digital,1400000,3,0.0329,498000,App,900,0.1586,Automática,Activo,0,2025-11-04,Bogotá D.C.,Bogotá,40,M,3,Técnico/Tecnólogo,Conductor/Repartidor,3140000.0,Campaña digital,622.0,True,3,Android,hash_985259,105,2,1,0.0,2.0,1.0,1.0,0.0,0.0,0.0,0.0,681.0,170.25,0.326066277673769,0,3140000.0,normal
CR000173,CL00167,2024-09-01,Microcrédito,1950000,3,0.0351,696000,Aliado,746,0.2559,Automática,Finalizado,0,2023-03-15,Cundinamarca,Soacha,44,F,2,Posgrado,Comerciante,2720000.0,App orgánico,517.0,False,3,Android,hash_833375,536,9,6,1.0,2.0,1.0,1.0,0.0,0.0,0.0,1.0,643.0,107.16666666666667,0.44528200888574737,0,2720000.0,normal
CR000174,CL00167,2023-05-29,Crédito consumo digital,850000,9,0.0291,109000,Aliado,765,0.0401,Automática,Mora moderada,1,2023-03-15,Cundinamarca,Soacha,44,F,2,Posgrado,Comerciante,2720000.0,App orgánico,517.0,False,3,Android,hash_833375,75,5,0,0.0,1.0,0.0,0.0,0.0,0.0,0.0,0.0,84.0,84.0,0.7035548844818239,1,2720000.0,normal
CR000175,CL00168,2024-04-25,Crédito consumo digital,1400000,6,0.0324,261000,Call center,900,0.0942,Automática,Finalizado,0,2023-10-04,Cundinamarca,Soacha,55,F,4,Técnico/Tecnólogo,Conductor/Repartidor,2770000.0,Aliado comercial,512.0,False,1,Web,hash_129709,204,4,3,0.0,0.0,1.0,1.0,0.0,0.0,0.0,0.0,306.0,153.0,0.5863298577259175,1,2770000.0,normal
CR000176,CL00169,2025-01-24,Avance de nómina,550000,6,0.0195,98000,Aliado,860,0.0274,Automática,Finalizado,0,2023-06-03,Santander,Bucaramanga,34,F,1,Técnico/Tecnólogo,Empleado,3580000.0,Campaña digital,601.0,False,0,Android,hash_128885,601,1,4,2.0,4.0,1.0,0.0,1.0,0.0,0.0,1.0,1410.0,156.66666666666666,0.08647281301231392,0,3580000.0,normal
CR000177,CL00170,2024-10-14,Crédito libre inversión,3100000,6,0.0198,553000,App,793,0.2333,Automática,Finalizado,0,2023-12-09,Norte de Santander,Cúcuta,28,F,1,Universitario,Comerciante,2370000.0,Campaña digital,498.0,False,1,Android,hash_700699,310,10,0,1.0,1.0,1.0,0.0,0.0,0.0,0.0,1.0,326.0,81.5,0.7857824918761829,1,2370000.0,normal
CR000178,CL00172,2025-10-24,Avance de nómina,1650000,6,0.0319,306000,Aliado,873,0.0789,Automática,Finalizado,0,2025-01-08,Bolívar,Cartagena,28,F,3,Universitario,Empleado,3880000.0,App orgánico,616.0,True,2,Android,hash_771813,289,10,4,0.0,3.0,2.0,1.0,0.0,1.0,0.0,1.0,1214.0,151.75,0.20946653215267574,0,3880000.0,normal
CR000179,CL00173,2025-03-25,Crédito consumo digital,1700000,6,0.0298,314000,Call center,896,0.1303,Automática,Finalizado,0,2023-10-19,Atlántico,Barranquilla,35,F,3,Posgrado,Empleado,2410000.0,App orgánico,585.0,True,2,Android,hash_734649,523,3,1,0.0,1.0,2.0,1.0,0.0,1.0,0.0,0.0,376.0,75.2,0.3514927153102978,0,2410000.0,normal
CR000180,CL00173,2023-11-06,Microcrédito,1550000,6,0.0361,292000,Web,762,0.1212,Automática,Finalizado,0,2023-10-19,Atlántico,Barranquilla,35,F,3,Posgrado,Empleado,2410000.0,App orgánico,585.0,True,2,Android,hash_734649,18,11,0,0.0,0.0,0.0,0.0,0.0,0.0,0.0,0.0,0.0,0.0,0.5502680455603234,1,2410000.0,normal
CR000181,CL00174,2024-09-03,Crédito consumo digital,650000,3,0.0223,226000,App,761,0.1412,Automática,Finalizado,0,2024-06-24,Valle del Cauca,Cali,39,M,2,Sin información,Microempresario,1600000.0,App orgánico,487.0,True,1,Android,hash_972882,71,9,1,0.0,0.0,1.0,0.0,0.0,0.0,0.0,0.0,108.0,108.0,0.5472802159596853,1,1600000.0,normal
CR000182,CL00175,2026-01-15,Crédito libre inversión,1350000,3,0.0273,475000,App,758,0.2411,Automática,Activo,0,2025-03-18,Atlántico,Barranquilla,39,F,2,Universitario,Comerciante,1970000.0,Call center,539.0,False,3,Android,hash_882119,303,1,3,0.0,1.0,3.0,2.0,0.0,2.0,0.0,0.0,747.0,93.375,0.393376871932369,0,1970000.0,normal
CR000183,CL00176,2025-05-19,Crédito consumo digital,1350000,12,0.0314,137000,App,900,0.0521,Automática,Activo,0,2023-10-11,Valle del Cauca,Cali,44,F,3,Técnico/Tecnólogo,Microempresario,2630000.0,App orgánico,580.0,True,1,Android,hash_783189,586,5,0,0.0,0.0,2.0,0.0,0.0,1.0,0.0,0.0,416.0,138.66666666666666,0.45449879386778924,0,2630000.0,normal
CR000184,CL00178,2024-09-05,Avance de nómina,1300000,24,0.0318,78000,App,831,0.0263,Automática,Activo,0,2023-11-30,Cundinamarca,Soacha,51,M,1,Universitario,Empleado,2970000.0,Aliado comercial,638.0,False,0,Android,hash_678921,280,9,3,0.0,0.0,1.0,0.0,0.0,2.0,0.0,0.0,591.0,197.0,0.19315263710878902,0,2970000.0,normal
CR000185,CL00180,2025-10-26,Crédito libre inversión,2350000,6,0.0182,417000,Web,875,0.1404,Automática,Finalizado,0,2025-05-11,Antioquia,Medellín,63,F,2,Técnico/Tecnólogo,Microempresario,2970000.0,App orgánico,665.0,True,1,iOS,hash_286720,168,10,6,0.0,0.0,0.0,0.0,0.0,1.0,0.0,1.0,344.0,172.0,0.23578798971980927,0,2970000.0,normal
CR000186,CL00181,2025-11-28,Crédito libre inversión,4400000,12,0.0203,417000,Aliado,900,0.086,Automática,Activo,0,2025-07-08,Bogotá D.C.,Bogotá,42,M,5,Bachiller,Independiente,4850000.0,Referido,691.0,False,2,Android,hash_862277,143,11,4,0.0,0.0,1.0,2.0,0.0,2.0,0.0,0.0,831.0,166.2,0.4114521534163771,0,4850000.0,normal
CR000187,CL00182,2024-10-29,Crédito consumo digital,7650000,3,0.0271,2689000,Web,787,0.693,Excepción,Mora moderada,1,2024-03-14,Bogotá D.C.,Bogotá,27,F,3,Técnico/Tecnólogo,Empleado,3880000.0,App orgánico,594.0,True,4,iOS,hash_604655,229,10,1,0.0,0.0,0.0,1.0,0.0,0.0,0.0,0.0,132.0,132.0,0.7627551698498007,1,3880000.0,normal
CR000188,CL00183,2025-11-11,Crédito consumo digital,400000,12,0.0246,39000,App,804,0.0639,Automática,Activo,0,2024-06-27,Bolívar,Cartagena,25,M,2,Universitario,Desempleado,610000.0,Campaña digital,526.0,False,0,Android,hash_345160,502,11,1,1.0,3.0,3.0,4.0,1.0,1.0,1.0,0.0,1468.0,104.85714285714286,0.49429926306706157,0,610000.0,normal
CR000189,CL00183,2025-03-17,Microcrédito,1050000,12,0.0308,106000,Web,673,0.1738,Automática,Mora moderada,1,2024-06-27,Bolívar,Cartagena,25,M,2,Universitario,Desempleado,610000.0,Campaña digital,526.0,False,0,Android,hash_345160,263,3,0,0.0,2.0,2.0,1.0,0.0,0.0,0.0,0.0,641.0,128.2,0.5577076704976137,1,610000.0,normal
CR000190,CL00183,2025-05-22,Crédito consumo digital,250000,9,0.0342,33000,App,786,0.0541,Automática,Finalizado,0,2024-06-27,Bolívar,Cartagena,25,M,2,Universitario,Desempleado,610000.0,Campaña digital,526.0,False,0,Android,hash_345160,329,5,3,1.0,2.0,2.0,3.0,1.0,1.0,1.0,0.0,1214.0,110.36363636363636,0.5606009150894029,1,610000.0,normal
CR000191,CL00184,2024-05-09,Avance de nómina,650000,12,0.0262,64000,Web,728,0.0322,Automática,Finalizado,0,2023-09-10,Bogotá D.C.,Bogotá,41,F,2,Técnico/Tecnólogo,Empleado,1990000.0,App orgánico,493.0,False,3,Android,hash_751824,242,5,3,0.0,1.0,0.0,0.0,0.0,0.0,0.0,0.0,157.0,157.0,0.7062208408297197,1,1990000.0,normal
CR000192,CL00185,2026-01-11,Crédito libre inversión,2400000,6,0.0306,444000,App,826,0.1362,Automática,Activo,0,2025-06-20,Antioquia,Medellín,34,F,1,Universitario,Microempresario,3260000.0,Campaña digital,493.0,True,1,Web,hash_453330,205,1,6,0.0,1.0,3.0,1.0,0.0,0.0,0.0,0.0,786.0,157.2,0.47959508728775263,0,3260000.0,normal
CR000193,CL00186,2025-01-26,Crédito consumo digital,1400000,18,0.025,98000,Call center,900,0.0222,Automática,Mora severa,1,2023-07-25,Valle del Cauca,Cali,43,F,3,Sin información,Microempresario,4410000.0,App orgánico,555.0,False,2,Android,hash_596753,551,1,6,0.0,1.0,2.0,1.0,0.0,0.0,0.0,1.0,591.0,118.2,0.49379112653502033,0,4410000.0,normal
CR000194,CL00186,2024-05-04,Crédito consumo digital,4550000,6,0.0246,825000,App,836,0.1871,Automática,Finalizado,0,2023-07-25,Valle del Cauca,Cali,43,F,3,Sin información,Microempresario,4410000.0,App orgánico,555.0,False,2,Android,hash_596753,284,5,5,0.0,1.0,0.0,1.0,0.0,0.0,0.0,1.0,340.0,113.33333333333333,0.5580606926400009,1,4410000.0,normal
CR000195,CL00188,2025-02-25,Crédito consumo digital,1450000,3,0.0291,512000,App,900,0.2107,Automática,Finalizado,0,2024-11-27,Valle del Cauca,Cali,35,F,3,Universitario,Microempresario,2430000.0,Referido,615.0,True,0,Android,hash_139236,90,2,1,0.0,0.0,1.0,0.0,0.0,0.0,0.0,0.0,134.0,134.0,0.3714293403988877,0,2430000.0,normal
CR000196,CL00189,2024-03-24,Avance de nómina,900000,3,0.0312,319000,App,768,0.1498,Automática,Mora moderada,1,2024-03-01,Bogotá D.C.,Bogotá,28,M,2,Bachiller,Independiente,2130000.0,Call center,507.0,False,2,Android,hash_887600,23,3,6,0.0,0.0,0.0,0.0,0.0,0.0,0.0,0.0,0.0,0.0,0.5505330277739833,1,2130000.0,normal
CR000197,CL00190,2025-05-28,Crédito libre inversión,2150000,12,0.0269,212000,Call center,854,0.1065,Automática,Activo,0,2025-08-27,Risaralda,Pereira,21,M,3,Bachiller,Empleado,1990000.0,Aliado comercial,659.0,False,1,Android,hash_859161,-91,5,2,0.0,0.0,0.0,0.0,0.0,0.0,0.0,0.0,0.0,0.0,0.48869829920886454,0,1990000.0,normal
CR000198,CL00190,2025-09-21,Microcrédito,3100000,6,0.0433,598000,Aliado,868,0.3005,Automática,Mora moderada,1,2025-08-27,Risaralda,Pereira,21,M,3,Bachiller,Empleado,1990000.0,Aliado comercial,659.0,False,1,Android,hash_859161,25,9,6,0.0,0.0,0.0,0.0,0.0,0.0,0.0,0.0,0.0,0.0,0.4872201004987992,0,1990000.0,normal
CR000199,CL00191,2025-11-06,Crédito libre inversión,3350000,12,0.022,321000,App,849,0.1249,Automática,Activo,0,2025-10-21,Bogotá D.C.,Bogotá,32,M,4,Sin información,Independiente,2570000.0,Campaña digital,691.0,False,0,Web,hash_445876,16,11,3,0.0,0.0,0.0,0.0,0.0,0.0,0.0,0.0,0.0,0.0,0.4949775050426939,0,2570000.0,normal
CR000200,CL00192,2024-06-18,Crédito consumo digital,700000,3,0.0331,249000,Web,839,0.0886,Automática,Mora moderada,1,2024-01-07,Atlántico,Barranquilla,45,F,2,Universitario,Empleado,2810000.0,Referido,571.0,True,0,Android,hash_325121,163,6,1,0.0,0.0,0.0,0.0,0.0,0.0,0.0,0.0,0.0,0.0,0.49693414729569013,0,2810000.0,normal
CR000201,CL00193,2025-11-07,Crédito libre inversión,3250000,6,0.0284,597000,App,682,0.4489,Manual,Mora severa,1,2025-07-04,Antioquia,Medellín,38,F,5,Universitario,Desempleado,1330000.0,Call center,450.0,True,0,Web,hash_901555,126,11,4,0.0,1.0,0.0,0.0,0.0,0.0,0.0,1.0,446.0,223.0,0.8276389769248763,1,1330000.0,normal
CR000202,CL00194,2025-12-13,Crédito libre inversión,13800000,9,0.0244,1726000,App,900,0.3736,Manual,Activo,0,2023-10-07,Risaralda,Pereira,24,No informa,3,Bachiller,Empleado,4620000.0,Campaña digital,692.0,False,1,Android,hash_794245,798,12,5,1.0,2.0,5.0,1.0,0.0,1.0,0.0,1.0,1608.0,146.1818181818182,0.3637028005929739,0,4620000.0,normal
CR000203,CL00194,2025-09-11,Crédito consumo digital,1700000,9,0.0277,216000,App,858,0.0468,Automática,Activo,0,2023-10-07,Risaralda,Pereira,24,No informa,3,Bachiller,Empleado,4620000.0,Campaña digital,692.0,False,1,Android,hash_794245,705,9,3,0.0,2.0,4.0,1.0,0.0,1.0,0.0,1.0,1137.0,126.33333333333333,0.1945824290458651,0,4620000.0,normal
CR000204,CL00195,2025-06-07,Microcrédito,6950000,3,0.0341,2477000,App,809,0.7097,Excepción,Finalizado,0,2026-01-07,Bogotá D.C.,Bogotá,38,F,4,Bachiller,Empleado,3490000.0,Campaña digital,643.0,True,3,iOS,hash_250862,-214,6,5,0.0,0.0,0.0,0.0,0.0,0.0,0.0,0.0,0.0,0.0,0.6187201740694191,1,3490000.0,normal
CR000205,CL00196,2024-08-04,Crédito consumo digital,1650000,12,0.0225,158000,App,770,0.0656,Automática,Mora moderada,1,2023-11-18,Bogotá D.C.,Bogotá,40,F,1,Universitario,Empleado,2410000.0,App orgánico,450.0,True,1,Android,hash_331226,260,8,6,0.0,0.0,3.0,1.0,0.0,0.0,0.0,0.0,961.0,240.25,0.5421854044454701,1,2410000.0,normal
CR000206,CL00197,2024-02-28,Crédito consumo digital,2150000,12,0.0341,221000,App,900,0.05,Automática,Finalizado,0,2023-05-08,Bogotá D.C.,Bogotá,27,F,3,Técnico/Tecnólogo,Empleado,4420000.0,Call center,716.0,False,1,Android,hash_245338,296,2,2,0.0,2.0,2.0,2.0,0.0,1.0,0.0,0.0,1177.0,168.14285714285714,0.1417539759937659,0,4420000.0,normal
CR000207,CL00198,2024-03-30,Crédito consumo digital,800000,3,0.0253,280000,App,792,0.1167,Automática,Finalizado,0,2023-03-30,Antioquia,Medellín,38,M,2,Técnico/Tecnólogo,Microempresario,2400000.0,Aliado comercial,511.0,True,0,Android,hash_727503,366,3,5,0.0,0.0,3.0,2.0,0.0,0.0,0.0,0.0,1216.0,243.2,0.21936751951079742,0,2400000.0,normal
CR000208,CL00199,2026-03-19,Crédito libre inversión,1650000,12,0.0238,160000,Web,576,0.1231,Manual,Activo,0,2025-09-03,Bolívar,Cartagena,37,M,1,Universitario,Empleado,1300000.0,App orgánico,588.0,False,1,iOS,hash_254062,197,3,3,0.0,0.0,0.0,0.0,0.0,2.0,0.0,0.0,361.0,180.5,0.4109939370181917,0,1300000.0,normal
CR000209,CL00200,2025-11-17,Avance de nómina,250000,18,0.0293,18000,App,759,0.0178,Automática,Activo,0,2024-09-05,Atlántico,Barranquilla,25,M,2,Bachiller,Desempleado,1010000.0,Campaña digital,518.0,False,0,Android,hash_865710,438,11,0,1.0,3.0,0.0,3.0,1.0,2.0,0.0,2.0,2095.0,174.58333333333334,0.5550406475301733,1,1010000.0,normal
CR000210,CL00200,2025-12-19,Crédito libre inversión,250000,12,0.0216,24000,App,713,0.0238,Automática,Activo,0,2024-09-05,Atlántico,Barranquilla,25,M,2,Bachiller,Desempleado,1010000.0,Campaña digital,518.0,False,0,Android,hash_865710,470,12,4,1.0,3.0,1.0,3.0,1.0,2.0,0.0,2.0,2206.0,169.69230769230768,0.5607717717540445,1,1010000.0,normal
CR000211,CL00200,2024-11-13,Crédito libre inversión,1000000,6,0.0329,186000,Web,836,0.1842,Automática,Finalizado,0,2024-09-05,Atlántico,Barranquilla,25,M,2,Bachiller,Desempleado,1010000.0,Campaña digital,518.0,False,0,Android,hash_865710,69,11,2,0.0,1.0,0.0,1.0,0.0,0.0,0.0,0.0,340.0,170.0,0.7158842712247732,1,1010000.0,normal
CR000212,CL00202,2025-11-24,Crédito libre inversión,5000000,12,0.0327,511000,Web,831,0.212,Automática,Activo,0,2025-08-22,Bolívar,Cartagena,42,M,4,Universitario,Empleado,2410000.0,App orgánico,624.0,True,0,Android,hash_385291,94,11,0,0.0,1.0,0.0,1.0,0.0,2.0,0.0,0.0,374.0,93.5,0.43686431618648514,0,2410000.0,normal
CR000213,CL00203,2025-04-12,Crédito consumo digital,1400000,12,0.0234,135000,Aliado,900,0.0458,Automática,Finalizado,0,2023-12-13,Antioquia,Medellín,47,F,4,Técnico/Tecnólogo,Empleado,2950000.0,Referido,613.0,False,2,Android,hash_840174,486,4,5,0.0,1.0,2.0,1.0,0.0,2.0,0.0,0.0,1061.0,176.83333333333334,0.30022475173736773,0,2950000.0,normal
CR000214,CL00204,2025-03-27,Crédito libre inversión,23300000,6,0.0239,4214000,App,900,0.548,Manual,Finalizado,0,2023-05-27,Cundinamarca,Soacha,47,F,6,Universitario,Microempresario,7690000.0,Campaña digital,850.0,True,1,Android,hash_306717,670,3,3,0.0,2.0,2.0,0.0,0.0,3.0,0.0,1.0,1733.0,216.625,0.2422972439250963,0,7082400.000000003,outlier_real
CR000215,CL00205,2024-08-26,Microcrédito,2900000,9,0.0278,369000,App,822,0.1597,Automática,Finalizado,0,2023-10-05,Norte de Santander,Cúcuta,22,F,3,Sin información,Comerciante,2310000.0,App orgánico,557.0,False,0,Android,hash_204843,326,8,0,0.0,3.0,0.0,0.0,0.0,0.0,0.0,0.0,441.0,147.0,0.6591667913854562,1,2310000.0,normal
CR000216,CL00205,2024-04-11,Crédito consumo digital,550000,6,0.0288,101000,Aliado,900,0.0437,Automática,Finalizado,0,2023-10-05,Norte de Santander,Cúcuta,22,F,3,Sin información,Comerciante,2310000.0,App orgánico,557.0,False,0,Android,hash_204843,189,4,3,0.0,1.0,0.0,0.0,0.0,0.0,0.0,0.0,36.0,36.0,0.5666280822900891,1,2310000.0,normal
CR000217,CL00206,2023-06-10,Crédito consumo digital,950000,6,0.0351,178000,App,888,0.0886,Automática,Finalizado,0,2023-01-23,Bogotá D.C.,Bogotá,27,F,4,Posgrado,Pensionado,2010000.0,Campaña digital,590.0,False,0,Android,hash_648912,138,6,5,0.0,0.0,0.0,0.0,0.0,0.0,0.0,0.0,0.0,0.0,0.49400970139648026,0,2010000.0,normal
CR000218,CL00207,2025-09-23,Crédito libre inversión,3350000,12,0.0244,325000,App,853,0.1236,Automática,Activo,0,2025-01-13,Santander,Bucaramanga,41,M,3,Técnico/Tecnólogo,Independiente,2630000.0,App orgánico,582.0,True,1,Web,hash_583414,253,9,1,1.0,1.0,4.0,1.0,1.0,1.0,0.0,1.0,1289.0,128.9,0.4553480937465635,0,2630000.0,normal
CR000219,CL00207,2025-03-23,Crédito libre inversión,4500000,6,0.0282,826000,App,868,0.3141,Automática,Finalizado,0,2025-01-13,Santander,Bucaramanga,41,M,3,Técnico/Tecnólogo,Independiente,2630000.0,App orgánico,582.0,True,1,Web,hash_583414,69,3,6,0.0,1.0,0.0,0.0,0.0,0.0,0.0,0.0,99.0,99.0,0.5388786470445369,1,2630000.0,normal
CR000220,CL00208,2026-01-03,Crédito libre inversión,3500000,12,0.0274,346000,Web,816,0.1485,Automática,Mora moderada,1,2024-03-11,Bogotá D.C.,Bogotá,41,F,1,Sin información,Empleado,2330000.0,Referido,622.0,True,2,Android,hash_398845,663,1,5,0.0,1.0,2.0,0.0,0.0,0.0,0.0,0.0,552.0,184.0,0.4489231192295611,0,2330000.0,normal
CR000221,CL00209,2024-08-23,Microcrédito,5000000,24,0.0346,310000,App,900,0.1319,Automática,Mora moderada,1,2024-07-20,Bogotá D.C.,Bogotá,41,F,2,Universitario,Empleado,2350000.0,Call center,549.0,False,1,Android,hash_944124,34,8,4,0.0,0.0,1.0,0.0,0.0,0.0,0.0,0.0,126.0,126.0,0.6595048225458544,1,2350000.0,normal
CR000222,CL00210,2026-01-25,Crédito libre inversión,7300000,3,0.0226,2544000,Web,900,0.4855,Manual,Finalizado,0,2025-12-23,Cundinamarca,Soacha,68,M,3,Bachiller,Empleado,5240000.0,Campaña digital,736.0,False,3,Web,hash_168653,33,1,6,1.0,1.0,1.0,1.0,0.0,0.0,0.0,0.0,839.0,209.75,0.12212002447509596,0,5240000.0,normal
CR000223,CL00210,2026-01-20,Crédito libre inversión,5800000,3,0.0336,2065000,App,888,0.3941,Manual,Finalizado,0,2025-12-23,Cundinamarca,Soacha,68,M,3,Bachiller,Empleado,5240000.0,Campaña digital,736.0,False,3,Web,hash_168653,28,1,1,0.0,1.0,1.0,1.0,0.0,0.0,0.0,0.0,543.0,181.0,0.14759798870474003,0,5240000.0,normal
CR000224,CL00211,2025-11-10,Crédito consumo digital,1550000,6,0.0303,286000,Call center,861,0.0897,Automática,Activo,0,2024-03-21,Bogotá D.C.,Bogotá,42,F,3,Universitario,Empleado,3190000.0,Campaña digital,688.0,False,0,Android,hash_227101,599,11,0,0.0,1.0,1.0,2.0,0.0,1.0,0.0,0.0,949.0,189.8,0.3363805094450178,0,3190000.0,normal
CR000225,CL00212,2025-08-05,Crédito consumo digital,400000,12,0.0358,42000,App,746,0.0333,Automática,Mora moderada,1,2025-07-16,Santander,Bucaramanga,47,M,1,Bachiller,Independiente,1260000.0,Referido,392.0,False,1,iOS,hash_477218,20,8,1,0.0,0.0,1.0,0.0,0.0,0.0,0.0,0.0,25.0,25.0,0.8109650505402614,1,1260000.0,normal
CR000226,CL00212,2026-02-16,Crédito libre inversión,1000000,3,0.0274,352000,App,721,0.2794,Automática,Activo,0,2025-07-16,Santander,Bucaramanga,47,M,1,Bachiller,Independiente,1260000.0,Referido,392.0,False,1,iOS,hash_477218,215,2,0,1.0,2.0,5.0,1.0,1.0,0.0,2.0,1.0,2230.0,171.53846153846155,0.3473185718876072,0,1260000.0,normal
CR000227,CL00214,2025-08-25,Microcrédito,2250000,6,0.0424,433000,Call center,874,0.1575,Automática,Finalizado,0,2025-01-28,Norte de Santander,Cúcuta,43,M,3,Posgrado,Independiente,2750000.0,App orgánico,577.0,False,0,Android,hash_916117,209,8,0,0.0,2.0,2.0,2.0,0.0,1.0,2.0,0.0,1291.0,143.44444444444446,0.4578326118195837,0,2750000.0,normal
CR000228,CL00214,2025-03-13,Crédito consumo digital,2350000,6,0.0236,425000,Aliado,860,0.1545,Automática,Mora moderada,1,2025-01-28,Norte de Santander,Cúcuta,43,M,3,Posgrado,Independiente,2750000.0,App orgánico,577.0,False,0,Android,hash_916117,44,3,3,0.0,0.0,0.0,1.0,0.0,0.0,1.0,0.0,293.0,146.5,0.6177957025608556,1,2750000.0,normal
CR000229,CL00215,2025-11-21,Crédito consumo digital,500000,9,0.0222,62000,App,794,0.0405,Automática,Activo,0,2024-05-26,Cundinamarca,Soacha,33,M,1,Bachiller,Conductor/Repartidor,1530000.0,Campaña digital,543.0,False,0,Android,hash_114260,544,11,4,1.0,3.0,2.0,1.0,1.0,4.0,1.0,0.0,1764.0,135.69230769230768,0.4051248507150029,0,1530000.0,normal
CR000230,CL00215,2026-02-06,Crédito consumo digital,550000,3,0.0384,198000,Web,780,0.1294,Automática,Activo,0,2024-05-26,Cundinamarca,Soacha,33,M,1,Bachiller,Conductor/Repartidor,1530000.0,Campaña digital,543.0,False,0,Android,hash_114260,621,2,4,1.0,3.0,3.0,1.0,1.0,4.0,1.0,0.0,2035.0,145.35714285714286,0.28029510621101283,0,1530000.0,normal
CR000231,CL00216,2025-08-13,Crédito consumo digital,800000,6,0.0374,151000,App,800,0.0786,Automática,Mora moderada,1,2024-11-15,Antioquia,Medellín,44,M,2,Universitario,Pensionado,1920000.0,Referido,505.0,False,1,Android,hash_380092,271,8,2,0.0,1.0,0.0,1.0,0.0,0.0,0.0,0.0,289.0,144.5,0.6342027687450037,1,1920000.0,normal
CR000232,CL00217,2024-02-24,Microcrédito,2650000,12,0.0332,271000,Aliado,844,0.0695,Automática,Mora moderada,1,2023-02-20,Bolívar,Cartagena,28,F,3,Bachiller,Comerciante,3900000.0,App orgánico,683.0,False,3,Web,hash_844265,369,2,5,1.0,0.0,2.0,0.0,0.0,0.0,0.0,0.0,338.0,112.66666666666667,0.4647779752157727,0,3900000.0,normal
CR000233,CL00217,2024-02-07,Crédito libre inversión,7700000,18,0.0288,554000,Aliado,900,0.1421,Automática,Finalizado,0,2023-02-20,Bolívar,Cartagena,28,F,3,Bachiller,Comerciante,3900000.0,App orgánico,683.0,False,3,Web,hash_844265,352,2,2,1.0,0.0,2.0,0.0,0.0,0.0,0.0,0.0,338.0,112.66666666666667,0.45048398088027397,0,3900000.0,normal
CR000234,CL00218,2024-10-05,Avance de nómina,250000,3,0.0307,88000,App,783,0.0579,Automática,Finalizado,0,2024-07-05,Valle del Cauca,Cali,34,M,2,Universitario,Empleado,1520000.0,Aliado comercial,595.0,True,2,iOS,hash_109583,92,10,5,0.0,0.0,0.0,0.0,0.0,0.0,0.0,0.0,0.0,0.0,0.5037954934480732,1,1520000.0,normal
CR000235,CL00219,2023-11-06,Crédito libre inversión,5300000,24,0.031,316000,App,842,0.0806,Automática,Mora severa,1,2023-10-21,Antioquia,Medellín,31,F,3,Bachiller,Empleado,3920000.0,Campaña digital,600.0,False,0,Android,hash_906434,16,11,0,0.0,0.0,0.0,0.0,0.0,0.0,0.0,0.0,0.0,0.0,0.5808034401761603,1,3920000.0,normal
CR000236,CL00220,2024-01-20,Crédito consumo digital,1550000,9,0.0244,194000,Aliado,835,0.0956,Automática,Finalizado,0,2023-07-24,Caldas,Manizales,37,M,2,Técnico/Tecnólogo,Empleado,2030000.0,Aliado comercial,611.0,False,3,Web,hash_688172,180,1,5,0.0,0.0,1.0,1.0,0.0,1.0,0.0,0.0,327.0,109.0,0.3616560100728989,0,2030000.0,normal
CR000237,CL00221,2025-12-28,Crédito consumo digital,3950000,6,0.0224,711000,App,855,0.1943,Automática,Activo,0,2025-03-12,Caldas,Manizales,59,F,2,Bachiller,Empleado,3660000.0,Aliado comercial,551.0,True,3,Android,hash_777758,291,12,6,0.0,2.0,2.0,1.0,1.0,1.0,0.0,2.0,797.0,88.55555555555556,0.36253612420529924,0,3660000.0,normal
CR000238,CL00221,2026-02-02,Crédito consumo digital,1200000,6,0.0357,226000,App,878,0.0617,Automática,Activo,0,2025-03-12,Caldas,Manizales,59,F,2,Bachiller,Empleado,3660000.0,Aliado comercial,551.0,True,3,Android,hash_777758,327,2,0,0.0,2.0,2.0,1.0,1.0,2.0,0.0,2.0,1109.0,110.9,0.2224804034167801,0,3660000.0,normal
CR000239,CL00222,2023-11-04,Avance de nómina,650000,9,0.0214,80000,App,768,0.0964,Automática,Mora severa,1,2023-04-02,Bogotá D.C.,Bogotá,19,F,3,Bachiller,Desempleado,830000.0,Aliado comercial,487.0,False,1,Android,hash_430322,216,11,5,0.0,0.0,0.0,1.0,0.0,0.0,0.0,0.0,199.0,199.0,0.8610878395750494,1,830000.0,normal
CR000240,CL00223,2025-11-19,Crédito consumo digital,1050000,6,0.0347,197000,Call center,726,0.1296,Automática,Activo,0,2025-07-24,Risaralda,Pereira,43,M,1,Bachiller,Empleado,1520000.0,App orgánico,571.0,True,0,Android,hash_724705,118,11,2,0.0,0.0,0.0,0.0,0.0,0.0,0.0,0.0,0.0,0.0,0.5475640513154774,1,1520000.0,normal
CR000241,CL00224,2024-07-11,Microcrédito,4450000,6,0.0427,856000,Aliado,798,0.265,Automática,Finalizado,0,2024-03-21,Santander,Bucaramanga,20,F,3,Técnico/Tecnólogo,Conductor/Repartidor,3230000.0,Referido,541.0,True,0,Android,hash_550400,112,7,3,0.0,2.0,2.0,1.0,0.0,0.0,0.0,0.0,780.0,156.0,0.6861659186673165,1,3230000.0,normal
CR000242,CL00224,2025-08-06,Microcrédito,3550000,18,0.0305,259000,App,847,0.0802,Automática,Mora moderada,1,2024-03-21,Santander,Bucaramanga,20,F,3,Técnico/Tecnólogo,Conductor/Repartidor,3230000.0,Referido,541.0,True,0,Android,hash_550400,503,8,2,0.0,4.0,3.0,1.0,0.0,1.0,1.0,0.0,1546.0,154.6,0.7407532465125909,1,3230000.0,normal
CR000243,CL00225,2026-02-01,Crédito consumo digital,2050000,9,0.0367,272000,Aliado,824,0.147,Automática,Activo,0,2025-06-24,Caldas,Manizales,31,M,2,Universitario,Conductor/Repartidor,1850000.0,Referido,511.0,False,0,Android,hash_914468,222,2,6,0.0,0.0,2.0,0.0,0.0,1.0,0.0,0.0,752.0,250.66666666666666,0.47051399388026566,0,1850000.0,normal
CR000244,CL00226,2025-08-22,Crédito libre inversión,5150000,24,0.0237,284000,Web,900,0.0973,Automática,Activo,0,2023-07-07,Risaralda,Pereira,47,F,5,Posgrado,Pensionado,2920000.0,App orgánico,650.0,True,0,Android,hash_303141,777,8,4,0.0,2.0,3.0,0.0,0.0,1.0,1.0,1.0,2542.0,317.75,0.2365552632608629,0,2920000.0,normal
CR000245,CL00226,2025-11-28,Microcrédito,2100000,12,0.0289,210000,Aliado,823,0.0719,Automática,Activo,0,2023-07-07,Risaralda,Pereira,47,F,5,Posgrado,Pensionado,2920000.0,App orgánico,650.0,True,0,Android,hash_303141,875,11,4,0.0,2.0,3.0,1.0,0.0,1.0,1.0,1.0,2773.0,308.1111111111111,0.22187803833625522,0,2920000.0,normal
CR000246,CL00227,2025-02-04,Crédito consumo digital,2400000,18,0.0202,160000,App,771,0.0842,Automática,Activo,0,2024-02-01,Bolívar,Cartagena,37,M,2,Sin información,Empleado,1900000.0,Aliado comercial,581.0,True,0,Android,hash_131673,369,2,1,1.0,2.0,2.0,1.0,0.0,1.0,0.0,0.0,1115.0,159.28571428571428,0.28961052249918434,0,1900000.0,normal
CR000247,CL00228,2024-09-12,Microcrédito,2250000,12,0.0359,234000,Aliado,862,0.0576,Automática,Finalizado,0,2023-02-10,Bogotá D.C.,Bogotá,25,M,6,Técnico/Tecnólogo,Microempresario,4060000.0,Aliado comercial,637.0,True,4,Web,hash_764607,580,9,3,0.0,3.0,1.0,0.0,2.0,0.0,1.0,0.0,843.0,120.42857142857143,0.19278283930768345,0,4060000.0,normal
CR000248,CL00229,2026-01-25,Crédito libre inversión,5000000,12,0.0179,467000,App,789,0.2684,Automática,Mora moderada,0,2025-05-13,Bolívar,Cartagena,29,F,2,Técnico/Tecnólogo,Independiente,1740000.0,Call center,565.0,False,1,Android,hash_498635,257,1,6,1.0,3.0,1.0,2.0,0.0,0.0,1.0,1.0,1524.0,169.33333333333334,0.37012920704053676,0,1740000.0,normal
CR000249,CL00229,2025-09-09,Crédito consumo digital,1500000,12,0.0317,152000,Web,900,0.0874,Automática,Mora moderada,1,2025-05-13,Bolívar,Cartagena,29,F,2,Técnico/Tecnólogo,Independiente,1740000.0,Call center,565.0,False,1,Android,hash_498635,119,9,1,0.0,0.0,1.0,1.0,0.0,0.0,1.0,0.0,705.0,235.0,0.5382212151252461,1,1740000.0,normal
CR000250,CL00230,2025-08-22,Crédito libre inversión,3900000,12,0.0324,397000,App,781,0.1521,Automática,Activo,0,2025-12-21,Bogotá D.C.,Bogotá,43,M,1,Sin información,Empleado,2610000.0,Campaña digital,527.0,False,1,iOS,hash_887199,-121,8,4,0.0,0.0,0.0,0.0,0.0,0.0,0.0,0.0,0.0,0.0,0.6421739201048173,1,2610000.0,normal
CR000251,CL00230,2026-01-30,Crédito consumo digital,750000,18,0.0285,54000,App,770,0.0207,Automática,Activo,0,2025-12-21,Bogotá D.C.,Bogotá,43,M,1,Sin información,Empleado,2610000.0,Campaña digital,527.0,False,1,iOS,hash_887199,40,1,4,0.0,2.0,0.0,1.0,0.0,2.0,0.0,0.0,1031.0,206.2,0.39710365326446456,0,2610000.0,normal
CR000252,CL00231,2024-11-21,Microcrédito,3050000,12,0.029,305000,App,804,0.1245,Automática,Mora moderada,1,2023-08-19,Caldas,Manizales,29,M,4,Sin información,Empleado,2450000.0,Referido,601.0,False,1,iOS,hash_958809,460,11,3,1.0,1.0,3.0,2.0,0.0,0.0,1.0,0.0,838.0,104.75,0.5004754119861184,1,2450000.0,normal
CR000253,CL00231,2024-11-26,Avance de nómina,1100000,3,0.0275,387000,Web,856,0.158,Automática,Finalizado,0,2023-08-19,Caldas,Manizales,29,M,4,Sin información,Empleado,2450000.0,Referido,601.0,False,1,iOS,hash_958809,465,11,1,2.0,1.0,3.0,2.0,0.0,0.0,1.0,0.0,943.0,104.77777777777777,0.3568786938699331,0,2450000.0,normal
CR000254,CL00232,2025-01-29,Crédito libre inversión,9200000,6,0.0194,1639000,App,900,0.4017,Manual,Finalizado,0,2024-04-03,Norte de Santander,Cúcuta,38,F,3,Bachiller,Microempresario,4080000.0,App orgánico,642.0,False,0,Android,hash_939934,301,1,2,0.0,0.0,2.0,2.0,0.0,0.0,1.0,0.0,778.0,155.6,0.4769202285491571,0,4080000.0,normal
CR000255,CL00232,2024-09-11,Crédito consumo digital,1450000,9,0.0286,185000,App,832,0.0453,Automática,Finalizado,0,2024-04-03,Norte de Santander,Cúcuta,38,F,3,Bachiller,Microempresario,4080000.0,App orgánico,642.0,False,0,Android,hash_939934,161,9,2,0.0,0.0,0.0,0.0,0.0,0.0,0.0,0.0,0.0,0.0,0.23381304056982094,0,4080000.0,normal
CR000256,CL00233,2024-01-26,Crédito libre inversión,3450000,9,0.026,435000,App,900,0.0946,Automática,Finalizado,0,2023-10-01,Bogotá D.C.,Bogotá,36,M,4,Bachiller,Comerciante,4600000.0,App orgánico,743.0,True,1,Android,hash_929311,117,1,4,0.0,0.0,0.0,0.0,0.0,0.0,0.0,0.0,0.0,0.0,0.5051895103216806,1,4600000.0,normal
CR000257,CL00234,2023-09-02,Crédito consumo digital,1550000,9,0.0251,195000,App,706,0.1114,Automática,Finalizado,0,2023-01-21,Bogotá D.C.,Bogotá,29,F,4,Universitario,Conductor/Repartidor,1750000.0,Aliado comercial,509.0,False,0,iOS,hash_438592,224,9,5,0.0,0.0,0.0,1.0,0.0,1.0,0.0,0.0,357.0,178.5,0.7319573228023927,1,1750000.0,normal
CR000258,CL00234,2025-05-24,Crédito libre inversión,1350000,6,0.0253,245000,Aliado,776,0.14,Automática,Finalizado,0,2023-01-21,Bogotá D.C.,Bogotá,29,F,4,Universitario,Conductor/Repartidor,1750000.0,Aliado comercial,509.0,False,0,iOS,hash_438592,854,5,5,0.0,0.0,2.0,2.0,0.0,3.0,2.0,1.0,1145.0,114.5,0.6736717934820431,1,1750000.0,normal
CR000259,CL00234,2023-05-15,Crédito libre inversión,3100000,6,0.025,563000,Aliado,682,0.3217,Automática,Mora severa,1,2023-01-21,Bogotá D.C.,Bogotá,29,F,4,Universitario,Conductor/Repartidor,1750000.0,Aliado comercial,509.0,False,0,iOS,hash_438592,114,5,0,0.0,0.0,0.0,0.0,0.0,0.0,0.0,0.0,0.0,0.0,0.7552123916865623,1,1750000.0,normal
CR000260,CL00235,2025-05-10,Microcrédito,2400000,6,0.0316,445000,Web,885,0.1382,Automática,Finalizado,0,2023-12-30,Valle del Cauca,Cali,57,M,3,Sin información,Empleado,3220000.0,Aliado comercial,763.0,False,2,Android,hash_871143,497,5,5,0.0,1.0,2.0,0.0,0.0,1.0,0.0,0.0,181.0,45.25,0.27150946317701674,0,3220000.0,normal
CR000261,CL00236,2024-10-15,Avance de nómina,650000,6,0.0301,120000,Aliado,873,0.0349,Automática,Finalizado,0,2023-12-09,Atlántico,Barranquilla,42,F,2,Sin información,Empleado,3440000.0,Campaña digital,593.0,False,1,Android,hash_359405,311,10,1,0.0,1.0,1.0,2.0,0.0,1.0,0.0,1.0,707.0,117.83333333333333,0.3797806479528682,0,3440000.0,normal
CR000262,CL00236,2024-05-24,Crédito consumo digital,1600000,12,0.036,167000,Web,866,0.0485,Automática,Finalizado,0,2023-12-09,Atlántico,Barranquilla,42,F,2,Sin información,Empleado,3440000.0,Campaña digital,593.0,False,1,Android,hash_359405,167,5,4,0.0,0.0,1.0,0.0,0.0,1.0,0.0,0.0,238.0,119.0,0.39269292507534953,0,3440000.0,normal
CR000263,CL00237,2024-07-05,Crédito consumo digital,1900000,6,0.0204,340000,Call center,838,0.1429,Automática,Mora severa,1,2023-08-07,Atlántico,Barranquilla,19,M,4,Sin información,Independiente,2380000.0,Call center,544.0,True,1,Android,hash_894042,333,7,4,0.0,1.0,1.0,1.0,0.0,0.0,0.0,0.0,407.0,135.66666666666666,0.7304371592082953,1,2380000.0,normal
CR000264,CL00238,2025-06-23,Crédito libre inversión,5450000,6,0.019,970000,App,814,0.2608,Automática,Finalizado,0,2024-04-10,Santander,Bucaramanga,38,F,3,Técnico/Tecnólogo,Empleado,3720000.0,Call center,583.0,True,1,Android,hash_635848,439,6,0,0.0,1.0,4.0,0.0,0.0,0.0,0.0,0.0,585.0,117.0,0.512047520167483,1,3720000.0,normal
CR000265,CL00239,2025-08-12,Crédito consumo digital,2850000,12,0.0268,281000,App,900,0.0376,Automática,Activo,0,2025-12-23,Antioquia,Medellín,29,F,6,Bachiller,Empleado,7480000.0,Referido,766.0,True,0,iOS,hash_244575,-133,8,1,0.0,0.0,0.0,0.0,0.0,0.0,0.0,0.0,0.0,0.0,0.15375592218604678,0,7082400.000000003,outlier_real
CR000266,CL00239,2026-03-20,Crédito libre inversión,14050000,6,0.0289,2584000,App,900,0.3455,Automática,Activo,0,2025-12-23,Antioquia,Medellín,29,F,6,Bachiller,Empleado,7480000.0,Referido,766.0,True,0,iOS,hash_244575,87,3,4,0.0,4.0,2.0,1.0,0.0,0.0,1.0,3.0,2462.0,223.8181818181818,0.1374433347679196,0,7082400.000000003,outlier_real
CR000267,CL00241,2025-04-11,Crédito consumo digital,3150000,6,0.0367,594000,App,859,0.1619,Automática,Finalizado,0,2024-07-14,Bogotá D.C.,Bogotá,28,F,4,Posgrado,Empleado,3670000.0,Aliado comercial,577.0,True,3,iOS,hash_318827,271,4,4,0.0,0.0,2.0,2.0,3.0,0.0,0.0,1.0,1282.0,160.25,0.3155133372017677,0,3670000.0,normal
CR000268,CL00241,2024-07-29,Crédito libre inversión,3100000,6,0.019,552000,Aliado,861,0.1504,Automática,Finalizado,0,2024-07-14,Bogotá D.C.,Bogotá,28,F,4,Posgrado,Empleado,3670000.0,Aliado comercial,577.0,True,3,iOS,hash_318827,15,7,0,0.0,0.0,0.0,0.0,0.0,0.0,0.0,0.0,0.0,0.0,0.5288141290885641,1,3670000.0,normal
CR000269,CL00243,2025-09-07,Crédito consumo digital,450000,12,0.0224,43000,App,764,0.0341,Automática,Mora moderada,1,2024-02-29,Santander,Bucaramanga,41,M,1,Técnico/Tecnólogo,Empleado,1260000.0,Campaña digital,587.0,True,2,Android,hash_152127,556,9,6,0.0,2.0,2.0,0.0,0.0,1.0,0.0,0.0,1041.0,208.2,0.5679489532932874,1,1260000.0,normal
CR000270,CL00244,2025-01-21,Crédito consumo digital,1500000,6,0.0256,273000,App,861,0.1062,Automática,Mora severa,1,2023-07-21,Bogotá D.C.,Bogotá,45,M,4,Bachiller,Empleado,-1.0,Call center,732.0,False,0,Android,hash_207724,550,1,1,0.0,0.0,1.0,0.0,0.0,0.0,1.0,0.0,380.0,190.0,0.4284076186615027,0,-1.0,normal
CR000271,CL00245,2025-08-26,Avance de nómina,1300000,6,0.0188,231000,App,892,0.0589,Automática,Finalizado,0,2025-06-19,Bogotá D.C.,Bogotá,24,M,3,Técnico/Tecnólogo,Empleado,3920000.0,App orgánico,645.0,False,3,iOS,hash_600653,68,8,1,0.0,1.0,0.0,2.0,0.0,1.0,0.0,0.0,426.0,106.5,0.2989757929617129,0,3920000.0,normal
CR000272,CL00245,2025-08-07,Crédito consumo digital,2750000,6,0.0342,515000,App,799,0.1314,Automática,Finalizado,0,2025-06-19,Bogotá D.C.,Bogotá,24,M,3,Técnico/Tecnólogo,Empleado,3920000.0,App orgánico,645.0,False,3,iOS,hash_600653,49,8,3,0.0,1.0,0.0,0.0,0.0,1.0,0.0,0.0,112.0,56.0,0.3133040096593522,0,3920000.0,normal
CR000273,CL00245,2026-01-15,Crédito libre inversión,3950000,9,0.0256,497000,Web,870,0.1268,Automática,Activo,0,2025-06-19,Bogotá D.C.,Bogotá,24,M,3,Técnico/Tecnólogo,Empleado,3920000.0,App orgánico,645.0,False,3,iOS,hash_600653,210,1,3,1.0,4.0,1.0,3.0,0.0,2.0,0.0,2.0,1225.0,94.23076923076923,0.14805471846062226,0,3920000.0,normal
CR000274,CL00246,2026-03-27,Crédito libre inversión,1200000,3,0.0242,419000,App,755,0.3521,Manual,Activo,0,2024-10-07,Tolima,Ibagué,33,F,1,Universitario,Conductor/Repartidor,1190000.0,Referido,460.0,False,0,Android,hash_472949,536,3,4,0.0,1.0,5.0,1.0,0.0,3.0,1.0,1.0,1754.0,146.16666666666666,0.2883360911566117,0,1190000.0,normal
CR000275,CL00246,2024-12-11,Avance de nómina,250000,3,0.0213,87000,App,795,0.0731,Automática,Finalizado,0,2024-10-07,Tolima,Ibagué,33,F,1,Universitario,Conductor/Repartidor,1190000.0,Referido,460.0,False,0,Android,hash_472949,65,12,2,0.0,0.0,0.0,0.0,0.0,1.0,0.0,1.0,245.0,122.5,0.5235760614468257,1,1190000.0,normal
CR000276,CL00249,2025-09-20,Crédito libre inversión,4950000,12,0.026,486000,App,831,0.1136,Automática,Activo,0,2025-03-01,Valle del Cauca,Cali,54,M,5,Técnico/Tecnólogo,Comerciante,4280000.0,Referido,727.0,True,0,Web,hash_821754,203,9,5,0.0,0.0,0.0,0.0,0.0,1.0,0.0,1.0,203.0,101.5,0.33554483338653385,0,4280000.0,normal
CR000277,CL00249,2025-10-19,Crédito libre inversión,8000000,6,0.0201,1429000,App,897,0.3339,Automática,Finalizado,0,2025-03-01,Valle del Cauca,Cali,54,M,5,Técnico/Tecnólogo,Comerciante,4280000.0,Referido,727.0,True,0,Web,hash_821754,232,10,6,0.0,0.0,0.0,1.0,0.0,1.0,0.0,1.0,327.0,109.0,0.36794225159310173,0,4280000.0,normal
CR000278,CL00250,2024-05-27,Microcrédito,4100000,6,0.0304,758000,App,864,0.1909,Automática,Finalizado,0,2023-04-09,Risaralda,Pereira,40,F,3,Bachiller,Empleado,3970000.0,App orgánico,597.0,False,0,Android,hash_568255,414,5,0,0.0,2.0,0.0,1.0,0.0,1.0,0.0,0.0,544.0,136.0,0.5003255146435575,1,3970000.0,normal
CR000279,CL00252,2025-02-05,Crédito consumo digital,550000,6,0.0305,102000,App,879,0.0368,Automática,Finalizado,0,2024-04-27,Bogotá D.C.,Bogotá,45,F,2,Bachiller,Microempresario,2770000.0,App orgánico,652.0,True,1,Android,hash_234585,284,2,2,1.0,1.0,1.0,0.0,1.0,1.0,0.0,2.0,1805.0,257.85714285714283,0.224593716513252,0,2770000.0,normal
CR000280,CL00252,2025-08-08,Crédito consumo digital,2250000,3,0.0339,801000,App,857,0.2892,Automática,Finalizado,0,2024-04-27,Bogotá D.C.,Bogotá,45,F,2,Bachiller,Microempresario,2770000.0,App orgánico,652.0,True,1,Android,hash_234585,468,8,4,1.0,1.0,1.0,0.0,1.0,1.0,1.0,2.0,2105.0,263.125,0.2573610484525227,0,2770000.0,normal
CR000281,CL00253,2025-06-01,Microcrédito,1750000,3,0.0354,625000,App,851,0.1766,Automática,Finalizado,0,2025-02-17,Bogotá D.C.,Bogotá,57,F,5,Sin información,Pensionado,3540000.0,Campaña digital,684.0,False,0,iOS,hash_193650,104,6,6,0.0,0.0,0.0,0.0,1.0,0.0,1.0,0.0,211.0,105.5,0.21564242110722526,0,3540000.0,normal
CR000282,CL00254,2024-06-17,Crédito libre inversión,2850000,9,0.033,371000,Call center,768,0.132,Automática,Finalizado,0,2023-04-28,Bogotá D.C.,Bogotá,46,M,2,Técnico/Tecnólogo,Empleado,2810000.0,App orgánico,613.0,True,1,iOS,hash_576785,416,6,0,0.0,0.0,0.0,1.0,0.0,0.0,0.0,0.0,229.0,229.0,0.44795764223602896,0,2810000.0,normal
CR000283,CL00255,2025-08-24,Crédito consumo digital,4500000,3,0.0323,1598000,Aliado,900,0.3115,Automática,Finalizado,0,2025-11-23,Bogotá D.C.,Bogotá,21,M,3,Técnico/Tecnólogo,Empleado,5130000.0,Referido,711.0,True,3,iOS,hash_741462,-91,8,6,0.0,0.0,0.0,0.0,0.0,0.0,0.0,0.0,0.0,0.0,0.34788034868584816,0,5130000.0,normal
CR000284,CL00256,2023-08-14,Crédito libre inversión,2750000,3,0.0251,963000,App,840,0.5016,Manual,Finalizado,0,2023-07-01,Bogotá D.C.,Bogotá,31,F,2,Bachiller,Empleado,1920000.0,App orgánico,579.0,False,2,Android,hash_707317,44,8,0,0.0,0.0,0.0,0.0,0.0,0.0,0.0,0.0,0.0,0.0,0.5830289235424033,1,1920000.0,normal
CR000285,CL00258,2025-10-16,Crédito consumo digital,6050000,3,0.0249,2118000,App,900,0.2353,Automática,Finalizado,0,2024-05-19,Bogotá D.C.,Bogotá,29,M,3,Técnico/Tecnólogo,Microempresario,9000000.0,Campaña digital,850.0,False,1,Android,hash_579885,515,10,3,0.0,4.0,2.0,1.0,0.0,3.0,0.0,0.0,1304.0,130.4,0.161495766008861,0,7082400.000000003,error_captura
CR000286,CL00258,2025-08-26,Crédito libre inversión,15100000,6,0.0329,2814000,App,900,0.3127,Automática,Finalizado,0,2024-05-19,Bogotá D.C.,Bogotá,29,M,3,Técnico/Tecnólogo,Microempresario,9000000.0,Campaña digital,850.0,False,1,Android,hash_579885,464,8,1,0.0,4.0,2.0,1.0,0.0,2.0,0.0,0.0,1239.0,137.66666666666666,0.22616922007239343,0,7082400.000000003,error_captura
CR000287,CL00259,2026-03-08,Microcrédito,4500000,24,0.0318,271000,Web,900,0.085,Automática,Activo,0,2023-09-24,Bogotá D.C.,Bogotá,40,F,4,Bachiller,Microempresario,3190000.0,App orgánico,622.0,False,0,Android,hash_660151,896,3,6,1.0,0.0,4.0,1.0,0.0,0.0,0.0,2.0,1394.0,174.25,0.3750692015203472,0,3190000.0,normal
CR000288,CL00261,2025-12-31,Crédito libre inversión,3800000,3,0.026,1333000,Call center,695,0.6409,Excepción,Finalizado,0,2025-11-19,Norte de Santander,Cúcuta,27,F,2,Bachiller,Conductor/Repartidor,2080000.0,Aliado comercial,408.0,False,0,Android,hash_495739,42,12,2,1.0,1.0,1.0,1.0,0.0,1.0,0.0,0.0,499.0,99.8,0.842154994282041,1,2080000.0,normal
CR000289,CL00262,2026-01-09,Crédito consumo digital,2200000,6,0.0307,407000,App,882,0.1082,Automática,Activo,0,2024-12-08,Bogotá D.C.,Bogotá,35,M,5,Sin información,Empleado,3760000.0,Campaña digital,641.0,True,1,iOS,hash_830351,397,1,4,0.0,2.0,1.0,0.0,0.0,3.0,1.0,0.0,887.0,126.71428571428571,0.33401417392397564,0,3760000.0,normal
CR000290,CL00263,2025-11-06,Crédito consumo digital,500000,12,0.0331,51000,Aliado,818,0.0345,Automática,Mora moderada,1,2024-12-14,Antioquia,Medellín,19,M,2,Universitario,Independiente,1480000.0,Campaña digital,540.0,True,2,iOS,hash_951563,327,11,3,1.0,4.0,3.0,1.0,0.0,0.0,0.0,1.0,2079.0,207.9,0.6908012147994417,1,1480000.0,normal
CR000291,CL00264,2025-09-20,Avance de nómina,300000,6,0.0234,54000,App,717,1.8,Automática,Mora moderada,1,2025-03-03,Valle del Cauca,Cali,26,M,2,Universitario,Estudiante,800000.0,Campaña digital,441.0,False,0,Android,hash_760501,201,9,5,0.0,0.0,4.0,0.0,0.0,1.0,2.0,0.0,1298.0,185.42857142857142,0.7489068614529917,1,800000.0,normal
CR000292,CL00264,2026-01-01,Crédito consumo digital,850000,9,0.029,109000,Aliado,696,0.1363,Automática,Activo,0,2025-03-03,Valle del Cauca,Cali,26,M,2,Universitario,Estudiante,800000.0,Campaña digital,441.0,False,0,Android,hash_760501,304,1,3,0.0,0.0,5.0,1.0,0.0,2.0,2.0,0.0,1902.0,190.2,0.48816868179133904,0,800000.0,normal
CR000293,CL00265,2025-06-05,Crédito libre inversión,900000,9,0.0189,110000,App,789,0.1068,Automática,Mora moderada,1,2023-12-20,Bogotá D.C.,Bogotá,33,F,4,Universitario,Desempleado,1030000.0,Referido,516.0,False,0,Android,hash_297345,533,6,3,1.0,5.0,1.0,0.0,0.0,1.0,0.0,0.0,1169.0,146.125,0.7210522115526689,1,1030000.0,normal
CR000294,CL00265,2024-09-07,Crédito consumo digital,450000,6,0.0297,83000,App,760,0.0806,Automática,Finalizado,0,2023-12-20,Bogotá D.C.,Bogotá,33,F,4,Universitario,Desempleado,1030000.0,Referido,516.0,False,0,Android,hash_297345,262,9,5,0.0,3.0,1.0,0.0,0.0,0.0,0.0,0.0,474.0,118.5,0.7035987168362926,1,1030000.0,normal
CR000295,CL00266,2026-01-01,Microcrédito,6900000,12,0.0359,718000,App,881,0.136,Automática,Activo,0,2024-01-03,Meta,Villavicencio,24,M,3,Universitario,Microempresario,5280000.0,Campaña digital,686.0,True,1,iOS,hash_377255,729,1,3,1.0,1.0,2.0,1.0,0.0,1.0,0.0,0.0,1605.0,267.5,0.21719052921018572,0,5280000.0,normal
CR000296,CL00268,2025-12-13,Crédito consumo digital,950000,9,0.0251,119000,App,811,0.0569,Automática,Activo,0,2023-10-22,Risaralda,Pereira,22,M,3,Bachiller,Independiente,2090000.0,Referido,620.0,False,3,iOS,hash_990733,783,12,5,1.0,3.0,1.0,0.0,0.0,0.0,1.0,1.0,1008.0,144.0,0.28818438663715396,0,2090000.0,normal
CR000297,CL00268,2025-11-18,Microcrédito,1300000,12,0.028,129000,App,900,0.0617,Automática,Activo,0,2023-10-22,Risaralda,Pereira,22,M,3,Bachiller,Independiente,2090000.0,Referido,620.0,False,3,iOS,hash_990733,758,11,1,0.0,3.0,1.0,0.0,0.0,0.0,1.0,1.0,956.0,159.33333333333334,0.3020493373553727,0,2090000.0,normal
CR000298,CL00271,2024-12-20,Microcrédito,3650000,3,0.042,1320000,Aliado,782,0.6502,Excepción,Finalizado,0,2023-09-19,Antioquia,Medellín,50,F,4,Bachiller,Conductor/Repartidor,2030000.0,App orgánico,596.0,False,1,iOS,hash_244378,458,12,4,0.0,0.0,1.0,2.0,0.0,1.0,0.0,0.0,359.0,89.75,0.7356169570279318,1,2030000.0,normal
CR000299,CL00272,2025-05-29,Crédito consumo digital,1800000,12,0.0207,171000,Aliado,844,0.0834,Automática,Mora moderada,1,2025-10-23,Bogotá D.C.,Bogotá,22,M,1,Técnico/Tecnólogo,Empleado,2050000.0,Call center,603.0,False,0,Android,hash_145712,-147,5,3,0.0,0.0,0.0,0.0,0.0,0.0,0.0,0.0,0.0,0.0,0.5836426138261804,1,2050000.0,normal
CR000300,CL00273,2024-05-23,Crédito consumo digital,1150000,12,0.0334,118000,Web,900,0.0393,Automática,Finalizado,0,2024-01-08,Valle del Cauca,Cali,48,M,2,Posgrado,Comerciante,3000000.0,Campaña digital,672.0,False,3,iOS,hash_614906,136,5,3,0.0,0.0,0.0,0.0,0.0,0.0,0.0,0.0,0.0,0.0,0.2425398444032349,0,3000000.0,normal
CR000301,CL00274,2025-08-25,Crédito libre inversión,3350000,9,0.0239,418000,App,900,0.1263,Automática,Activo,0,2025-12-05,Valle del Cauca,Cali,36,F,3,Universitario,Conductor/Repartidor,3310000.0,Campaña digital,654.0,False,0,Android,hash_132125,-102,8,0,0.0,0.0,0.0,0.0,0.0,0.0,0.0,0.0,0.0,0.0,0.42205756461308225,0,3310000.0,normal
CR000302,CL00276,2025-06-13,Crédito libre inversión,800000,6,0.0187,142000,Aliado,604,0.1303,Manual,Mora moderada,1,2024-05-14,Bogotá D.C.,Bogotá,41,M,2,Bachiller,Estudiante,1090000.0,App orgánico,387.0,True,0,Android,hash_872783,395,6,4,0.0,0.0,2.0,0.0,1.0,0.0,0.0,1.0,1396.0,349.0,0.599252341424952,1,1090000.0,normal
CR000303,CL00277,2025-10-08,Avance de nómina,400000,18,0.0231,27000,App,798,0.0175,Automática,Activo,0,2025-09-27,Antioquia,Medellín,38,F,4,Bachiller,Estudiante,1540000.0,Referido,542.0,True,3,iOS,hash_158453,11,10,2,0.0,0.0,0.0,0.0,0.0,0.0,0.0,0.0,0.0,0.0,0.5841505465258271,1,1540000.0,normal
CR000304,CL00278,2025-10-08,Crédito libre inversión,11000000,18,0.0274,782000,App,887,0.2327,Automática,Activo,0,2025-09-10,Bolívar,Cartagena,30,F,3,Sin información,Empleado,3360000.0,Aliado comercial,577.0,False,2,Android,hash_430515,28,10,2,1.0,0.0,0.0,1.0,0.0,0.0,0.0,0.0,388.0,194.0,0.5212638993246989,1,3360000.0,normal
CR000305,CL00278,2025-08-19,Crédito consumo digital,850000,9,0.0256,107000,Aliado,861,0.0318,Automática,Activo,0,2025-09-10,Bolívar,Cartagena,30,F,3,Sin información,Empleado,3360000.0,Aliado comercial,577.0,False,2,Android,hash_430515,-22,8,1,0.0,0.0,0.0,0.0,0.0,0.0,0.0,0.0,0.0,0.0,0.4448959977430532,0,3360000.0,normal
CR000306,CL00279,2024-07-24,Crédito libre inversión,8200000,12,0.029,819000,App,900,0.2834,Automática,Mora severa,1,2023-02-08,Bogotá D.C.,Bogotá,37,M,3,Bachiller,Comerciante,2890000.0,App orgánico,630.0,True,1,Android,hash_935544,532,7,2,0.0,1.0,4.0,0.0,0.0,3.0,1.0,0.0,1724.0,191.55555555555554,0.5010898185250984,1,2890000.0,normal
CR000307,CL00280,2026-01-19,Crédito libre inversión,19300000,6,0.0242,3494000,Web,900,0.5718,Excepción,Mora moderada,1,2025-12-07,Bolívar,Cartagena,32,M,3,Bachiller,Empleado,6110000.0,Call center,703.0,False,2,iOS,hash_352773,43,1,0,0.0,1.0,0.0,0.0,0.0,1.0,0.0,0.0,181.0,90.5,0.6891197877234052,1,6110000.0,normal
CR000308,CL00281,2024-02-07,Microcrédito,4450000,6,0.0415,853000,Aliado,885,0.2666,Automática,Mora severa,1,2023-09-02,Risaralda,Pereira,37,M,3,Bachiller,Independiente,3200000.0,Campaña digital,687.0,False,2,Android,hash_169893,158,2,2,0.0,1.0,3.0,0.0,0.0,0.0,0.0,0.0,584.0,146.0,0.45369535510500136,0,3200000.0,normal
CR000309,CL00281,2024-07-08,Avance de nómina,900000,6,0.0249,163000,Call center,900,0.0509,Automática,Finalizado,0,2023-09-02,Risaralda,Pereira,37,M,3,Bachiller,Independiente,3200000.0,Campaña digital,687.0,False,2,Android,hash_169893,310,7,0,0.0,1.0,3.0,0.0,0.0,0.0,0.0,0.0,584.0,146.0,0.2355177431253176,0,3200000.0,normal
CR000310,CL00282,2025-12-21,Crédito consumo digital,1400000,6,0.0352,263000,Call center,863,0.0933,Automática,Activo,0,2024-12-21,Bogotá D.C.,Bogotá,43,F,3,Universitario,Empleado,2820000.0,App orgánico,638.0,False,1,iOS,hash_948182,365,12,6,0.0,0.0,1.0,2.0,0.0,0.0,0.0,0.0,411.0,137.0,0.25890045419394303,0,2820000.0,normal
CR000311,CL00283,2025-08-10,Crédito libre inversión,4150000,24,0.0327,252000,App,900,0.0773,Automática,Activo,0,2023-03-22,Bogotá D.C.,Bogotá,52,M,4,Bachiller,Empleado,3260000.0,Campaña digital,668.0,True,1,Web,hash_530423,872,8,6,0.0,0.0,3.0,0.0,0.0,0.0,0.0,1.0,466.0,116.5,0.24828188163383894,0,3260000.0,normal
CR000312,CL00284,2024-10-26,Crédito consumo digital,1000000,9,0.0323,130000,Aliado,828,0.0546,Automática,Finalizado,0,2023-07-27,Risaralda,Pereira,24,M,4,Bachiller,Microempresario,2380000.0,Campaña digital,592.0,False,2,Android,hash_387740,457,10,5,0.0,2.0,0.0,1.0,0.0,0.0,0.0,0.0,253.0,84.33333333333333,0.46457915492696794,0,2380000.0,normal
CR000313,CL00285,2023-09-01,Avance de nómina,2750000,9,0.0216,340000,Aliado,900,0.053,Automática,Finalizado,0,2023-06-04,Bogotá D.C.,Bogotá,57,F,6,Bachiller,Empleado,6420000.0,Referido,797.0,True,3,iOS,hash_836618,89,9,4,0.0,0.0,0.0,0.0,0.0,0.0,1.0,0.0,74.0,74.0,0.14851048259059668,0,6420000.0,normal
CR000314,CL00285,2024-10-03,Crédito libre inversión,8350000,12,0.0249,813000,App,900,0.1266,Automática,Finalizado,0,2023-06-04,Bogotá D.C.,Bogotá,57,F,6,Bachiller,Empleado,6420000.0,Referido,797.0,True,3,iOS,hash_836618,487,10,3,0.0,1.0,1.0,1.0,1.0,1.0,1.0,1.0,810.0,115.71428571428571,0.22692286453852695,0,6420000.0,normal
CR000315,CL00286,2025-08-15,Microcrédito,3200000,6,0.0265,584000,Aliado,616,0.1915,Manual,Mora moderada,1,2025-08-09,Norte de Santander,Cúcuta,19,F,3,Técnico/Tecnólogo,Independiente,3050000.0,Call center,588.0,False,2,Android,hash_934569,6,8,4,0.0,0.0,0.0,0.0,0.0,0.0,0.0,0.0,0.0,0.0,0.6704331495831497,1,3050000.0,normal
CR000316,CL00286,2026-02-06,Crédito consumo digital,2150000,12,0.0204,204000,Aliado,670,0.0669,Automática,Activo,0,2025-08-09,Norte de Santander,Cúcuta,19,F,3,Técnico/Tecnólogo,Independiente,3050000.0,Call center,588.0,False,2,Android,hash_934569,181,2,4,0.0,3.0,1.0,4.0,0.0,1.0,0.0,0.0,1211.0,134.55555555555554,0.17105671024978147,0,3050000.0,normal
CR000317,CL00287,2025-09-10,Microcrédito,2500000,9,0.0292,320000,App,900,0.1049,Automática,Activo,0,2024-10-12,Antioquia,Medellín,34,F,3,Bachiller,Empleado,3050000.0,Campaña digital,613.0,True,0,iOS,hash_713008,333,9,2,0.0,1.0,3.0,0.0,0.0,0.0,0.0,0.0,580.0,145.0,0.4163055915060254,0,3050000.0,normal
CR000318,CL00288,2024-09-30,Crédito libre inversión,2250000,9,0.0206,276000,Web,817,0.1015,Automática,Finalizado,0,2024-09-08,Antioquia,Medellín,42,F,3,Universitario,Empleado,2720000.0,Referido,560.0,False,1,Android,hash_763779,22,9,0,0.0,0.0,0.0,1.0,0.0,0.0,0.0,0.0,116.0,116.0,0.5592789954656173,1,2720000.0,normal
CR000319,CL00288,2025-06-24,Crédito consumo digital,1050000,24,0.021,56000,Aliado,805,0.0206,Automática,Mora moderada,1,2024-09-08,Antioquia,Medellín,42,F,3,Universitario,Empleado,2720000.0,Referido,560.0,False,1,Android,hash_763779,289,6,1,0.0,3.0,4.0,2.0,0.0,0.0,1.0,0.0,1698.0,169.8,0.4392499011656668,0,2720000.0,normal
CR000320,CL00289,2025-09-05,Crédito consumo digital,650000,9,0.0354,86000,Aliado,367,0.1012,Excepción,Activo,0,2024-08-19,Atlántico,Barranquilla,39,M,4,Posgrado,Desempleado,850000.0,Call center,588.0,False,0,Android,hash_733389,382,9,4,0.0,1.0,1.0,0.0,0.0,2.0,2.0,0.0,677.0,112.83333333333333,0.5448552089749051,1,850000.0,normal
CR000321,CL00289,2024-09-03,Crédito consumo digital,250000,12,0.0317,25000,App,506,0.0294,Excepción,Finalizado,0,2024-08-19,Atlántico,Barranquilla,39,M,4,Posgrado,Desempleado,850000.0,Call center,588.0,False,0,Android,hash_733389,15,9,1,0.0,0.0,0.0,0.0,0.0,0.0,0.0,0.0,0.0,0.0,0.6653328463876091,1,850000.0,normal
CR000322,CL00290,2024-11-20,Crédito consumo digital,800000,3,0.0334,285000,App,761,0.1109,Automática,Finalizado,0,2024-01-01,Antioquia,Medellín,30,M,2,Técnico/Tecnólogo,Conductor/Repartidor,2570000.0,Referido,420.0,False,0,iOS,hash_332362,324,11,2,0.0,1.0,0.0,1.0,0.0,1.0,1.0,0.0,705.0,176.25,0.4517471328469539,0,2570000.0,normal
CR000323,CL00291,2024-06-30,Crédito consumo digital,3100000,12,0.0296,311000,Web,900,0.0816,Automática,Mora moderada,1,2024-01-14,Atlántico,Barranquilla,34,F,3,Bachiller,Independiente,3810000.0,Campaña digital,599.0,False,0,iOS,hash_871257,168,6,6,0.0,0.0,1.0,1.0,0.0,1.0,1.0,0.0,955.0,238.75,0.5729512132835435,1,3810000.0,normal
CR000324,CL00292,2024-03-16,Microcrédito,4100000,3,0.0265,1440000,Call center,900,0.2222,Automática,Finalizado,0,2023-09-16,Atlántico,Barranquilla,31,F,3,Técnico/Tecnólogo,Empleado,6480000.0,Campaña digital,742.0,False,2,iOS,hash_239565,182,3,5,0.0,1.0,1.0,0.0,0.0,0.0,1.0,1.0,336.0,84.0,0.16903865929699474,0,6480000.0,normal
CR000325,CL00292,2024-04-10,Crédito consumo digital,4450000,6,0.0329,829000,App,900,0.1279,Automática,Finalizado,0,2023-09-16,Atlántico,Barranquilla,31,F,3,Técnico/Tecnólogo,Empleado,6480000.0,Campaña digital,742.0,False,2,iOS,hash_239565,207,4,2,0.0,1.0,1.0,0.0,0.0,0.0,1.0,1.0,336.0,84.0,0.26063346882975935,0,6480000.0,normal
CR000326,CL00293,2025-07-11,Crédito libre inversión,7000000,9,0.0283,892000,Call center,900,0.1306,Automática,Finalizado,0,2025-03-13,Bogotá D.C.,Bogotá,30,F,3,Técnico/Tecnólogo,Microempresario,6830000.0,Campaña digital,758.0,True,1,Android,hash_837550,120,7,4,0.0,0.0,0.0,0.0,0.0,0.0,0.0,0.0,0.0,0.0,0.32543910146195754,0,6830000.0,normal
CR000327,CL00294,2024-07-09,Microcrédito,1700000,12,0.0265,167000,App,889,1.2,Automática,Mora severa,1,2024-05-03,Risaralda,Pereira,44,M,4,Bachiller,Independiente,2350000.0,Aliado comercial,529.0,False,0,Android,hash_324872,67,7,1,0.0,0.0,0.0,0.0,0.0,0.0,0.0,0.0,0.0,0.0,0.8496691326181871,1,2350000.0,normal
CR000328,CL00294,2025-04-19,Microcrédito,2650000,6,0.0278,486000,App,754,0.2068,Automática,Finalizado,0,2024-05-03,Risaralda,Pereira,44,M,4,Bachiller,Independiente,2350000.0,Aliado comercial,529.0,False,0,Android,hash_324872,351,4,5,1.0,2.0,1.0,0.0,1.0,0.0,0.0,0.0,593.0,118.6,0.5745780723645014,1,2350000.0,normal
CR000329,CL00295,2025-11-15,Microcrédito,1250000,6,0.0447,242000,App,764,0.1192,Automática,Activo,0,2023-11-03,Bogotá D.C.,Bogotá,40,M,2,Técnico/Tecnólogo,Empleado,2030000.0,Referido,508.0,False,1,iOS,hash_495412,743,11,5,2.0,0.0,4.0,3.0,0.0,0.0,0.0,1.0,1670.0,167.0,0.45774929104438006,0,2030000.0,normal
CR000330,CL00295,2024-05-01,Microcrédito,1650000,12,0.0279,164000,App,778,0.0808,Automática,Finalizado,0,2023-11-03,Bogotá D.C.,Bogotá,40,M,2,Técnico/Tecnólogo,Empleado,2030000.0,Referido,508.0,False,1,iOS,hash_495412,180,5,2,0.0,0.0,0.0,0.0,0.0,0.0,0.0,1.0,167.0,167.0,0.6861240850324672,1,2030000.0,normal
CR000331,CL00296,2025-09-27,Microcrédito,5800000,18,0.035,440000,Web,900,0.0837,Automática,Activo,0,2025-12-28,Bolívar,Cartagena,29,M,4,Técnico/Tecnólogo,Empleado,5260000.0,Campaña digital,664.0,False,3,Android,hash_280645,-92,9,5,0.0,0.0,0.0,0.0,0.0,0.0,0.0,0.0,0.0,0.0,0.31725807685743784,0,5260000.0,normal
CR000332,CL00297,2025-08-20,Crédito consumo digital,2250000,24,0.0313,135000,App,885,0.0255,Automática,Activo,0,2025-12-10,Santander,Bucaramanga,45,F,4,Técnico/Tecnólogo,Empleado,5300000.0,App orgánico,664.0,False,0,Android,hash_902207,-112,8,2,0.0,0.0,0.0,0.0,0.0,0.0,0.0,0.0,0.0,0.0,0.18972523617548312,0,5300000.0,normal
CR000333,CL00298,2023-10-23,Crédito libre inversión,3450000,12,0.0241,335000,App,886,0.0985,Automática,Mora severa,1,2023-09-25,Atlántico,Barranquilla,39,M,3,Universitario,Conductor/Repartidor,3400000.0,Referido,559.0,True,1,iOS,hash_423923,28,10,0,0.0,0.0,0.0,0.0,0.0,0.0,0.0,0.0,0.0,0.0,0.7208565222888721,1,3400000.0,normal
CR000334,CL00299,2025-11-20,Microcrédito,2500000,18,0.0354,190000,App,687,0.0617,Automática,Activo,0,2025-08-24,Valle del Cauca,Cali,44,F,4,Bachiller,Comerciante,3080000.0,App orgánico,588.0,True,2,Android,hash_512111,88,11,3,0.0,0.0,2.0,0.0,0.0,1.0,0.0,1.0,296.0,74.0,0.5871722024297484,1,3080000.0,normal
CR000335,CL00300,2026-02-26,Crédito consumo digital,1300000,12,0.0347,134000,App,862,0.0565,Automática,Activo,0,2025-07-13,Antioquia,Medellín,42,F,1,Técnico/Tecnólogo,Microempresario,2370000.0,App orgánico,635.0,False,2,Android,hash_216074,228,2,3,0.0,4.0,0.0,3.0,0.0,1.0,2.0,0.0,2117.0,211.7,0.12014877240259424,0,2370000.0,normal
CR000336,CL00301,2026-01-04,Crédito consumo digital,1550000,6,0.0359,292000,Web,543,0.0859,Manual,Activo,0,2023-12-18,Tolima,Ibagué,28,F,2,Sin información,Empleado,3400000.0,App orgánico,588.0,True,1,iOS,hash_353564,748,1,6,0.0,2.0,4.0,0.0,0.0,0.0,1.0,0.0,1782.0,254.57142857142858,0.16657015651167836,0,3400000.0,normal
CR000337,CL00305,2025-06-15,Crédito libre inversión,3750000,6,0.023,676000,App,804,0.2339,Automática,Finalizado,0,2024-01-09,Atlántico,Barranquilla,36,M,2,Técnico/Tecnólogo,Empleado,2890000.0,Referido,652.0,False,1,Android,hash_897406,523,6,6,2.0,2.0,1.0,1.0,1.0,0.0,0.0,2.0,1569.0,174.33333333333334,0.34871679646857595,0,2890000.0,normal
CR000338,CL00305,2025-06-26,Crédito consumo digital,3900000,3,0.095,1355000,App,885,0.4689,Manual,Mora moderada,1,2024-01-09,Atlántico,Barranquilla,36,M,2,Técnico/Tecnólogo,Empleado,2890000.0,Referido,652.0,False,1,Android,hash_897406,534,6,3,2.0,2.0,1.0,1.0,1.0,0.0,0.0,2.0,1569.0,174.33333333333334,0.3941811167432047,0,2890000.0,normal
CR000339,CL00306,2025-03-11,Crédito consumo digital,1000000,3,0.0377,359000,Web,878,0.1397,Automática,Finalizado,0,2023-05-05,Caldas,Manizales,37,F,1,Técnico/Tecnólogo,Empleado,-1.0,Aliado comercial,511.0,False,1,Android,hash_368602,676,3,1,0.0,0.0,2.0,0.0,1.0,1.0,1.0,0.0,522.0,104.4,0.28836104076848884,0,-1.0,normal
CR000340,CL00307,2025-10-12,Microcrédito,3200000,12,0.0373,336000,App,766,0.1028,Automática,Activo,0,2025-01-30,Bogotá D.C.,Bogotá,49,M,1,Posgrado,Empleado,3270000.0,Campaña digital,641.0,False,1,Web,hash_934397,255,10,6,0.0,0.0,1.0,1.0,0.0,2.0,0.0,0.0,568.0,142.0,0.237928540322088,0,3270000.0,normal
CR000341,CL00308,2025-10-06,Crédito consumo digital,450000,24,0.0321,27000,Aliado,776,0.0173,Automática,Mora severa,1,2026-01-20,Bolívar,Cartagena,30,F,1,Sin información,Empleado,1560000.0,App orgánico,522.0,False,3,iOS,hash_250641,-106,10,0,0.0,0.0,0.0,0.0,0.0,0.0,0.0,0.0,0.0,0.0,0.6640737363916367,1,1560000.0,normal
CR000342,CL00308,2026-02-15,Microcrédito,850000,6,0.044,164000,App,827,0.1051,Automática,Activo,0,2026-01-20,Bolívar,Cartagena,30,F,1,Sin información,Empleado,1560000.0,App orgánico,522.0,False,3,iOS,hash_250641,26,2,6,1.0,2.0,1.0,0.0,0.0,0.0,0.0,0.0,509.0,127.25,0.4232958423861946,0,1560000.0,normal
CR000343,CL00308,2025-09-11,Crédito consumo digital,500000,3,0.0381,180000,Web,837,0.1154,Automática,Finalizado,0,2026-01-20,Bolívar,Cartagena,30,F,1,Sin información,Empleado,1560000.0,App orgánico,522.0,False,3,iOS,hash_250641,-131,9,3,0.0,0.0,0.0,0.0,0.0,0.0,0.0,0.0,0.0,0.0,0.33826842578208927,0,1560000.0,normal
CR000344,CL00309,2026-02-02,Microcrédito,4900000,3,0.0277,1725000,Web,742,0.4345,Manual,Activo,0,2023-09-24,Antioquia,Medellín,41,F,3,Bachiller,Empleado,3970000.0,App orgánico,565.0,False,0,Android,hash_619235,862,2,0,0.0,2.0,2.0,0.0,2.0,2.0,0.0,0.0,1220.0,152.5,0.3623632334865364,0,3970000.0,normal
CR000345,CL00310,2026-03-27,Crédito consumo digital,800000,3,0.0216,278000,Aliado,750,0.1917,Automática,Activo,0,2025-04-21,Valle del Cauca,Cali,34,M,4,Bachiller,Independiente,1450000.0,Referido,501.0,False,0,iOS,hash_531231,340,3,4,3.0,6.0,6.0,1.0,0.0,3.0,1.0,3.0,3666.0,159.3913043478261,0.3469923069851459,0,1450000.0,normal
CR000346,CL00312,2025-03-04,Crédito libre inversión,3300000,6,0.0338,617000,Aliado,900,0.2742,Automática,Mora moderada,1,2023-06-16,Atlántico,Barranquilla,47,M,4,Bachiller,Empleado,2250000.0,Aliado comercial,611.0,True,0,Android,hash_446249,627,3,1,0.0,0.0,3.0,0.0,0.0,1.0,0.0,0.0,177.0,44.25,0.5873744233394192,1,2250000.0,normal
CR000347,CL00312,2025-09-27,Crédito libre inversión,2300000,12,0.018,215000,App,853,0.0956,Automática,Activo,0,2023-06-16,Atlántico,Barranquilla,47,M,4,Bachiller,Empleado,2250000.0,Aliado comercial,611.0,True,0,Android,hash_446249,834,9,5,0.0,1.0,3.0,0.0,0.0,3.0,0.0,0.0,899.0,128.42857142857142,0.45294918647996923,0,2250000.0,normal
CR000348,CL00313,2025-09-06,Crédito consumo digital,800000,6,0.0261,146000,App,886,0.0954,Automática,Finalizado,0,2026-01-01,Bogotá D.C.,Bogotá,44,F,1,Técnico/Tecnólogo,Pensionado,1530000.0,Aliado comercial,601.0,False,0,Android,hash_715837,-117,9,5,0.0,0.0,0.0,0.0,0.0,0.0,0.0,0.0,0.0,0.0,0.5545868235074561,1,1530000.0,normal
CR000349,CL00314,2025-02-25,Crédito libre inversión,6000000,18,0.0329,447000,Web,900,0.1077,Automática,Mora moderada,1,2023-09-20,Valle del Cauca,Cali,44,F,4,Universitario,Conductor/Repartidor,4150000.0,Aliado comercial,675.0,False,1,Web,hash_637738,524,2,1,0.0,4.0,2.0,1.0,0.0,2.0,0.0,2.0,1386.0,126.0,0.4584539143053914,0,4150000.0,normal
CR000350,CL00314,2026-03-07,Crédito libre inversión,6400000,18,0.0318,473000,App,900,0.114,Automática,Activo,0,2023-09-20,Valle del Cauca,Cali,44,F,4,Universitario,Conductor/Repartidor,4150000.0,Aliado comercial,675.0,False,1,Web,hash_637738,899,3,5,0.0,4.0,2.0,1.0,0.0,2.0,1.0,3.0,1585.0,121.92307692307692,0.3906255570484709,0,4150000.0,normal
CR000351,CL00317,2025-10-13,Avance de nómina,2850000,6,0.0232,514000,App,900,0.1346,Automática,Mora moderada,1,2025-09-01,Atlántico,Barranquilla,43,M,4,Bachiller,Independiente,3820000.0,Campaña digital,571.0,False,0,Android,hash_833946,42,10,0,0.0,1.0,2.0,1.0,0.0,0.0,0.0,0.0,505.0,126.25,0.6439002644393084,1,3820000.0,normal
CR000352,CL00318,2023-09-26,Crédito consumo digital,4150000,6,0.0214,744000,App,858,0.1679,Automática,Finalizado,0,2023-02-03,Caldas,Manizales,33,M,2,Universitario,Microempresario,4430000.0,Call center,633.0,False,1,Web,hash_187566,235,9,1,0.0,1.0,0.0,0.0,0.0,0.0,0.0,0.0,75.0,75.0,0.37458320848673693,0,4430000.0,normal
CR000353,CL00319,2025-06-12,Microcrédito,1200000,24,0.0339,74000,App,832,0.0404,Automática,Activo,0,2024-01-06,Norte de Santander,Cúcuta,39,M,3,Bachiller,Independiente,1830000.0,Referido,559.0,False,1,iOS,hash_289400,523,6,3,0.0,2.0,1.0,2.0,0.0,2.0,0.0,1.0,898.0,112.25,0.5559946191233939,1,1830000.0,normal
CR000354,CL00319,2025-05-28,Crédito consumo digital,850000,9,0.0249,107000,Web,791,0.0585,Automática,Finalizado,0,2024-01-06,Norte de Santander,Cúcuta,39,M,3,Bachiller,Independiente,1830000.0,Referido,559.0,False,1,iOS,hash_289400,508,5,2,0.0,2.0,1.0,2.0,0.0,2.0,0.0,1.0,898.0,112.25,0.4331403408303869,0,1830000.0,normal
CR000355,CL00320,2025-10-03,Crédito consumo digital,3300000,9,0.0381,440000,Web,900,0.0743,Automática,Activo,0,2024-07-12,Antioquia,Medellín,35,F,3,Técnico/Tecnólogo,Empleado,5920000.0,Aliado comercial,713.0,True,2,Android,hash_644748,448,10,4,0.0,2.0,1.0,2.0,0.0,0.0,1.0,2.0,1204.0,150.5,0.1700882418653523,0,5920000.0,normal
CR000356,CL00321,2025-10-01,Crédito consumo digital,1550000,6,0.0317,288000,Aliado,900,0.0567,Automática,Finalizado,0,2024-06-21,Meta,Villavicencio,37,M,2,Universitario,Empleado,5080000.0,App orgánico,714.0,False,1,Android,hash_462578,467,10,2,1.0,8.0,1.0,3.0,0.0,1.0,1.0,0.0,2334.0,155.6,0.07858832402497631,0,5080000.0,normal
CR000357,CL00321,2025-08-05,Crédito libre inversión,5600000,3,0.0276,1971000,App,900,0.388,Manual,Finalizado,0,2024-06-21,Meta,Villavicencio,37,M,2,Universitario,Empleado,5080000.0,App orgánico,714.0,False,1,Android,hash_462578,410,8,1,1.0,6.0,1.0,3.0,0.0,1.0,1.0,0.0,1787.0,137.46153846153845,0.1701222736893967,0,5080000.0,normal
CR000358,CL00322,2025-12-14,Crédito consumo digital,3750000,12,0.0336,385000,Web,767,0.1546,Automática,Activo,0,2025-09-21,Antioquia,Medellín,42,F,3,Universitario,Empleado,2490000.0,Campaña digital,564.0,True,0,iOS,hash_373306,84,12,6,0.0,2.0,0.0,0.0,0.0,0.0,2.0,1.0,903.0,180.6,0.4738683965749668,0,2490000.0,normal
CR000359,CL00322,2026-03-08,Microcrédito,3450000,3,0.0415,1247000,App,792,0.5008,Manual,Activo,0,2025-09-21,Antioquia,Medellín,42,F,3,Universitario,Empleado,2490000.0,Campaña digital,564.0,True,0,iOS,hash_373306,168,3,6,0.0,2.0,1.0,1.0,0.0,1.0,3.0,1.0,1351.0,150.11111111111111,0.35699649263294686,0,2490000.0,normal
CR000360,CL00323,2024-09-29,Crédito libre inversión,8050000,6,0.0207,1440000,App,750,0.5333,Manual,Finalizado,0,2024-05-10,Antioquia,Medellín,28,F,3,Universitario,Conductor/Repartidor,2700000.0,Campaña digital,616.0,True,0,iOS,hash_625667,142,9,6,0.0,1.0,0.0,0.0,0.0,0.0,0.0,0.0,466.0,466.0,0.6136044464296634,1,2700000.0,normal
CR000361,CL00324,2025-07-01,Microcrédito,2500000,3,0.0358,894000,Aliado,900,0.3679,Manual,Finalizado,0,2025-06-06,Atlántico,Barranquilla,57,M,3,Bachiller,Comerciante,2430000.0,Campaña digital,663.0,False,0,Web,hash_967838,25,7,1,0.0,0.0,0.0,0.0,0.0,0.0,0.0,0.0,0.0,0.0,0.42977769252611897,0,2430000.0,normal
CR000362,CL00325,2024-08-22,Crédito libre inversión,7200000,3,0.0335,2563000,Web,296,1.5821,Excepción,Mora moderada,1,2023-10-07,Antioquia,Medellín,26,M,1,Sin información,Conductor/Repartidor,1620000.0,Campaña digital,588.0,False,0,iOS,hash_698029,320,8,3,0.0,1.0,2.0,0.0,0.0,0.0,0.0,1.0,683.0,170.75,0.77201239327942,1,1620000.0,normal
CR000363,CL00327,2024-09-30,Crédito libre inversión,1200000,3,0.0274,422000,App,731,0.6594,Excepción,Mora moderada,1,2024-02-02,Bogotá D.C.,Bogotá,48,F,2,Bachiller,Desempleado,640000.0,App orgánico,495.0,False,1,Android,hash_676265,241,9,0,0.0,0.0,0.0,0.0,0.0,1.0,0.0,0.0,54.0,54.0,0.8675242449485018,1,640000.0,normal
CR000364,CL00328,2025-03-12,Microcrédito,2500000,3,0.0382,898000,Call center,860,0.2897,Automática,Finalizado,0,2023-05-08,Bogotá D.C.,Bogotá,44,F,5,Bachiller,Empleado,3100000.0,Aliado comercial,688.0,True,0,Web,hash_617961,674,3,2,0.0,2.0,2.0,2.0,1.0,1.0,0.0,2.0,1749.0,174.9,0.3062344276364941,0,3100000.0,normal
CR000365,CL00328,2024-09-19,Crédito consumo digital,1950000,6,0.0266,356000,App,896,0.1148,Automática,Finalizado,0,2023-05-08,Bogotá D.C.,Bogotá,44,F,5,Bachiller,Empleado,3100000.0,Aliado comercial,688.0,True,0,Web,hash_617961,500,9,3,0.0,1.0,2.0,1.0,1.0,1.0,0.0,2.0,1453.0,181.625,0.3069477685648013,0,3100000.0,normal
CR000366,CL00328,2025-04-09,Crédito consumo digital,1150000,6,0.0306,213000,App,900,0.0687,Automática,Finalizado,0,2023-05-08,Bogotá D.C.,Bogotá,44,F,5,Bachiller,Empleado,3100000.0,Aliado comercial,688.0,True,0,Web,hash_617961,702,4,2,0.0,2.0,2.0,2.0,1.0,1.0,0.0,2.0,1749.0,174.9,0.28061181253264145,0,3100000.0,normal
CR000367,CL00329,2025-12-22,Crédito consumo digital,2050000,9,0.0209,252000,Web,900,0.0708,Automática,Activo,0,2025-05-13,Bogotá D.C.,Bogotá,42,F,3,Universitario,Empleado,3560000.0,Aliado comercial,757.0,False,0,Android,hash_635607,223,12,0,0.0,2.0,2.0,1.0,0.0,1.0,0.0,1.0,1959.0,279.85714285714283,0.19262018332759784,0,3560000.0,normal
CR000368,CL00332,2024-05-11,Crédito consumo digital,1750000,6,0.0352,329000,App,767,0.1388,Automática,Finalizado,0,2023-12-09,Risaralda,Pereira,27,M,3,Bachiller,Comerciante,2370000.0,Referido,571.0,False,0,Android,hash_772225,154,5,5,0.0,0.0,0.0,0.0,0.0,1.0,0.0,0.0,186.0,186.0,0.5985481272091947,1,2370000.0,normal
CR000369,CL00333,2025-01-25,Avance de nómina,1250000,3,0.0308,443000,Web,781,0.2395,Automática,Mora moderada,1,2023-09-05,Bogotá D.C.,Bogotá,37,M,3,Bachiller,Microempresario,1850000.0,Aliado comercial,555.0,False,1,Android,hash_824276,508,1,5,0.0,2.0,2.0,2.0,0.0,1.0,0.0,2.0,1612.0,179.11111111111111,0.38525508601960157,0,1850000.0,normal
CR000370,CL00334,2024-03-15,Crédito consumo digital,1000000,6,0.0322,186000,App,704,0.0886,Automática,Finalizado,0,2023-01-17,Cundinamarca,Soacha,29,F,2,Universitario,Independiente,2100000.0,Referido,454.0,True,4,Android,hash_292593,423,3,4,1.0,0.0,1.0,0.0,1.0,2.0,0.0,0.0,664.0,132.8,0.31345275884398616,0,2100000.0,normal
CR000371,CL00335,2026-02-08,Crédito consumo digital,1400000,3,0.0271,492000,Aliado,900,0.1386,Automática,Activo,0,2024-02-13,Bogotá D.C.,Bogotá,46,F,2,Sin información,Independiente,3550000.0,Campaña digital,597.0,False,1,Android,hash_426754,726,2,6,0.0,2.0,2.0,1.0,0.0,2.0,1.0,2.0,1562.0,156.2,0.18886950962654,0,3550000.0,normal
CR000372,CL00336,2024-10-04,Microcrédito,2800000,12,0.0414,301000,Aliado,830,0.1091,Automática,Finalizado,0,2023-11-04,Bogotá D.C.,Bogotá,35,F,4,Técnico/Tecnólogo,Conductor/Repartidor,2760000.0,App orgánico,583.0,False,2,iOS,hash_359405,335,10,4,0.0,1.0,4.0,0.0,0.0,0.0,1.0,0.0,542.0,90.33333333333333,0.569598707362908,1,2760000.0,normal
CR000373,CL00340,2024-01-01,Microcrédito,5450000,9,0.0359,719000,App,900,0.1692,Automática,Finalizado,0,2023-01-28,Norte de Santander,Cúcuta,30,M,3,Posgrado,Empleado,4250000.0,Aliado comercial,666.0,True,3,Android,hash_494813,338,1,0,0.0,0.0,0.0,0.0,0.0,1.0,0.0,0.0,10.0,10.0,0.32726404811157017,0,4250000.0,normal
CR000374,CL00341,2025-07-26,Microcrédito,950000,9,0.0435,130000,Web,699,0.0818,Automática,Mora severa,1,2025-07-07,Bogotá D.C.,Bogotá,28,F,6,Universitario,Desempleado,1590000.0,App orgánico,531.0,True,1,Android,hash_162894,19,7,5,0.0,0.0,0.0,0.0,0.0,0.0,0.0,0.0,0.0,0.0,0.7877601512892904,1,1590000.0,normal
CR000375,CL00341,2026-02-23,Crédito libre inversión,2600000,9,0.0278,330000,Aliado,748,0.2075,Automática,Activo,0,2025-07-07,Bogotá D.C.,Bogotá,28,F,6,Universitario,Desempleado,1590000.0,App orgánico,531.0,True,1,Android,hash_162894,231,2,0,0.0,0.0,1.0,0.0,0.0,2.0,0.0,0.0,416.0,138.66666666666666,0.6609345517363182,1,1590000.0,normal
CR000376,CL00344,2025-05-11,Crédito consumo digital,1650000,6,0.0255,300000,App,881,0.1887,Automática,Finalizado,0,2024-11-27,Bogotá D.C.,Bogotá,31,F,2,Universitario,Independiente,1590000.0,App orgánico,548.0,True,2,Android,hash_313968,165,5,6,0.0,2.0,1.0,0.0,0.0,0.0,0.0,1.0,809.0,202.25,0.5226461439108308,1,1590000.0,normal
CR000377,CL00344,2025-12-18,Crédito consumo digital,900000,9,0.033,117000,Aliado,838,0.0736,Automática,Activo,0,2024-11-27,Bogotá D.C.,Bogotá,31,F,2,Universitario,Independiente,1590000.0,App orgánico,548.0,True,2,Android,hash_313968,386,12,3,2.0,3.0,4.0,1.0,0.0,1.0,0.0,2.0,2713.0,208.69230769230768,0.34817847101836835,0,1590000.0,normal
CR000378,CL00345,2025-09-11,Microcrédito,850000,9,0.0445,117000,Call center,585,0.2089,Manual,Mora moderada,1,2025-06-05,Bogotá D.C.,Bogotá,31,M,3,Sin información,Desempleado,560000.0,Campaña digital,401.0,True,0,iOS,hash_727915,98,9,3,1.0,0.0,2.0,1.0,0.0,0.0,1.0,1.0,1668.0,278.0,0.7466525349162728,1,560000.0,normal
CR000379,CL00345,2026-01-29,Crédito consumo digital,550000,12,0.0202,52000,Aliado,694,0.0929,Automática,Mora moderada,1,2025-06-05,Bogotá D.C.,Bogotá,31,M,3,Sin información,Desempleado,560000.0,Campaña digital,401.0,True,0,iOS,hash_727915,238,1,3,1.0,1.0,3.0,1.0,0.0,0.0,2.0,1.0,1939.0,215.44444444444446,0.5833706468145582,1,560000.0,normal
CR000380,CL00346,2026-02-19,Crédito consumo digital,3200000,12,0.0305,322000,Call center,827,0.1253,Automática,Activo,0,2026-01-09,Valle del Cauca,Cali,38,M,3,Bachiller,Independiente,2570000.0,Aliado comercial,569.0,False,1,Android,hash_834665,41,2,3,0.0,0.0,0.0,0.0,0.0,0.0,0.0,0.0,0.0,0.0,0.6957890461902556,1,2570000.0,normal
CR000381,CL00347,2026-02-12,Microcrédito,2100000,9,0.04,282000,App,805,0.1097,Automática,Mora moderada,1,2025-01-03,Risaralda,Pereira,22,F,2,Bachiller,Pensionado,2570000.0,App orgánico,560.0,False,2,iOS,hash_277946,405,2,3,0.0,2.0,3.0,0.0,2.0,1.0,0.0,1.0,1077.0,119.66666666666667,0.4817862397500411,0,2570000.0,normal
CR000382,CL00348,2025-08-09,Crédito libre inversión,1950000,6,0.0305,361000,App,797,0.1778,Automática,Mora moderada,1,2025-08-27,Antioquia,Medellín,22,No informa,3,Sin información,Empleado,2030000.0,App orgánico,565.0,False,2,Android,hash_459267,-18,8,5,0.0,0.0,0.0,0.0,0.0,0.0,0.0,0.0,0.0,0.0,0.6541012773835622,1,2030000.0,normal
CR000383,CL00349,2025-06-17,Crédito consumo digital,1700000,12,0.0306,171000,App,900,0.052,Automática,Mora moderada,1,2024-10-19,Antioquia,Medellín,29,F,3,Sin información,Empleado,3290000.0,Campaña digital,604.0,False,0,Android,hash_922343,241,6,1,1.0,2.0,2.0,1.0,0.0,0.0,0.0,0.0,881.0,146.83333333333334,0.36443041669159654,0,3290000.0,normal
CR000384,CL00351,2024-11-15,Avance de nómina,700000,6,0.0309,130000,Web,778,0.0553,Automática,Mora moderada,1,2024-03-04,Norte de Santander,Cúcuta,39,M,2,Técnico/Tecnólogo,Empleado,2350000.0,App orgánico,591.0,True,0,iOS,hash_896266,256,11,4,0.0,0.0,0.0,0.0,0.0,1.0,0.0,0.0,117.0,117.0,0.6126372317588346,1,2350000.0,normal
CR000385,CL00352,2025-03-05,Crédito consumo digital,1300000,6,0.0206,233000,App,822,0.1438,Automática,Finalizado,0,2023-06-01,Bogotá D.C.,Bogotá,51,M,3,Técnico/Tecnólogo,Empleado,1620000.0,Campaña digital,674.0,False,0,Android,hash_892515,643,3,2,0.0,0.0,1.0,0.0,1.0,0.0,0.0,0.0,423.0,211.5,0.2852982526042285,0,1620000.0,normal
CR000386,CL00353,2023-06-02,Crédito libre inversión,18800000,6,0.017,3323000,Aliado,900,0.3323,Automática,Finalizado,0,2023-01-26,Antioquia,Medellín,45,F,4,Bachiller,Empleado,10000000.0,Campaña digital,826.0,True,2,Android,hash_114260,127,6,4,1.0,0.0,0.0,0.0,0.0,0.0,0.0,0.0,428.0,428.0,0.29686316619162156,0,7082400.000000003,outlier_real
CR000387,CL00354,2025-05-30,Crédito consumo digital,1950000,9,0.0309,252000,App,844,0.0881,Automática,Finalizado,0,2025-09-14,Bogotá D.C.,Bogotá,34,F,3,Bachiller,Independiente,2860000.0,App orgánico,631.0,True,3,Android,hash_411896,-107,5,4,0.0,0.0,0.0,0.0,0.0,0.0,0.0,0.0,0.0,0.0,0.4121984750121011,0,2860000.0,normal
CR000388,CL00355,2025-03-06,Crédito consumo digital,1600000,18,0.0311,117000,Call center,891,0.06,Automática,Activo,0,2024-12-30,Bogotá D.C.,Bogotá,36,M,3,Universitario,Empleado,1950000.0,App orgánico,646.0,False,0,iOS,hash_760601,66,3,3,0.0,0.0,0.0,0.0,0.0,0.0,0.0,1.0,39.0,39.0,0.29832170647731726,0,1950000.0,normal
CR000389,CL00356,2025-11-13,Crédito consumo digital,1250000,18,0.0303,91000,Aliado,820,0.0446,Automática,Activo,0,2023-11-23,Bogotá D.C.,Bogotá,26,F,4,Sin información,Comerciante,2040000.0,Referido,545.0,False,1,iOS,hash_759510,721,11,3,1.0,1.0,1.0,1.0,1.0,1.0,0.0,1.0,1315.0,187.85714285714286,0.37719713239085106,0,2040000.0,normal
CR000390,CL00357,2025-06-25,Crédito libre inversión,950000,3,0.0258,333000,Aliado,719,0.2622,Automática,Finalizado,0,2023-03-03,Cundinamarca,Soacha,36,M,2,Técnico/Tecnólogo,Conductor/Repartidor,1270000.0,Campaña digital,434.0,False,0,iOS,hash_986146,845,6,2,0.0,1.0,3.0,0.0,0.0,1.0,0.0,1.0,1244.0,207.33333333333334,0.4285141683413936,0,1270000.0,normal
CR000391,CL00357,2024-10-17,Microcrédito,1050000,12,0.0269,104000,Web,740,0.0819,Automática,Mora severa,1,2023-03-03,Cundinamarca,Soacha,36,M,2,Técnico/Tecnólogo,Conductor/Repartidor,1270000.0,Campaña digital,434.0,False,0,iOS,hash_986146,594,10,3,0.0,1.0,2.0,0.0,0.0,0.0,0.0,0.0,905.0,301.6666666666667,0.7071290502359541,1,1270000.0,normal
CR000392,CL00358,2024-02-24,Microcrédito,8050000,9,0.0333,1050000,App,878,0.3088,Automática,Finalizado,0,2024-01-15,Bogotá D.C.,Bogotá,33,M,3,Universitario,Empleado,3400000.0,Call center,598.0,False,3,iOS,hash_196748,40,2,5,0.0,1.0,0.0,0.0,0.0,0.0,0.0,0.0,600.0,600.0,0.4034652424875449,0,3400000.0,normal
CR000393,CL00359,2026-03-23,Crédito libre inversión,6700000,24,0.0273,384000,App,874,0.1333,Automática,Activo,0,2024-10-22,Antioquia,Medellín,39,F,4,Técnico/Tecnólogo,Comerciante,2880000.0,Call center,650.0,True,2,Android,hash_373280,517,3,0,0.0,3.0,3.0,0.0,1.0,1.0,0.0,0.0,1374.0,171.75,0.36988635259870734,0,2880000.0,normal
CR000394,CL00362,2024-10-25,Avance de nómina,800000,12,0.0244,78000,App,820,0.0438,Automática,Mora severa,1,2024-10-05,Cundinamarca,Soacha,51,M,4,Universitario,Conductor/Repartidor,1780000.0,Referido,479.0,False,4,Android,hash_726776,20,10,4,0.0,0.0,0.0,0.0,0.0,0.0,0.0,0.0,0.0,0.0,0.7442490156371989,1,1780000.0,normal
CR000395,CL00363,2024-08-01,Crédito libre inversión,2950000,6,0.0202,527000,Aliado,900,0.1514,Automática,Finalizado,0,2024-01-12,Bogotá D.C.,Bogotá,35,M,3,Técnico/Tecnólogo,Microempresario,3480000.0,App orgánico,661.0,False,1,Android,hash_707871,202,8,3,0.0,1.0,2.0,0.0,0.0,1.0,0.0,0.0,540.0,135.0,0.4023153248460526,0,3480000.0,normal
CR000396,CL00363,2024-02-13,Avance de nómina,1700000,12,0.0214,162000,Aliado,900,0.0466,Automática,Finalizado,0,2024-01-12,Bogotá D.C.,Bogotá,35,M,3,Técnico/Tecnólogo,Microempresario,3480000.0,App orgánico,661.0,False,1,Android,hash_707871,32,2,1,0.0,0.0,1.0,0.0,0.0,0.0,0.0,0.0,77.0,77.0,0.28454183857114973,0,3480000.0,normal
CR000397,CL00364,2026-02-13,Crédito consumo digital,2250000,6,0.0323,418000,App,884,0.1614,Automática,Activo,0,2025-01-05,Cundinamarca,Soacha,40,M,3,Sin información,Conductor/Repartidor,2590000.0,App orgánico,530.0,False,0,Android,hash_373363,404,2,4,1.0,2.0,4.0,2.0,1.0,1.0,0.0,2.0,2064.0,158.76923076923077,0.2711170331426432,0,2590000.0,normal
CR000398,CL00364,2026-03-10,Crédito consumo digital,700000,9,0.026,88000,Aliado,791,0.034,Automática,Activo,0,2025-01-05,Cundinamarca,Soacha,40,M,3,Sin información,Conductor/Repartidor,2590000.0,App orgánico,530.0,False,0,Android,hash_373363,429,3,1,1.0,2.0,5.0,2.0,1.0,1.0,0.0,2.0,2299.0,164.21428571428572,0.2695319738226951,0,2590000.0,normal
CR000399,CL00366,2026-01-06,Avance de nómina,1200000,12,0.0214,114000,App,897,0.0432,Automática,Activo,0,2025-07-01,Valle del Cauca,Cali,32,F,2,Posgrado,Comerciante,2640000.0,Campaña digital,662.0,False,0,Web,hash_865372,189,1,1,0.0,0.0,1.0,0.0,0.0,0.0,2.0,1.0,1582.0,395.5,0.2318595505790582,0,2640000.0,normal
CR000400,CL00366,2025-10-23,Crédito consumo digital,1750000,18,0.0321,130000,Web,877,0.0492,Automática,Activo,0,2025-07-01,Valle del Cauca,Cali,32,F,2,Posgrado,Comerciante,2640000.0,Campaña digital,662.0,False,0,Web,hash_865372,114,10,3,0.0,0.0,0.0,0.0,0.0,0.0,0.0,0.0,0.0,0.0,0.2643379500484254,0,2640000.0,normal
CR000401,CL00368,2025-11-17,Microcrédito,2300000,12,0.0428,249000,Web,571,0.1215,Manual,Activo,0,2024-07-29,Cundinamarca,Soacha,36,F,2,Universitario,Comerciante,2050000.0,Call center,588.0,False,3,Android,hash_139080,476,11,0,0.0,0.0,5.0,1.0,0.0,1.0,0.0,0.0,1154.0,164.85714285714286,0.5391643940283447,1,2050000.0,normal
CR000402,CL00369,2025-12-28,Crédito consumo digital,1250000,12,0.0363,130000,App,795,0.0588,Automática,Activo,0,2024-01-30,Bolívar,Cartagena,37,M,3,Universitario,Empleado,2210000.0,Campaña digital,569.0,False,0,Web,hash_593197,698,12,6,1.0,4.0,3.0,0.0,0.0,3.0,1.0,1.0,2303.0,177.15384615384616,0.23739081807194537,0,2210000.0,normal
CR000403,CL00369,2025-02-07,Crédito libre inversión,3550000,9,0.0277,451000,Web,816,0.2041,Automática,Mora moderada,1,2024-01-30,Bolívar,Cartagena,37,M,3,Universitario,Empleado,2210000.0,Campaña digital,569.0,False,0,Web,hash_593197,374,2,4,1.0,2.0,1.0,0.0,0.0,0.0,0.0,1.0,849.0,169.8,0.4719785871766747,0,2210000.0,normal
CR000404,CL00369,2024-09-10,Avance de nómina,850000,9,0.0261,107000,Aliado,900,0.0484,Automática,Finalizado,0,2024-01-30,Bolívar,Cartagena,37,M,3,Universitario,Empleado,2210000.0,Campaña digital,569.0,False,0,Web,hash_593197,224,9,1,1.0,1.0,0.0,0.0,0.0,0.0,0.0,1.0,329.0,109.66666666666667,0.5140524388554756,1,2210000.0,normal
CR000405,CL00371,2026-02-20,Crédito consumo digital,2300000,9,0.0351,303000,App,695,0.0723,Automática,Activo,0,2025-05-06,Bogotá D.C.,Bogotá,36,F,3,Universitario,Empleado,4190000.0,App orgánico,588.0,False,2,iOS,hash_892644,290,2,4,0.0,3.0,4.0,0.0,0.0,1.0,0.0,0.0,1457.0,182.125,0.15678830459447382,0,4190000.0,normal
CR000406,CL00372,2024-07-11,Crédito consumo digital,1700000,9,0.033,221000,Aliado,900,0.0505,Automática,Finalizado,0,2023-07-24,Valle del Cauca,Cali,41,F,2,Universitario,Empleado,4380000.0,App orgánico,707.0,True,4,Web,hash_760899,353,7,3,0.0,0.0,0.0,0.0,1.0,0.0,1.0,0.0,624.0,312.0,0.2034401706281926,0,4380000.0,normal
CR000407,CL00374,2024-05-02,Crédito libre inversión,1700000,18,0.0171,110000,Web,566,0.0618,Manual,Finalizado,0,2024-01-05,Atlántico,Barranquilla,46,F,1,Universitario,Conductor/Repartidor,1780000.0,Referido,588.0,False,4,iOS,hash_910586,118,5,3,0.0,1.0,1.0,0.0,0.0,0.0,0.0,0.0,441.0,220.5,0.5951778962847252,1,1780000.0,normal
CR000408,CL00375,2023-04-11,Microcrédito,3200000,12,0.0251,312000,App,851,0.1345,Automática,Mora severa,1,2023-03-25,Atlántico,Barranquilla,58,F,4,Técnico/Tecnólogo,Conductor/Repartidor,2320000.0,App orgánico,603.0,False,0,Web,hash_576186,17,4,1,0.0,0.0,0.0,0.0,0.0,0.0,0.0,0.0,0.0,0.0,0.6616421143985114,1,2320000.0,normal
CR000409,CL00375,2023-08-07,Microcrédito,2700000,6,0.0374,511000,App,787,0.2203,Automática,Mora moderada,1,2023-03-25,Atlántico,Barranquilla,58,F,4,Técnico/Tecnólogo,Conductor/Repartidor,2320000.0,App orgánico,603.0,False,0,Web,hash_576186,135,8,0,0.0,0.0,2.0,1.0,0.0,0.0,0.0,0.0,693.0,231.0,0.6113507399898024,1,2320000.0,normal
CR000410,CL00376,2024-06-26,Avance de nómina,450000,12,0.029,45000,Call center,883,0.015,Automática,Finalizado,0,2023-03-12,Santander,Bucaramanga,28,M,3,Sin información,Empleado,3010000.0,App orgánico,566.0,False,2,Android,hash_527195,472,6,2,2.0,0.0,1.0,3.0,0.0,0.0,0.0,1.0,940.0,134.28571428571428,0.42622405509360484,0,3010000.0,normal
CR000411,CL00376,2025-08-11,Crédito consumo digital,800000,9,0.0319,104000,Aliado,790,0.0346,Automática,Activo,0,2023-03-12,Santander,Bucaramanga,28,M,3,Sin información,Empleado,3010000.0,App orgánico,566.0,False,2,Android,hash_527195,883,8,0,2.0,2.0,4.0,5.0,0.0,2.0,0.0,3.0,2741.0,152.27777777777777,0.3741249135554454,0,3010000.0,normal
CR000412,CL00376,2023-05-02,Crédito libre inversión,1750000,3,0.0196,606000,Aliado,860,0.2013,Automática,Finalizado,0,2023-03-12,Santander,Bucaramanga,28,M,3,Sin información,Empleado,3010000.0,App orgánico,566.0,False,2,Android,hash_527195,51,5,1,0.0,0.0,1.0,0.0,0.0,0.0,0.0,0.0,311.0,311.0,0.3729090887263617,0,3010000.0,normal
CR000413,CL00377,2026-03-15,Crédito consumo digital,1400000,12,0.0246,136000,App,831,0.0469,Automática,Activo,0,2024-12-14,Valle del Cauca,Cali,45,M,1,Bachiller,Empleado,2900000.0,Campaña digital,603.0,True,2,Android,hash_151999,456,3,6,0.0,0.0,1.0,3.0,0.0,0.0,0.0,0.0,800.0,200.0,0.262047979359602,0,2900000.0,normal
CR000414,CL00378,2026-01-06,Crédito consumo digital,900000,12,0.0225,86000,Aliado,704,0.0497,Automática,Activo,0,2024-10-02,Antioquia,Medellín,38,M,1,Técnico/Tecnólogo,Independiente,1730000.0,Campaña digital,471.0,False,2,Android,hash_657647,461,1,1,2.0,1.0,6.0,2.0,0.0,0.0,0.0,0.0,1410.0,128.1818181818182,0.3854849097644891,0,1730000.0,normal
CR000415,CL00378,2026-01-18,Crédito libre inversión,1800000,3,0.017,621000,Web,677,0.359,Manual,Mora moderada,1,2024-10-02,Antioquia,Medellín,38,M,1,Técnico/Tecnólogo,Independiente,1730000.0,Campaña digital,471.0,False,2,Android,hash_657647,473,1,6,2.0,1.0,6.0,2.0,0.0,1.0,0.0,0.0,1554.0,129.5,0.3686879389939381,0,1730000.0,normal
CR000416,CL00379,2024-10-31,Crédito libre inversión,2950000,9,0.0246,369000,Web,873,0.0979,Automática,Mora moderada,1,2024-08-10,Atlántico,Barranquilla,58,M,2,Universitario,Empleado,3770000.0,Aliado comercial,731.0,False,1,Android,hash_129717,82,10,3,0.0,1.0,0.0,0.0,0.0,0.0,0.0,0.0,59.0,59.0,0.3549120229409771,0,3770000.0,normal
CR000417,CL00380,2025-11-24,Crédito consumo digital,2700000,9,0.0341,353000,App,786,0.1293,Automática,Activo,0,2025-09-05,Bogotá D.C.,Bogotá,28,F,2,Bachiller,Empleado,2730000.0,Aliado comercial,573.0,True,3,Android,hash_691058,80,11,0,0.0,1.0,2.0,1.0,1.0,0.0,0.0,0.0,1075.0,215.0,0.450754573563059,0,2730000.0,normal
CR000418,CL00380,2025-10-23,Crédito libre inversión,3000000,6,0.018,532000,App,867,0.1949,Automática,Finalizado,0,2025-09-05,Bogotá D.C.,Bogotá,28,F,2,Bachiller,Empleado,2730000.0,Aliado comercial,573.0,True,3,Android,hash_691058,48,10,3,0.0,1.0,2.0,0.0,1.0,0.0,0.0,0.0,948.0,237.0,0.5006766439036859,1,2730000.0,normal
CR000419,CL00380,2026-03-10,Crédito consumo digital,2100000,9,0.035,276000,Web,857,0.1011,Automática,Activo,0,2025-09-05,Bogotá D.C.,Bogotá,28,F,2,Bachiller,Empleado,2730000.0,Aliado comercial,573.0,True,3,Android,hash_691058,186,3,1,1.0,1.0,8.0,1.0,1.0,1.0,0.0,0.0,2238.0,172.15384615384616,0.19821746410952937,0,2730000.0,normal
CR000420,CL00381,2023-11-22,Crédito consumo digital,900000,9,0.0223,111000,Aliado,747,0.073,Automática,Mora severa,1,2023-03-01,Cundinamarca,Soacha,28,F,3,Universitario,Independiente,1520000.0,Campaña digital,503.0,True,3,Android,hash_881675,266,11,2,0.0,1.0,0.0,0.0,0.0,0.0,0.0,0.0,103.0,103.0,0.8135811012396408,1,1520000.0,normal
CR000421,CL00382,2025-09-27,Crédito libre inversión,6800000,3,0.0339,2422000,App,900,0.3387,Automática,Finalizado,0,2025-03-02,Bogotá D.C.,Bogotá,30,F,4,Universitario,Empleado,7150000.0,Aliado comercial,730.0,True,0,Android,hash_611984,209,9,5,0.0,0.0,3.0,0.0,1.0,2.0,0.0,0.0,724.0,120.66666666666667,0.3417244956540918,0,7082400.000000003,outlier_real
CR000422,CL00383,2025-07-18,Microcrédito,3350000,9,0.0324,435000,App,869,0.1154,Automática,Mora moderada,1,2023-08-07,Atlántico,Barranquilla,19,M,3,Sin información,Independiente,3770000.0,Campaña digital,500.0,False,1,Android,hash_272905,711,7,4,2.0,3.0,1.0,3.0,0.0,1.0,0.0,2.0,1259.0,104.91666666666667,0.7973788940239793,1,3770000.0,normal
CR000423,CL00383,2026-01-02,Crédito consumo digital,1350000,9,0.0356,178000,Web,795,0.0472,Automática,Activo,0,2023-08-07,Atlántico,Barranquilla,19,M,3,Sin información,Independiente,3770000.0,Campaña digital,500.0,False,1,Android,hash_272905,879,1,4,2.0,3.0,2.0,3.0,0.0,2.0,0.0,2.0,1712.0,122.28571428571429,0.4295266236683876,0,3770000.0,normal
CR000424,CL00384,2025-05-22,Crédito consumo digital,4150000,18,0.0323,308000,Aliado,877,0.0725,Automática,Activo,0,2025-12-27,Valle del Cauca,Cali,31,F,5,Bachiller,Microempresario,4250000.0,Aliado comercial,611.0,True,1,Android,hash_933410,-219,5,3,0.0,0.0,0.0,0.0,0.0,0.0,0.0,0.0,0.0,0.0,0.38725639559606423,0,4250000.0,normal
CR000425,CL00384,2026-02-13,Microcrédito,2950000,12,0.0289,294000,App,900,0.0692,Automática,Activo,0,2025-12-27,Valle del Cauca,Cali,31,F,5,Bachiller,Microempresario,4250000.0,Aliado comercial,611.0,True,1,Android,hash_933410,48,2,4,0.0,1.0,0.0,1.0,0.0,0.0,1.0,1.0,759.0,189.75,0.29569387324636537,0,4250000.0,normal
CR000426,CL00385,2026-01-13,Crédito consumo digital,1300000,12,0.0269,128000,Aliado,848,0.0604,Automática,Activo,0,2023-08-07,Atlántico,Barranquilla,28,M,2,Posgrado,Conductor/Repartidor,2120000.0,App orgánico,565.0,False,0,iOS,hash_951112,890,1,1,0.0,2.0,1.0,0.0,0.0,0.0,0.0,1.0,915.0,228.75,0.46391915473665213,0,2120000.0,normal
CR000427,CL00386,2024-03-09,Crédito consumo digital,2100000,6,0.0237,380000,Web,780,0.1467,Automática,Mora severa,1,2024-02-15,Antioquia,Medellín,38,M,4,Técnico/Tecnólogo,Conductor/Repartidor,2590000.0,Campaña digital,473.0,False,1,Android,hash_575881,23,3,5,0.0,0.0,0.0,0.0,0.0,0.0,0.0,0.0,0.0,0.0,0.7356934812317233,1,2590000.0,normal
CR000428,CL00386,2025-10-15,Crédito consumo digital,1150000,18,0.036,88000,App,794,0.034,Automática,Mora moderada,0,2024-02-15,Antioquia,Medellín,38,M,4,Técnico/Tecnólogo,Conductor/Repartidor,2590000.0,Campaña digital,473.0,False,1,Android,hash_575881,608,10,2,0.0,4.0,2.0,2.0,1.0,2.0,1.0,0.0,2571.0,214.25,0.5029308036031481,1,2590000.0,normal
CR000429,CL00387,2025-12-26,Crédito libre inversión,3700000,6,0.028,678000,App,679,0.2638,Automática,Mora moderada,1,2025-09-08,Bogotá D.C.,Bogotá,39,M,2,Universitario,Comerciante,2570000.0,Campaña digital,469.0,False,2,iOS,hash_385916,109,12,4,0.0,2.0,0.0,0.0,0.0,1.0,0.0,0.0,475.0,158.33333333333334,0.7960825282039745,1,2570000.0,normal
CR000430,CL00389,2025-08-31,Crédito libre inversión,6650000,24,0.0221,360000,App,877,0.1682,Automática,Activo,0,2025-01-05,Cundinamarca,Soacha,46,No informa,1,Técnico/Tecnólogo,Empleado,2140000.0,Referido,670.0,False,0,iOS,hash_987766,238,8,6,0.0,1.0,0.0,0.0,0.0,1.0,1.0,0.0,446.0,148.66666666666666,0.2977077927489844,0,2140000.0,normal
CR000431,CL00390,2024-11-02,Avance de nómina,1050000,6,0.0291,193000,Aliado,900,0.039,Automática,Finalizado,0,2024-05-27,Cundinamarca,Soacha,30,M,6,Posgrado,Empleado,4950000.0,Referido,702.0,False,0,Android,hash_834303,159,11,5,0.0,0.0,0.0,0.0,0.0,3.0,0.0,0.0,341.0,113.66666666666667,0.19666916337038026,0,4950000.0,normal
CR000432,CL00391,2025-07-12,Avance de nómina,350000,6,0.0195,62000,App,797,0.0323,Automática,Finalizado,0,2024-12-21,Risaralda,Pereira,27,M,3,Bachiller,Independiente,1920000.0,Referido,568.0,False,2,Android,hash_641428,203,7,5,0.0,1.0,2.0,1.0,0.0,0.0,0.0,0.0,613.0,153.25,0.5103469101425787,1,1920000.0,normal
CR000433,CL00393,2026-02-22,Avance de nómina,250000,6,0.0241,45000,Aliado,720,0.0616,Automática,Activo,0,2025-08-16,Santander,Bucaramanga,23,No informa,2,Universitario,Estudiante,730000.0,Campaña digital,433.0,False,0,Android,hash_882702,190,2,6,0.0,2.0,3.0,0.0,0.0,1.0,0.0,0.0,539.0,89.83333333333333,0.5768574803784438,1,730000.0,normal
CR000434,CL00394,2025-11-16,Crédito consumo digital,1950000,12,0.0294,195000,Aliado,727,0.1147,Automática,Activo,0,2024-09-30,Bogotá D.C.,Bogotá,54,F,3,Universitario,Estudiante,1700000.0,Campaña digital,585.0,True,4,iOS,hash_519627,412,11,6,0.0,5.0,5.0,0.0,1.0,2.0,0.0,0.0,1690.0,130.0,0.23236302039054685,0,1700000.0,normal
CR000435,CL00394,2025-10-22,Crédito consumo digital,1350000,9,0.0309,174000,Web,769,0.1024,Automática,Activo,0,2024-09-30,Bogotá D.C.,Bogotá,54,F,3,Universitario,Estudiante,1700000.0,Campaña digital,585.0,True,4,iOS,hash_519627,387,10,2,0.0,4.0,5.0,0.0,1.0,2.0,0.0,0.0,1638.0,136.5,0.23236302039054685,0,1700000.0,normal
CR000436,CL00395,2025-09-11,Crédito libre inversión,4650000,12,0.0228,447000,App,803,0.1437,Automática,Activo,0,2023-05-10,Bogotá D.C.,Bogotá,48,F,1,Bachiller,Empleado,3110000.0,App orgánico,593.0,True,3,Android,hash_806376,855,9,3,1.0,3.0,5.0,3.0,0.0,3.0,1.0,1.0,2898.0,170.47058823529412,0.37267984107716035,0,3110000.0,normal
CR000437,CL00395,2024-02-22,Crédito consumo digital,1550000,9,0.0352,204000,Web,834,0.0656,Automática,Finalizado,0,2023-05-10,Bogotá D.C.,Bogotá,48,F,1,Bachiller,Empleado,3110000.0,App orgánico,593.0,True,3,Android,hash_806376,288,2,3,1.0,1.0,2.0,2.0,0.0,1.0,0.0,0.0,1015.0,145.0,0.13759188708987333,0,3110000.0,normal
CR000438,CL00395,2025-03-28,Crédito consumo digital,1950000,9,0.0329,254000,App,842,0.0817,Automática,Finalizado,0,2023-05-10,Bogotá D.C.,Bogotá,48,F,1,Bachiller,Empleado,3110000.0,App orgánico,593.0,True,3,Android,hash_806376,688,3,4,1.0,3.0,3.0,2.0,0.0,1.0,1.0,1.0,1828.0,152.33333333333334,0.13460838017568177,0,3110000.0,normal
CR000439,CL00397,2026-03-09,Microcrédito,1850000,3,0.0287,652000,Aliado,741,0.3622,Manual,Activo,0,2025-07-11,Cundinamarca,Soacha,19,F,2,Bachiller,Comerciante,1800000.0,Referido,453.0,False,0,iOS,hash_216585,241,3,0,0.0,1.0,2.0,0.0,0.0,0.0,0.0,1.0,833.0,208.25,0.25296773690254293,0,1800000.0,normal
CR000440,CL00398,2025-07-24,Crédito consumo digital,550000,12,0.0278,55000,App,719,0.1222,Automática,Mora severa,1,2025-04-20,Antioquia,Medellín,50,F,1,Universitario,Desempleado,450000.0,App orgánico,465.0,False,1,Android,hash_299330,95,7,3,0.0,0.0,0.0,0.0,0.0,0.0,0.0,0.0,0.0,0.0,0.8356891259568133,1,450000.0,normal
CR000441,CL00399,2025-01-03,Microcrédito,1100000,6,0.0346,206000,App,798,0.1177,Automática,Mora moderada,1,2024-09-16,Valle del Cauca,Cali,35,M,2,Técnico/Tecnólogo,Independiente,1750000.0,Aliado comercial,588.0,False,1,Android,hash_427597,109,1,4,0.0,1.0,0.0,0.0,1.0,0.0,0.0,0.0,116.0,58.0,0.6481453866674338,1,1750000.0,normal
CR000442,CL00399,2025-01-03,Crédito consumo digital,1350000,18,0.0367,104000,App,829,0.0594,Automática,Mora severa,1,2024-09-16,Valle del Cauca,Cali,35,M,2,Técnico/Tecnólogo,Independiente,1750000.0,Aliado comercial,588.0,False,1,Android,hash_427597,109,1,4,0.0,1.0,0.0,0.0,1.0,0.0,0.0,0.0,116.0,58.0,0.651047213213846,1,1750000.0,normal
CR000443,CL00400,2025-07-30,Crédito consumo digital,1850000,12,0.0258,181000,App,900,0.087,Automática,Activo,0,2024-10-05,Bogotá D.C.,Bogotá,48,M,4,Bachiller,Empleado,2080000.0,App orgánico,701.0,False,1,Web,hash_751712,298,7,2,0.0,0.0,2.0,0.0,0.0,0.0,0.0,0.0,335.0,167.5,0.3212202533188706,0,2080000.0,normal
CR000444,CL00401,2025-02-12,Crédito libre inversión,6000000,3,0.0312,2126000,App,708,0.9325,Excepción,Finalizado,0,2024-05-24,Bogotá D.C.,Bogotá,20,F,3,Posgrado,Empleado,2280000.0,App orgánico,555.0,True,0,Web,hash_332459,264,2,2,1.0,2.0,1.0,0.0,0.0,0.0,0.0,1.0,401.0,80.2,0.660870765118426,1,2280000.0,normal
CR000445,CL00401,2026-03-27,Crédito consumo digital,1400000,6,0.0232,253000,App,783,0.111,Automática,Activo,0,2024-05-24,Bogotá D.C.,Bogotá,20,F,3,Posgrado,Empleado,2280000.0,App orgánico,555.0,True,0,Web,hash_332459,672,3,4,1.0,4.0,4.0,2.0,0.0,3.0,1.0,2.0,1882.0,110.70588235294117,0.22998682897391853,0,2280000.0,normal
CR000446,CL00402,2025-12-18,Avance de nómina,1400000,9,0.0284,178000,App,827,0.048,Automática,Activo,0,2025-10-27,Santander,Bucaramanga,30,M,2,Universitario,Microempresario,3710000.0,App orgánico,548.0,False,0,Web,hash_992008,52,12,3,0.0,1.0,0.0,0.0,0.0,0.0,0.0,1.0,443.0,221.5,0.4180991449638151,0,3710000.0,normal
CR000447,CL00404,2026-03-02,Microcrédito,2750000,6,0.0315,510000,Web,673,0.2656,Automática,Activo,0,2025-04-04,Antioquia,Medellín,36,M,2,Técnico/Tecnólogo,Independiente,1920000.0,Campaña digital,524.0,False,3,Android,hash_989589,332,3,0,0.0,0.0,1.0,2.0,0.0,0.0,1.0,0.0,669.0,167.25,0.5408971846039624,1,1920000.0,normal
CR000448,CL00405,2025-10-03,Crédito libre inversión,1950000,6,0.0243,353000,App,798,0.1374,Automática,Mora moderada,1,2023-05-08,Cundinamarca,Soacha,31,M,3,Técnico/Tecnólogo,Independiente,2570000.0,Campaña digital,604.0,True,0,iOS,hash_329707,879,10,4,1.0,3.0,3.0,1.0,0.0,0.0,0.0,0.0,1147.0,143.375,0.4824898419149162,0,2570000.0,normal
CR000449,CL00406,2023-07-09,Crédito consumo digital,950000,6,0.12,176000,Call center,854,0.0765,Automática,Finalizado,0,2023-04-09,Antioquia,Medellín,42,F,4,Universitario,Empleado,2300000.0,Campaña digital,643.0,True,2,Android,hash_367885,91,7,6,0.0,0.0,2.0,0.0,0.0,0.0,0.0,0.0,510.0,255.0,0.27003524115342525,0,2300000.0,normal
CR000450,CL00406,2024-07-27,Crédito consumo digital,3300000,3,0.0344,1177000,App,836,0.5117,Manual,Finalizado,0,2023-04-09,Antioquia,Medellín,42,F,4,Universitario,Empleado,2300000.0,Campaña digital,643.0,True,2,Android,hash_367885,475,7,5,0.0,2.0,2.0,1.0,0.0,0.0,1.0,1.0,1335.0,190.71428571428572,0.3195054045994955,0,2300000.0,normal
CR000451,CL00407,2025-05-14,Microcrédito,1500000,12,0.0352,155000,App,783,0.0622,Automática,Activo,0,2024-12-08,Antioquia,Medellín,25,M,3,Sin información,Empleado,2490000.0,Campaña digital,548.0,False,0,Android,hash_904253,157,5,2,0.0,2.0,0.0,0.0,0.0,0.0,0.0,0.0,390.0,195.0,0.5815297349401574,1,2490000.0,normal
CR000452,CL00408,2025-07-10,Crédito consumo digital,1250000,6,0.0319,232000,App,884,0.072,Automática,Finalizado,0,2025-05-08,Bogotá D.C.,Bogotá,35,M,4,Técnico/Tecnólogo,Pensionado,3220000.0,Aliado comercial,588.0,True,0,Android,hash_243452,63,7,3,0.0,0.0,0.0,0.0,0.0,0.0,0.0,0.0,0.0,0.0,0.47489328736758485,0,3220000.0,normal
CR000453,CL00410,2024-10-13,Microcrédito,3550000,12,0.0359,369000,Call center,804,0.1157,Automática,Finalizado,0,2024-06-18,Valle del Cauca,Cali,41,F,1,Universitario,Microempresario,3190000.0,Call center,546.0,True,1,Android,hash_491342,117,10,6,1.0,0.0,0.0,0.0,0.0,0.0,0.0,0.0,47.0,47.0,0.5676612338024881,1,3190000.0,normal
CR000454,CL00411,2025-09-01,Crédito consumo digital,4050000,3,0.0303,1433000,App,900,0.2334,Automática,Finalizado,0,2025-04-14,Bogotá D.C.,Bogotá,43,F,4,Bachiller,Empleado,6140000.0,Campaña digital,816.0,True,0,iOS,hash_280564,140,9,0,0.0,2.0,1.0,0.0,1.0,0.0,0.0,2.0,733.0,122.16666666666667,0.1957801919314808,0,6140000.0,normal
CR000455,CL00412,2026-01-15,Crédito consumo digital,800000,6,0.029,147000,App,873,0.0782,Automática,Activo,0,2025-09-21,Bogotá D.C.,Bogotá,25,F,2,Bachiller,Microempresario,1880000.0,App orgánico,545.0,False,0,Android,hash_750101,116,1,3,0.0,3.0,2.0,1.0,0.0,2.0,0.0,0.0,1506.0,188.25,0.2583181426771475,0,1880000.0,normal
CR000456,CL00412,2026-02-12,Microcrédito,1500000,12,0.0279,149000,App,805,0.0793,Automática,Activo,0,2025-09-21,Bogotá D.C.,Bogotá,25,F,2,Bachiller,Microempresario,1880000.0,App orgánico,545.0,False,0,Android,hash_750101,144,2,3,0.0,3.0,2.0,2.0,0.0,2.0,0.0,0.0,1517.0,168.55555555555554,0.3735187435512874,0,1880000.0,normal
CR000457,CL00413,2024-05-27,Crédito libre inversión,1250000,3,0.0243,437000,App,719,0.2241,Automática,Finalizado,0,2023-08-03,Antioquia,Medellín,21,F,2,Sin información,Comerciante,1950000.0,App orgánico,530.0,False,2,Android,hash_380064,298,5,0,0.0,2.0,2.0,0.0,0.0,0.0,0.0,0.0,820.0,205.0,0.5929508168588457,1,1950000.0,normal
CR000458,CL00413,2025-04-17,Crédito consumo digital,1450000,6,0.0238,262000,Aliado,811,0.1344,Automática,Mora moderada,1,2023-08-03,Antioquia,Medellín,21,F,2,Sin información,Comerciante,1950000.0,App orgánico,530.0,False,2,Android,hash_380064,623,4,3,0.0,4.0,2.0,0.0,1.0,1.0,0.0,0.0,1612.0,201.5,0.6691979761805834,1,1950000.0,normal
CR000459,CL00414,2025-07-31,Microcrédito,4800000,12,0.031,485000,App,623,0.1488,Automática,Activo,0,2024-12-04,Bogotá D.C.,Bogotá,49,M,2,Técnico/Tecnólogo,Empleado,3260000.0,Campaña digital,588.0,False,0,Android,hash_114633,239,7,3,0.0,0.0,0.0,1.0,0.0,2.0,0.0,0.0,405.0,135.0,0.46441585302600824,0,3260000.0,normal
CR000460,CL00415,2024-06-24,Crédito consumo digital,900000,24,0.0228,49000,Web,758,0.0206,Automática,Activo,0,2024-01-13,Tolima,Ibagué,39,M,2,Sin información,Microempresario,2380000.0,Aliado comercial,513.0,False,0,Android,hash_735462,163,6,0,0.0,1.0,1.0,0.0,0.0,0.0,0.0,1.0,317.0,105.66666666666667,0.6194461075419834,1,2380000.0,normal
CR000461,CL00415,2025-08-21,Microcrédito,3400000,6,0.0389,646000,Web,774,0.2714,Automática,Finalizado,0,2024-01-13,Tolima,Ibagué,39,M,2,Sin información,Microempresario,2380000.0,Aliado comercial,513.0,False,0,Android,hash_735462,586,8,3,0.0,4.0,4.0,0.0,0.0,1.0,0.0,1.0,1305.0,130.5,0.36615767247414815,0,2380000.0,normal
CR000462,CL00416,2025-06-01,Crédito consumo digital,1650000,12,0.0358,172000,Aliado,874,0.0435,Automática,Activo,0,2023-01-24,Risaralda,Pereira,29,F,1,Bachiller,Comerciante,3950000.0,App orgánico,610.0,True,2,iOS,hash_687069,859,6,6,0.0,3.0,5.0,3.0,1.0,0.0,0.0,1.0,1486.0,114.3076923076923,0.1988893258957658,0,3950000.0,normal
CR000463,CL00416,2023-11-20,Avance de nómina,1200000,12,0.0249,117000,App,900,0.0296,Automática,Finalizado,0,2023-01-24,Risaralda,Pereira,29,F,1,Bachiller,Comerciante,3950000.0,App orgánico,610.0,True,2,iOS,hash_687069,300,11,0,0.0,1.0,3.0,2.0,1.0,0.0,0.0,0.0,731.0,104.42857142857143,0.22229289286046314,0,3950000.0,normal
CR000464,CL00417,2024-05-27,Microcrédito,2500000,6,0.0302,462000,App,900,0.14,Automática,Mora severa,1,2023-08-15,Antioquia,Medellín,52,M,2,Técnico/Tecnólogo,Comerciante,3300000.0,Aliado comercial,634.0,True,4,Android,hash_445215,286,5,0,0.0,4.0,2.0,1.0,0.0,1.0,0.0,2.0,1707.0,170.7,0.39686676681974814,0,3300000.0,normal
CR000465,CL00417,2023-10-15,Crédito consumo digital,450000,18,0.0355,34000,Aliado,900,0.0103,Automática,Finalizado,0,2023-08-15,Antioquia,Medellín,52,M,2,Técnico/Tecnólogo,Comerciante,3300000.0,Aliado comercial,634.0,True,4,Android,hash_445215,61,10,6,0.0,1.0,0.0,0.0,0.0,0.0,0.0,1.0,302.0,151.0,0.23160865718343748,0,3300000.0,normal
CR000466,CL00417,2026-01-26,Microcrédito,2050000,6,0.0385,389000,Call center,869,0.1179,Automática,Activo,0,2023-08-15,Antioquia,Medellín,52,M,2,Técnico/Tecnólogo,Comerciante,3300000.0,Aliado comercial,634.0,True,4,Android,hash_445215,895,1,0,3.0,7.0,7.0,2.0,1.0,3.0,0.0,3.0,4359.0,167.65384615384616,0.22311614389616918,0,3300000.0,normal
CR000467,CL00418,2025-12-31,Crédito libre inversión,1650000,6,0.0269,301000,App,815,0.0865,Automática,Activo,0,2024-10-18,Bogotá D.C.,Bogotá,37,F,3,Universitario,Independiente,3480000.0,Campaña digital,530.0,False,0,Android,hash_395625,439,12,2,0.0,1.0,2.0,1.0,0.0,0.0,1.0,0.0,1393.0,278.6,0.5788254456714207,1,3480000.0,normal
CR000468,CL00420,2024-06-15,Crédito consumo digital,1550000,12,0.0203,147000,App,789,0.0735,Automática,Finalizado,0,2023-01-24,Santander,Bucaramanga,37,M,3,Posgrado,Estudiante,2000000.0,Aliado comercial,520.0,False,2,Android,hash_171468,508,6,5,0.0,2.0,1.0,0.0,0.0,1.0,0.0,0.0,441.0,110.25,0.6397897107609918,1,2000000.0,normal
CR000469,CL00421,2026-02-16,Microcrédito,1550000,9,0.0335,202000,Web,814,0.0774,Automática,Activo,0,2024-12-02,Risaralda,Pereira,57,M,3,Universitario,Empleado,2610000.0,Call center,611.0,False,3,Web,hash_834459,441,2,0,1.0,1.0,3.0,0.0,0.0,6.0,1.0,1.0,1985.0,152.69230769230768,0.24173881877370237,0,2610000.0,normal
CR000470,CL00422,2025-12-12,Crédito consumo digital,3550000,6,0.0223,639000,App,900,0.1551,Automática,Activo,0,2025-01-04,Antioquia,Medellín,54,F,4,Técnico/Tecnólogo,Microempresario,4120000.0,Campaña digital,765.0,True,2,iOS,hash_222772,342,12,4,2.0,2.0,2.0,0.0,0.0,1.0,0.0,0.0,909.0,129.85714285714286,0.1527547564633447,0,4120000.0,normal
CR000471,CL00424,2025-09-02,Microcrédito,2500000,9,0.0303,322000,Aliado,776,0.1188,Automática,Activo,0,2025-05-10,Bogotá D.C.,Bogotá,46,M,1,Posgrado,Empleado,2710000.0,Referido,582.0,False,1,Android,hash_941464,115,9,1,0.0,1.0,1.0,0.0,0.0,4.0,1.0,0.0,1088.0,155.42857142857142,0.4912529494174303,0,2710000.0,normal
CR000472,CL00424,2025-12-20,Crédito libre inversión,7150000,24,0.0325,434000,App,810,0.1601,Automática,Mora moderada,1,2025-05-10,Bogotá D.C.,Bogotá,46,M,1,Posgrado,Empleado,2710000.0,Referido,582.0,False,1,Android,hash_941464,224,12,5,0.0,2.0,1.0,1.0,0.0,4.0,1.0,1.0,1544.0,154.4,0.46082115996713413,0,2710000.0,normal
CR000473,CL00425,2025-07-24,Avance de nómina,1850000,3,0.0224,644000,App,900,0.1651,Automática,Finalizado,0,2024-09-26,Cundinamarca,Soacha,42,M,2,Sin información,Empleado,3900000.0,Aliado comercial,480.0,False,0,Android,hash_250494,301,7,3,0.0,0.0,1.0,1.0,0.0,0.0,0.0,0.0,164.0,82.0,0.4591724547293965,0,3900000.0,normal
CR000474,CL00426,2025-10-13,Crédito consumo digital,1800000,9,0.0278,229000,Web,819,0.1487,Automática,Activo,0,2023-07-16,Antioquia,Medellín,50,M,3,Técnico/Tecnólogo,Conductor/Repartidor,1540000.0,Campaña digital,524.0,True,2,iOS,hash_645501,820,10,0,0.0,2.0,1.0,1.0,0.0,0.0,0.0,1.0,683.0,136.6,0.5606069763020919,1,1540000.0,normal
CR000475,CL00427,2025-09-05,Crédito consumo digital,1800000,9,0.0303,232000,Web,831,0.0875,Automática,Activo,0,2025-05-28,Atlántico,Barranquilla,26,M,3,Bachiller,Comerciante,2650000.0,Call center,473.0,False,2,iOS,hash_655877,100,9,4,0.0,2.0,0.0,1.0,0.0,0.0,0.0,0.0,210.0,70.0,0.7979006147616496,1,2650000.0,normal
CR000476,CL00427,2025-11-11,Microcrédito,800000,6,0.0449,155000,Aliado,812,0.0585,Automática,Mora severa,1,2025-05-28,Atlántico,Barranquilla,26,M,3,Bachiller,Comerciante,2650000.0,Call center,473.0,False,2,iOS,hash_655877,167,11,1,0.0,2.0,1.0,2.0,0.0,0.0,0.0,0.0,393.0,78.6,0.7710407365435783,1,2650000.0,normal
CR000477,CL00428,2025-04-22,Avance de nómina,750000,3,0.028,264000,App,591,0.1217,Manual,Finalizado,0,2025-01-11,Antioquia,Medellín,43,M,4,Técnico/Tecnólogo,Empleado,2170000.0,Referido,588.0,True,0,Android,hash_966262,101,4,1,0.0,0.0,0.0,1.0,0.0,1.0,0.0,1.0,637.0,212.33333333333334,0.3537370557304293,0,2170000.0,normal
CR000478,CL00430,2025-09-10,Crédito consumo digital,2650000,12,0.0381,279000,Call center,826,0.0813,Automática,Mora moderada,1,2026-01-10,Antioquia,Medellín,19,F,6,Bachiller,Empleado,3430000.0,Campaña digital,630.0,False,0,Android,hash_818590,-122,9,2,0.0,0.0,0.0,0.0,0.0,0.0,0.0,0.0,0.0,0.0,0.344385127084005,0,3430000.0,normal
CR000479,CL00430,2026-01-18,Avance de nómina,1150000,9,0.0267,145000,App,900,0.0423,Automática,Activo,0,2026-01-10,Antioquia,Medellín,19,F,6,Bachiller,Empleado,3430000.0,Campaña digital,630.0,False,0,Android,hash_818590,8,1,6,0.0,0.0,0.0,1.0,0.0,0.0,0.0,0.0,122.0,122.0,0.24208768047781182,0,3430000.0,normal
CR000480,CL00430,2025-11-03,Avance de nómina,1900000,3,0.0285,670000,Aliado,881,0.1953,Automática,Finalizado,0,2026-01-10,Antioquia,Medellín,19,F,6,Bachiller,Empleado,3430000.0,Campaña digital,630.0,False,0,Android,hash_818590,-68,11,0,0.0,0.0,0.0,0.0,0.0,0.0,0.0,0.0,0.0,0.0,0.25907901350058316,0,3430000.0,normal
CR000481,CL00431,2023-12-15,Crédito libre inversión,5200000,3,0.0199,1803000,App,763,0.6703,Excepción,Finalizado,0,2023-11-20,Santander,Bucaramanga,24,F,2,Universitario,Independiente,2690000.0,App orgánico,491.0,False,0,Android,hash_722673,25,12,4,0.0,1.0,0.0,0.0,0.0,0.0,0.0,0.0,207.0,207.0,0.7618784716951469,1,2690000.0,normal
CR000482,CL00431,2025-09-27,Microcrédito,1250000,18,0.0383,97000,App,732,0.0361,Automática,Activo,0,2023-11-20,Santander,Bucaramanga,24,F,2,Universitario,Independiente,2690000.0,App orgánico,491.0,False,0,Android,hash_722673,677,9,5,1.0,4.0,2.0,3.0,1.0,4.0,0.0,2.0,2872.0,168.94117647058823,0.5065947808728551,1,2690000.0,normal
CR000483,CL00431,2025-09-21,Crédito consumo digital,800000,3,0.0201,277000,Aliado,820,0.103,Automática,Finalizado,0,2023-11-20,Santander,Bucaramanga,24,F,2,Universitario,Independiente,2690000.0,App orgánico,491.0,False,0,Android,hash_722673,671,9,6,1.0,4.0,2.0,3.0,1.0,4.0,0.0,2.0,2872.0,168.94117647058823,0.368937890516348,0,2690000.0,normal
CR000484,CL00433,2025-12-24,Crédito consumo digital,1800000,6,0.0323,335000,Web,831,0.0748,Automática,Activo,0,2025-08-19,Bogotá D.C.,Bogotá,33,M,6,Sin información,Microempresario,4480000.0,App orgánico,624.0,True,0,Android,hash_533855,127,12,2,0.0,0.0,2.0,0.0,0.0,1.0,0.0,0.0,1082.0,360.6666666666667,0.27603441121229433,0,4480000.0,normal
CR000485,CL00434,2025-08-06,Crédito libre inversión,2350000,12,0.0309,237000,App,569,0.0905,Manual,Activo,0,2025-03-24,Norte de Santander,Cúcuta,43,F,1,Técnico/Tecnólogo,Conductor/Repartidor,2620000.0,App orgánico,588.0,False,0,Android,hash_171524,135,8,2,0.0,0.0,1.0,0.0,0.0,0.0,0.0,0.0,31.0,31.0,0.6516108821001028,1,2620000.0,normal
CR000486,CL00434,2026-03-22,Crédito consumo digital,1650000,6,0.0386,313000,App,658,0.1195,Automática,Activo,0,2025-03-24,Norte de Santander,Cúcuta,43,F,1,Técnico/Tecnólogo,Conductor/Repartidor,2620000.0,App orgánico,588.0,False,0,Android,hash_171524,363,3,6,0.0,3.0,5.0,0.0,0.0,0.0,1.0,1.0,1139.0,113.9,0.25151233302577997,0,2620000.0,normal
CR000487,CL00436,2025-07-27,Crédito consumo digital,700000,3,0.0281,247000,App,774,0.135,Automática,Finalizado,0,2023-05-27,Bogotá D.C.,Bogotá,37,M,2,Universitario,Empleado,1830000.0,Aliado comercial,505.0,True,1,Web,hash_437232,792,7,6,1.0,1.0,3.0,0.0,0.0,1.0,1.0,1.0,753.0,94.125,0.4337368157892217,0,1830000.0,normal
CR000488,CL00437,2025-04-28,Crédito consumo digital,850000,6,0.0277,156000,Call center,814,0.0796,Automática,Finalizado,0,2025-01-05,Bogotá D.C.,Bogotá,52,M,3,Sin información,Comerciante,1960000.0,Referido,662.0,False,1,Android,hash_205940,113,4,0,1.0,1.0,1.0,0.0,0.0,1.0,0.0,1.0,902.0,180.4,0.32778663828967397,0,1960000.0,normal
CR000489,CL00438,2024-08-27,Crédito consumo digital,1500000,6,0.0201,268000,App,900,0.077,Automática,Finalizado,0,2024-08-06,Santander,Bucaramanga,22,M,3,Universitario,Empleado,3480000.0,Aliado comercial,709.0,True,1,iOS,hash_424792,21,8,1,0.0,0.0,0.0,0.0,0.0,0.0,0.0,0.0,0.0,0.0,0.24741966454003791,0,3480000.0,normal
CR000490,CL00438,2025-07-27,Avance de nómina,1000000,6,0.0238,181000,Aliado,900,0.052,Automática,Finalizado,0,2024-08-06,Santander,Bucaramanga,22,M,3,Universitario,Empleado,3480000.0,Aliado comercial,709.0,True,1,iOS,hash_424792,355,7,6,0.0,2.0,2.0,1.0,1.0,0.0,0.0,0.0,954.0,159.0,0.23329857884258332,0,3480000.0,normal
CR000491,CL00439,2024-10-27,Crédito consumo digital,2000000,3,0.0299,707000,App,874,0.1817,Automática,Mora moderada,1,2024-09-22,Bogotá D.C.,Bogotá,19,M,2,Universitario,Empleado,3890000.0,Referido,624.0,False,2,Android,hash_881707,35,10,6,0.0,0.0,0.0,0.0,0.0,0.0,0.0,0.0,0.0,0.0,0.3920187537111864,0,3890000.0,normal
CR000492,CL00440,2025-07-19,Microcrédito,1600000,18,0.0424,129000,App,766,0.1554,Automática,Mora moderada,1,2025-04-25,Bogotá D.C.,Bogotá,35,F,5,Universitario,Desempleado,830000.0,App orgánico,520.0,False,2,iOS,hash_616404,85,7,5,0.0,0.0,0.0,0.0,0.0,0.0,0.0,0.0,0.0,0.0,0.8359026197192821,1,830000.0,normal
CR000493,CL00441,2025-10-24,Microcrédito,500000,6,0.0285,92000,Aliado,756,0.1484,Automática,Mora severa,1,2025-07-08,Antioquia,Medellín,40,F,3,Bachiller,Desempleado,620000.0,Call center,548.0,False,0,Android,hash_925325,108,10,4,1.0,0.0,0.0,1.0,0.0,0.0,0.0,0.0,293.0,146.5,0.6645125804482942,1,620000.0,normal
CR000494,CL00441,2026-03-22,Microcrédito,550000,12,0.0326,56000,App,738,0.0903,Automática,Activo,0,2025-07-08,Antioquia,Medellín,40,F,3,Bachiller,Desempleado,620000.0,Call center,548.0,False,0,Android,hash_925325,257,3,6,3.0,0.0,6.0,1.0,0.0,1.0,0.0,0.0,2077.0,188.8181818181818,0.4054377259019262,0,620000.0,normal
CR000495,CL00442,2025-10-06,Crédito consumo digital,900000,3,0.0335,320000,App,548,0.1208,Manual,Mora moderada,1,2025-06-23,Cundinamarca,Soacha,36,F,3,Bachiller,Empleado,2650000.0,Referido,588.0,True,0,iOS,hash_957398,105,10,0,0.0,0.0,1.0,1.0,0.0,0.0,0.0,0.0,197.0,98.5,0.48208902910935153,0,2650000.0,normal
CR000496,CL00442,2025-07-04,Crédito consumo digital,1600000,6,0.0229,288000,Aliado,598,0.1087,Manual,Mora moderada,1,2025-06-23,Cundinamarca,Soacha,36,F,3,Bachiller,Empleado,2650000.0,Referido,588.0,True,0,iOS,hash_957398,11,7,4,0.0,0.0,0.0,0.0,0.0,0.0,0.0,0.0,0.0,0.0,0.5578669700848482,1,2650000.0,normal
CR000497,CL00443,2025-11-13,Microcrédito,2550000,12,0.0445,279000,Call center,878,0.0883,Automática,Activo,0,2024-05-17,Norte de Santander,Cúcuta,19,F,3,Sin información,Conductor/Repartidor,3160000.0,Campaña digital,568.0,False,1,Android,hash_154645,545,11,3,0.0,2.0,2.0,2.0,0.0,2.0,2.0,1.0,1049.0,95.36363636363636,0.6949088416152637,1,3160000.0,normal
CR000498,CL00443,2026-01-10,Crédito libre inversión,2800000,3,0.0289,988000,App,859,0.3127,Automática,Mora moderada,1,2024-05-17,Norte de Santander,Cúcuta,19,F,3,Sin información,Conductor/Repartidor,3160000.0,Campaña digital,568.0,False,1,Android,hash_154645,603,1,5,0.0,2.0,2.0,2.0,0.0,2.0,2.0,1.0,1049.0,95.36363636363636,0.5606867532407679,1,3160000.0,normal
CR000499,CL00444,2025-09-06,Microcrédito,5000000,9,0.0315,647000,App,898,0.1609,Automática,Activo,0,2025-02-27,Antioquia,Medellín,35,F,3,Técnico/Tecnólogo,Empleado,4020000.0,Campaña digital,676.0,True,2,iOS,hash_799438,191,9,5,0.0,0.0,2.0,0.0,0.0,1.0,0.0,1.0,707.0,176.75,0.34926144792719543,0,4020000.0,normal
CR000500,CL00445,2026-02-14,Crédito libre inversión,5050000,9,0.0268,639000,App,825,0.2708,Automática,Activo,0,2024-09-22,Antioquia,Medellín,23,M,3,Bachiller,Independiente,2360000.0,App orgánico,604.0,True,4,Android,hash_556120,510,2,5,0.0,4.0,3.0,1.0,1.0,0.0,0.0,0.0,1211.0,134.55555555555554,0.31401334733543207,0,2360000.0,normal
CR000501,CL00446,2026-03-02,Avance de nómina,1100000,3,0.095,381000,Web,900,0.1406,Automática,Activo,0,2025-06-04,Caldas,Manizales,43,F,4,Técnico/Tecnólogo,Comerciante,2710000.0,App orgánico,686.0,False,1,Web,hash_973250,271,3,0,0.0,1.0,4.0,0.0,1.0,0.0,0.0,2.0,1100.0,137.5,0.27672015300724007,0,2710000.0,normal
CR000502,CL00447,2025-07-02,Crédito libre inversión,9450000,12,0.0199,893000,Aliado,900,0.1436,Automática,Activo,0,2023-12-20,Cundinamarca,Soacha,40,F,3,Técnico/Tecnólogo,Microempresario,6220000.0,Campaña digital,815.0,False,1,Android,hash_978383,560,7,2,0.0,2.0,4.0,1.0,0.0,1.0,1.0,0.0,909.0,101.0,0.29434281517819555,0,6220000.0,normal
CR000503,CL00447,2024-10-17,Crédito consumo digital,2700000,3,0.0299,954000,App,900,0.1534,Automática,Finalizado,0,2023-12-20,Cundinamarca,Soacha,40,F,3,Técnico/Tecnólogo,Microempresario,6220000.0,Campaña digital,815.0,False,1,Android,hash_978383,302,10,3,0.0,1.0,2.0,0.0,0.0,1.0,1.0,0.0,546.0,109.2,0.18476545243425657,0,6220000.0,normal
CR000504,CL00449,2025-12-16,Crédito consumo digital,500000,12,0.0376,53000,App,628,0.0791,Automática,Mora moderada,1,2025-06-25,Valle del Cauca,Cali,31,M,1,Sin información,Desempleado,670000.0,App orgánico,389.0,False,0,Android,hash_374383,174,12,1,0.0,2.0,2.0,2.0,0.0,1.0,0.0,0.0,663.0,94.71428571428571,0.6796789316719343,1,670000.0,normal
CR000505,CL00449,2025-12-26,Crédito libre inversión,400000,3,0.0214,139000,App,689,0.2075,Automática,Finalizado,0,2025-06-25,Valle del Cauca,Cali,31,M,1,Sin información,Desempleado,670000.0,App orgánico,389.0,False,0,Android,hash_374383,184,12,4,0.0,2.0,2.0,2.0,0.0,1.0,0.0,0.0,663.0,94.71428571428571,0.5893378959527616,1,670000.0,normal
CR000506,CL00450,2026-02-23,Crédito libre inversión,3050000,12,0.0325,311000,Aliado,864,0.1115,Automática,Mora moderada,1,2025-02-22,Valle del Cauca,Cali,25,No informa,1,Posgrado,Comerciante,2790000.0,Referido,529.0,False,1,Android,hash_556566,366,2,0,0.0,5.0,5.0,2.0,0.0,1.0,2.0,2.0,3291.0,193.58823529411765,0.5431547893995521,1,2790000.0,normal
CR000507,CL00450,2025-06-12,Crédito consumo digital,1750000,9,0.0212,216000,App,860,0.0774,Automática,Finalizado,0,2025-02-22,Valle del Cauca,Cali,25,No informa,1,Posgrado,Comerciante,2790000.0,Referido,529.0,False,1,Android,hash_556566,110,6,3,0.0,2.0,2.0,1.0,0.0,1.0,0.0,0.0,957.0,159.5,0.5748222603914429,1,2790000.0,normal
CR000508,CL00451,2024-11-22,Crédito consumo digital,1100000,6,0.0374,208000,Aliado,900,0.1189,Automática,Finalizado,0,2023-04-08,Bogotá D.C.,Bogotá,35,F,2,Bachiller,Empleado,1750000.0,Referido,598.0,True,3,Android,hash_199280,594,11,4,0.0,0.0,2.0,0.0,0.0,2.0,0.0,0.0,627.0,156.75,0.4141456102285991,0,1750000.0,normal
CR000509,CL00452,2025-11-01,Crédito consumo digital,650000,12,0.0326,66000,App,897,0.0278,Automática,Activo,0,2023-05-24,Tolima,Ibagué,46,M,2,Técnico/Tecnólogo,Microempresario,2370000.0,App orgánico,545.0,False,2,Android,hash_371609,892,11,5,0.0,2.0,3.0,2.0,0.0,3.0,0.0,1.0,1963.0,178.45454545454547,0.3049376114475858,0,2370000.0,normal
CR000510,CL00453,2024-03-01,Crédito consumo digital,1450000,6,0.0219,261000,App,795,0.0853,Automática,Finalizado,0,2023-09-25,Cundinamarca,Soacha,26,M,4,Universitario,Conductor/Repartidor,3060000.0,Campaña digital,556.0,False,3,Android,hash_907856,158,3,4,0.0,0.0,2.0,0.0,0.0,0.0,0.0,0.0,331.0,165.5,0.3885720015021649,0,3060000.0,normal
CR000511,CL00453,2023-12-29,Crédito libre inversión,3500000,12,0.0246,340000,Web,861,0.1111,Automática,Finalizado,0,2023-09-25,Cundinamarca,Soacha,26,M,4,Universitario,Conductor/Repartidor,3060000.0,Campaña digital,556.0,False,3,Android,hash_907856,95,12,4,0.0,0.0,1.0,0.0,0.0,0.0,0.0,0.0,124.0,124.0,0.722923822980457,1,3060000.0,normal
CR000512,CL00454,2025-06-24,Avance de nómina,2150000,12,0.0263,211000,App,887,0.0643,Automática,Activo,0,2024-10-30,Bogotá D.C.,Bogotá,41,M,2,Bachiller,Empleado,3280000.0,Campaña digital,574.0,False,0,Android,hash_958734,237,6,1,0.0,0.0,0.0,1.0,0.0,0.0,0.0,0.0,65.0,65.0,0.4895572042659036,0,3280000.0,normal
CR000513,CL00456,2025-06-16,Crédito libre inversión,8850000,6,0.0245,1604000,Aliado,854,1.2,Manual,Mora severa,1,2024-04-29,Bogotá D.C.,Bogotá,28,M,5,Técnico/Tecnólogo,Empleado,3490000.0,Campaña digital,681.0,True,2,Android,hash_742931,413,6,0,1.0,3.0,2.0,0.0,0.0,0.0,0.0,1.0,1788.0,255.42857142857142,0.5960281441323074,1,3490000.0,normal
CR000514,CL00458,2026-01-26,Microcrédito,4450000,9,0.0428,606000,Web,900,0.115,Automática,Activo,0,2025-09-27,Bogotá D.C.,Bogotá,26,F,4,Universitario,Empleado,5270000.0,Campaña digital,661.0,False,1,iOS,hash_643028,121,1,0,1.0,1.0,3.0,1.0,0.0,0.0,1.0,0.0,1150.0,164.28571428571428,0.2667381452978567,0,5270000.0,normal
CR000515,CL00458,2026-01-28,Crédito consumo digital,3050000,18,0.0202,204000,Web,900,0.0387,Automática,Activo,0,2025-09-27,Bogotá D.C.,Bogotá,26,F,4,Universitario,Empleado,5270000.0,Campaña digital,661.0,False,1,iOS,hash_643028,123,1,2,1.0,1.0,3.0,1.0,0.0,0.0,1.0,0.0,1150.0,164.28571428571428,0.22827203391632925,0,5270000.0,normal
CR000516,CL00459,2025-10-15,Avance de nómina,4100000,12,0.0231,395000,Aliado,900,0.0434,Automática,Activo,0,2025-07-25,Bogotá D.C.,Bogotá,30,F,5,Bachiller,Empleado,9110000.0,Campaña digital,850.0,True,0,iOS,hash_992135,82,10,2,0.0,1.0,1.0,1.0,1.0,0.0,0.0,0.0,546.0,136.5,0.17912409294641268,0,7082400.000000003,outlier_real
CR000517,CL00460,2025-12-01,Avance de nómina,550000,9,0.0218,68000,App,803,0.0289,Automática,Activo,0,2026-01-07,Antioquia,Medellín,24,M,3,Bachiller,Empleado,2350000.0,App orgánico,623.0,True,1,iOS,hash_420589,-37,12,0,0.0,0.0,0.0,0.0,0.0,0.0,0.0,0.0,0.0,0.0,0.34783098738659546,0,2350000.0,normal
CR000518,CL00461,2025-08-20,Avance de nómina,1350000,6,0.0215,242000,App,867,0.1407,Automática,Finalizado,0,2025-05-26,Atlántico,Barranquilla,56,F,1,Bachiller,Empleado,1720000.0,Call center,631.0,True,0,iOS,hash_430057,86,8,2,0.0,0.0,2.0,1.0,1.0,0.0,0.0,0.0,593.0,148.25,0.2490087640925757,0,1720000.0,normal
CR000519,CL00462,2025-07-03,Microcrédito,2150000,9,0.0261,271000,App,838,0.0968,Automática,Finalizado,0,2025-02-23,Antioquia,Medellín,36,M,3,Bachiller,Independiente,2800000.0,Aliado comercial,660.0,False,0,Android,hash_861447,130,7,3,1.0,0.0,2.0,0.0,0.0,0.0,0.0,1.0,1019.0,254.75,0.37870362238538424,0,2800000.0,normal
CR000520,CL00463,2025-05-24,Crédito libre inversión,3350000,18,0.0242,232000,App,839,0.0856,Automática,Activo,0,2024-08-02,Tolima,Ibagué,29,F,3,Bachiller,Empleado,2710000.0,App orgánico,624.0,False,4,Android,hash_183721,295,5,5,1.0,0.0,1.0,0.0,0.0,2.0,0.0,1.0,529.0,105.8,0.4416860083650804,0,2710000.0,normal
CR000521,CL00464,2025-07-06,Crédito libre inversión,2050000,12,0.03,206000,Aliado,895,0.1205,Automática,Mora moderada,1,2025-12-06,Tolima,Ibagué,38,No informa,1,Técnico/Tecnólogo,Independiente,1710000.0,Campaña digital,636.0,True,1,Android,hash_596409,-153,7,6,0.0,0.0,0.0,0.0,0.0,0.0,0.0,0.0,0.0,0.0,0.5022689834547261,1,1710000.0,normal
CR000522,CL00467,2025-05-18,Crédito libre inversión,3150000,9,0.019,384000,App,787,0.2021,Automática,Mora moderada,1,2024-05-24,Bogotá D.C.,Bogotá,42,M,2,Bachiller,Independiente,1900000.0,Campaña digital,493.0,False,0,Web,hash_642740,359,5,6,1.0,1.0,3.0,4.0,1.0,1.0,0.0,2.0,3224.0,248.0,0.6521808282989348,1,1900000.0,normal
CR000523,CL00467,2024-06-30,Microcrédito,3100000,3,0.0357,1108000,App,665,0.5832,Excepción,Mora severa,1,2024-05-24,Bogotá D.C.,Bogotá,42,M,2,Bachiller,Independiente,1900000.0,Campaña digital,493.0,False,0,Web,hash_642740,37,6,6,1.0,0.0,0.0,1.0,0.0,1.0,0.0,0.0,778.0,259.3333333333333,0.8327618324741353,1,1900000.0,normal
CR000524,CL00468,2026-02-12,Crédito libre inversión,4000000,12,0.0273,395000,App,900,0.0766,Automática,Activo,0,2025-01-15,Meta,Villavicencio,44,M,5,Posgrado,Empleado,5160000.0,Campaña digital,779.0,True,0,Android,hash_749014,393,2,3,1.0,2.0,2.0,0.0,0.0,2.0,0.0,1.0,1335.0,166.875,0.1506604928473295,0,5160000.0,normal
CR000525,CL00469,2024-05-12,Crédito libre inversión,1100000,12,0.0306,111000,App,648,0.1078,Automática,Mora severa,1,2024-01-23,Risaralda,Pereira,31,M,2,Universitario,Estudiante,1030000.0,Campaña digital,429.0,True,3,iOS,hash_790200,110,5,6,0.0,0.0,1.0,0.0,0.0,0.0,0.0,0.0,148.0,148.0,0.7586494186017031,1,1030000.0,normal
CR000526,CL00471,2024-10-30,Crédito consumo digital,450000,3,0.0321,160000,Web,646,0.1758,Automática,Finalizado,0,2024-09-25,Bogotá D.C.,Bogotá,33,F,2,Universitario,Estudiante,910000.0,App orgánico,370.0,True,2,Web,hash_335603,35,10,2,0.0,0.0,0.0,0.0,0.0,0.0,0.0,0.0,0.0,0.0,0.5710048633346726,1,910000.0,normal
CR000527,CL00472,2025-10-24,Crédito consumo digital,1550000,6,0.0202,277000,Web,787,0.0972,Automática,Activo,0,2024-06-02,Bogotá D.C.,Bogotá,19,M,2,Universitario,Independiente,2850000.0,Aliado comercial,590.0,True,1,Android,hash_831385,509,10,4,0.0,1.0,3.0,3.0,0.0,2.0,0.0,0.0,1575.0,175.0,0.47901915653751703,0,2850000.0,normal
CR000528,CL00473,2026-03-30,Crédito consumo digital,1300000,6,0.0373,246000,App,847,0.0953,Automática,Activo,0,2025-08-24,Meta,Villavicencio,21,F,4,Bachiller,Microempresario,2580000.0,Campaña digital,598.0,True,0,Android,hash_629896,218,3,0,0.0,2.0,2.0,0.0,0.0,0.0,1.0,1.0,516.0,86.0,0.2998489250782659,0,2580000.0,normal
CR000529,CL00474,2025-06-16,Microcrédito,2200000,6,0.0254,400000,Web,806,0.2235,Automática,Finalizado,0,2025-07-04,Santander,Bucaramanga,50,M,3,Universitario,Comerciante,1790000.0,Campaña digital,548.0,True,2,Android,hash_103679,-18,6,0,0.0,0.0,0.0,0.0,0.0,0.0,0.0,0.0,0.0,0.0,0.6296633075370123,1,1790000.0,normal
CR000530,CL00475,2024-02-28,Crédito consumo digital,1050000,6,0.0371,198000,App,756,0.0975,Automática,Finalizado,0,2023-09-19,Cundinamarca,Soacha,52,M,2,Bachiller,Comerciante,2030000.0,Call center,521.0,False,1,Android,hash_982143,162,2,2,0.0,0.0,2.0,0.0,0.0,1.0,0.0,0.0,1076.0,358.6666666666667,0.3569763888588814,0,2030000.0,normal
CR000531,CL00477,2023-10-28,Crédito libre inversión,2550000,6,0.018,452000,App,900,0.1759,Automática,Finalizado,0,2023-01-25,Bogotá D.C.,Bogotá,42,F,2,Técnico/Tecnólogo,Empleado,2570000.0,Referido,613.0,False,0,Web,hash_180636,276,10,5,0.0,1.0,0.0,1.0,0.0,0.0,0.0,0.0,432.0,216.0,0.43582357222023355,0,2570000.0,normal
CR000532,CL00478,2024-11-06,Crédito libre inversión,2300000,9,0.017,278000,App,820,0.1173,Automática,Mora severa,1,2024-01-03,Bogotá D.C.,Bogotá,39,F,2,Técnico/Tecnólogo,Empleado,2370000.0,Campaña digital,583.0,False,4,Android,hash_312628,308,11,2,0.0,2.0,0.0,0.0,0.0,0.0,0.0,0.0,181.0,90.5,0.5965339245914877,1,2370000.0,normal
CR000533,CL00479,2025-10-03,Crédito consumo digital,3150000,9,0.0281,401000,App,869,0.1315,Automática,Activo,0,2024-10-02,Caldas,Manizales,67,M,3,Técnico/Tecnólogo,Empleado,3050000.0,Aliado comercial,650.0,False,0,Android,hash_572694,366,10,4,0.0,2.0,0.0,2.0,0.0,2.0,0.0,2.0,1062.0,132.75,0.21294561987979474,0,3050000.0,normal
CR000534,CL00480,2025-09-03,Crédito consumo digital,2550000,6,0.0223,459000,Aliado,897,0.1622,Automática,Finalizado,0,2023-11-06,Antioquia,Medellín,47,M,5,Universitario,Empleado,2830000.0,Campaña digital,721.0,False,0,iOS,hash_723756,667,9,2,1.0,0.0,6.0,0.0,0.0,2.0,0.0,1.0,1165.0,116.5,0.2941929870517776,0,2830000.0,normal
CR000535,CL00482,2025-06-03,Microcrédito,2750000,12,0.0385,290000,App,900,0.097,Automática,Activo,0,2025-09-25,Risaralda,Pereira,26,M,3,Bachiller,Conductor/Repartidor,2990000.0,Campaña digital,628.0,False,0,Android,hash_168247,-114,6,1,0.0,0.0,0.0,0.0,0.0,0.0,0.0,0.0,0.0,0.0,0.49921738990828535,0,2990000.0,normal
CR000536,CL00482,2025-12-19,Crédito libre inversión,3200000,3,0.0205,1111000,Aliado,815,0.3716,Manual,Finalizado,0,2025-09-25,Risaralda,Pereira,26,M,3,Bachiller,Conductor/Repartidor,2990000.0,Campaña digital,628.0,False,0,Android,hash_168247,85,12,4,0.0,2.0,1.0,0.0,0.0,1.0,1.0,1.0,646.0,107.66666666666667,0.38601169011487746,0,2990000.0,normal
CR000537,CL00482,2025-09-15,Crédito consumo digital,2050000,24,0.0373,131000,App,833,0.0438,Automática,Activo,0,2025-09-25,Risaralda,Pereira,26,M,3,Bachiller,Conductor/Repartidor,2990000.0,Campaña digital,628.0,False,0,Android,hash_168247,-10,9,0,0.0,0.0,0.0,0.0,0.0,0.0,0.0,0.0,0.0,0.0,0.21445888551464184,0,2990000.0,normal
CR000538,CL00483,2024-12-25,Microcrédito,6300000,3,0.0378,2261000,App,900,0.4172,Manual,Finalizado,0,2024-06-18,Norte de Santander,Cúcuta,20,M,3,Técnico/Tecnólogo,Empleado,5420000.0,Campaña digital,672.0,True,0,Android,hash_939232,190,12,2,0.0,0.0,2.0,0.0,0.0,1.0,0.0,0.0,915.0,305.0,0.3694467511620374,0,5420000.0,normal
CR000539,CL00485,2025-03-23,Crédito consumo digital,1450000,12,0.0265,143000,App,814,0.0586,Automática,Mora moderada,1,2023-09-16,Bogotá D.C.,Barranquilla,28,M,2,Sin información,Independiente,2440000.0,App orgánico,584.0,False,1,Android,hash_865372,554,3,6,1.0,1.0,4.0,0.0,0.0,1.0,1.0,0.0,987.0,123.375,0.2895123157269374,0,2440000.0,normal
CR000540,CL00485,2023-11-28,Crédito consumo digital,950000,9,0.0303,122000,App,845,0.05,Automática,Finalizado,0,2023-09-16,Bogotá D.C.,Barranquilla,28,M,2,Sin información,Independiente,2440000.0,App orgánico,584.0,False,1,Android,hash_865372,73,11,1,0.0,0.0,0.0,0.0,0.0,0.0,1.0,0.0,40.0,40.0,0.5629628225862517,1,2440000.0,normal
CR000541,CL00486,2024-10-15,Crédito consumo digital,1400000,9,0.0343,183000,App,900,0.032,Automática,Finalizado,0,2023-02-02,Valle del Cauca,Cali,22,M,2,Universitario,Comerciante,5720000.0,App orgánico,630.0,True,2,Android,hash_560221,621,10,1,0.0,1.0,3.0,1.0,0.0,0.0,0.0,0.0,723.0,144.6,0.18242594086138497,0,5720000.0,normal
CR000542,CL00487,2024-12-26,Crédito consumo digital,1450000,3,0.0331,516000,App,900,0.2177,Automática,Finalizado,0,2024-07-16,Antioquia,Medellín,30,M,3,Universitario,Independiente,2370000.0,Referido,743.0,False,0,Android,hash_441115,163,12,3,0.0,1.0,0.0,0.0,0.0,0.0,0.0,0.0,122.0,122.0,0.3216367044216527,0,2370000.0,normal
CR000543,CL00488,2024-05-16,Microcrédito,650000,12,0.0301,65000,App,712,0.067,Automática,Mora moderada,1,2023-09-07,Antioquia,Medellín,25,M,3,Posgrado,Estudiante,970000.0,App orgánico,552.0,False,0,Android,hash_888356,252,5,3,0.0,0.0,0.0,1.0,1.0,0.0,0.0,0.0,308.0,154.0,0.7031298818203724,1,970000.0,normal
CR000544,CL00489,2024-08-27,Microcrédito,5900000,18,0.0362,452000,App,900,0.0873,Automática,Finalizado,0,2023-07-25,Bogotá D.C.,Bogotá,53,M,3,Técnico/Tecnólogo,Microempresario,5180000.0,App orgánico,840.0,False,1,Android,hash_492838,399,8,1,0.0,0.0,1.0,0.0,0.0,1.0,0.0,3.0,779.0,155.8,0.1962164969872968,0,5180000.0,normal
CR000545,CL00489,2024-09-22,Avance de nómina,1700000,12,0.0219,163000,App,900,0.0315,Automática,Finalizado,0,2023-07-25,Bogotá D.C.,Bogotá,53,M,3,Técnico/Tecnólogo,Microempresario,5180000.0,App orgánico,840.0,False,1,Android,hash_492838,425,9,6,0.0,0.0,1.0,0.0,0.0,1.0,0.0,3.0,779.0,155.8,0.18506964597452685,0,5180000.0,normal
CR000546,CL00490,2024-02-05,Crédito libre inversión,5750000,6,0.0258,1047000,Aliado,838,0.3739,Manual,Finalizado,0,2023-12-14,Santander,Bucaramanga,45,M,6,Sin información,Independiente,2800000.0,App orgánico,609.0,False,2,iOS,hash_210234,53,2,0,0.0,0.0,1.0,0.0,0.0,0.0,0.0,0.0,60.0,60.0,0.4829532524844899,0,2800000.0,normal
CR000547,CL00491,2026-02-22,Crédito libre inversión,1650000,6,0.0317,306000,App,804,0.3517,Manual,Activo,0,2025-08-31,Cundinamarca,Soacha,36,F,2,Universitario,Independiente,870000.0,Referido,524.0,False,0,Android,hash_893981,175,2,6,0.0,2.0,1.0,0.0,0.0,0.0,0.0,0.0,378.0,126.0,0.5971676843592311,1,870000.0,normal
CR000548,CL00492,2025-08-06,Microcrédito,4250000,9,0.0307,548000,App,900,0.1243,Automática,Activo,0,2023-08-09,Tolima,Ibagué,51,F,2,Bachiller,Empleado,4410000.0,Referido,684.0,False,3,iOS,hash_350476,728,8,2,1.0,3.0,6.0,2.0,0.0,2.0,0.0,2.0,1983.0,123.9375,0.21618414173510356,0,4410000.0,normal
CR000549,CL00492,2025-02-25,Crédito consumo digital,3450000,18,0.0373,267000,Web,900,0.0605,Automática,Activo,0,2023-08-09,Tolima,Ibagué,51,F,2,Bachiller,Empleado,4410000.0,Referido,684.0,False,3,iOS,hash_350476,566,2,1,0.0,2.0,6.0,1.0,0.0,1.0,0.0,1.0,1676.0,152.36363636363637,0.12214730369732517,0,4410000.0,normal
CR000550,CL00493,2024-01-05,Crédito consumo digital,25000000,12,0.035,2587000,App,900,0.0216,Automática,Mora moderada,1,2023-04-24,Atlántico,Barranquilla,37,M,2,Técnico/Tecnólogo,Independiente,120000000.0,Aliado comercial,555.0,False,2,Android,hash_205474,256,1,4,0.0,0.0,0.0,1.0,0.0,0.0,0.0,0.0,62.0,62.0,0.7626787826978302,1,7082400.000000003,error_captura
CR000551,CL00495,2024-08-01,Microcrédito,1900000,12,0.0404,203000,App,873,0.0796,Automática,Finalizado,0,2023-05-12,Bogotá D.C.,Bogotá,51,M,3,Técnico/Tecnólogo,Empleado,2550000.0,Campaña digital,581.0,False,0,iOS,hash_434937,447,8,3,0.0,3.0,2.0,1.0,0.0,0.0,0.0,0.0,811.0,135.16666666666666,0.393839462766766,0,2550000.0,normal
CR000552,CL00496,2024-04-09,Crédito libre inversión,5300000,6,0.0261,966000,App,799,0.2825,Automática,Finalizado,0,2023-03-19,Bogotá D.C.,Bogotá,41,F,4,Técnico/Tecnólogo,Empleado,3420000.0,App orgánico,596.0,False,2,Android,hash_264164,387,4,1,0.0,0.0,0.0,0.0,0.0,0.0,2.0,0.0,188.0,94.0,0.5820944050390991,1,3420000.0,normal
CR000553,CL00497,2024-02-16,Crédito libre inversión,10050000,18,0.0219,681000,Aliado,900,0.1214,Automática,Mora severa,1,2023-09-28,Bogotá D.C.,Bogotá,26,M,2,Técnico/Tecnólogo,Empleado,5610000.0,App orgánico,680.0,False,0,Android,hash_103420,141,2,4,0.0,0.0,0.0,0.0,0.0,0.0,0.0,0.0,0.0,0.0,0.4599641104620603,0,5610000.0,normal
CR000554,CL00499,2023-08-20,Crédito consumo digital,600000,6,0.0319,111000,App,702,0.0816,Automática,Mora severa,1,2023-03-07,Norte de Santander,Cúcuta,27,F,4,Bachiller,Estudiante,1360000.0,App orgánico,420.0,False,1,iOS,hash_208806,166,8,6,0.0,0.0,0.0,0.0,0.0,1.0,0.0,0.0,329.0,329.0,0.7317883674659853,1,1360000.0,normal
CR000555,CL00500,2024-01-20,Crédito consumo digital,1800000,6,0.0323,335000,App,812,0.1701,Automática,Mora severa,1,2023-07-16,Antioquia,Medellín,22,F,2,Universitario,Empleado,1970000.0,Referido,614.0,False,2,Android,hash_759285,188,1,5,0.0,0.0,0.0,1.0,0.0,0.0,0.0,0.0,66.0,66.0,0.509209960557917,1,1970000.0,normal
CR000556,CL00500,2025-07-17,Crédito consumo digital,450000,3,0.0351,161000,App,898,0.0817,Automática,Finalizado,0,2023-07-16,Antioquia,Medellín,22,F,2,Universitario,Empleado,1970000.0,Referido,614.0,False,2,Android,hash_759285,732,7,3,0.0,2.0,4.0,3.0,0.0,0.0,1.0,0.0,1693.0,169.3,0.3093701970894565,0,1970000.0,normal
CR000557,CL00501,2025-11-18,Crédito consumo digital,350000,3,0.0231,122000,Aliado,751,0.1743,Automática,Finalizado,0,2025-06-28,Valle del Cauca,Cali,45,M,3,Universitario,Desempleado,700000.0,Referido,528.0,False,1,Android,hash_566783,143,11,1,2.0,0.0,2.0,0.0,0.0,0.0,1.0,2.0,1232.0,176.0,0.5860052208429172,1,700000.0,normal
CR000558,CL00503,2026-03-22,Crédito consumo digital,2300000,12,0.0249,224000,App,848,0.0707,Automática,Activo,0,2024-11-05,Antioquia,Medellín,22,M,3,Universitario,Independiente,3170000.0,App orgánico,555.0,False,0,Android,hash_308920,502,3,6,0.0,3.0,6.0,2.0,0.0,1.0,0.0,3.0,2386.0,159.06666666666666,0.36835512429504574,0,3170000.0,normal
CR000559,CL00504,2025-01-17,Crédito libre inversión,12800000,6,0.0172,2264000,App,900,0.266,Automática,Finalizado,0,2023-07-26,Antioquia,Medellín,42,F,2,Universitario,Empleado,8510000.0,Referido,820.0,False,3,Android,hash_754539,541,1,4,0.0,2.0,3.0,1.0,1.0,2.0,0.0,2.0,1503.0,136.63636363636363,0.20769809008037848,0,7082400.000000003,error_captura
CR000560,CL00504,2024-07-30,Crédito consumo digital,3900000,9,0.0373,518000,App,900,0.0609,Automática,Finalizado,0,2023-07-26,Antioquia,Medellín,42,F,2,Universitario,Empleado,8510000.0,Referido,820.0,False,3,Android,hash_754539,370,7,1,0.0,2.0,2.0,0.0,1.0,1.0,0.0,2.0,1152.0,144.0,0.11764508601890879,0,7082400.000000003,error_captura
CR000561,CL00505,2025-02-17,Crédito libre inversión,7950000,12,0.0236,769000,Web,900,0.1732,Automática,Mora severa,1,2023-10-13,Bogotá D.C.,Bogotá,29,F,3,Técnico/Tecnólogo,Empleado,4440000.0,Campaña digital,636.0,False,1,iOS,hash_664935,493,2,0,0.0,0.0,0.0,1.0,0.0,0.0,0.0,0.0,63.0,63.0,0.4391609902774776,0,4440000.0,normal
CR000562,CL00506,2024-10-05,Crédito consumo digital,2350000,3,0.0272,826000,App,780,0.3153,Automática,Finalizado,0,2024-02-24,Cundinamarca,Soacha,31,M,2,Técnico/Tecnólogo,Comerciante,2620000.0,App orgánico,524.0,True,1,Android,hash_567119,224,10,5,0.0,2.0,2.0,0.0,0.0,0.0,0.0,0.0,1154.0,288.5,0.31511467910883173,0,2620000.0,normal
CR000563,CL00507,2025-06-25,Crédito consumo digital,2000000,24,0.0219,108000,App,900,0.033,Automática,Activo,0,2025-03-17,Antioquia,Medellín,30,M,4,Universitario,Empleado,3270000.0,App orgánico,623.0,False,0,Android,hash_100015,100,6,2,0.0,1.0,3.0,0.0,0.0,0.0,0.0,0.0,938.0,234.5,0.274879861747641,0,3270000.0,normal
CR000564,CL00507,2025-07-04,Crédito libre inversión,7400000,9,0.0276,940000,Call center,841,0.2875,Automática,Mora moderada,1,2025-03-17,Antioquia,Medellín,30,M,4,Universitario,Empleado,3270000.0,App orgánico,623.0,False,0,Android,hash_100015,109,7,4,0.0,1.0,3.0,1.0,0.0,0.0,0.0,0.0,1163.0,232.6,0.5238939367855187,1,3270000.0,normal
CR000565,CL00508,2026-02-27,Crédito consumo digital,1400000,12,0.0371,147000,Aliado,811,0.047,Automática,Activo,0,2025-04-27,Bogotá D.C.,Bogotá,27,M,1,Universitario,Microempresario,3130000.0,App orgánico,495.0,False,1,iOS,hash_676209,306,2,4,2.0,4.0,5.0,3.0,1.0,3.0,0.0,1.0,2822.0,148.52631578947367,0.17869656957865773,0,3130000.0,normal
CR000566,CL00508,2025-09-22,Crédito consumo digital,1300000,24,0.0204,69000,App,882,0.022,Automática,Activo,0,2025-04-27,Bogotá D.C.,Bogotá,27,M,1,Universitario,Microempresario,3130000.0,App orgánico,495.0,False,1,iOS,hash_676209,148,9,0,0.0,3.0,2.0,1.0,1.0,0.0,0.0,0.0,1243.0,177.57142857142858,0.3234541060799116,0,3130000.0,normal
CR000567,CL00508,2026-03-19,Crédito libre inversión,5450000,3,0.0173,1880000,App,656,0.6006,Excepción,Activo,0,2025-04-27,Bogotá D.C.,Bogotá,27,M,1,Universitario,Microempresario,3130000.0,App orgánico,495.0,False,1,iOS,hash_676209,326,3,3,2.0,5.0,5.0,3.0,1.0,3.0,0.0,1.0,3089.0,154.45,0.3887601331673661,0,3130000.0,normal
CR000568,CL00509,2025-02-08,Crédito consumo digital,2300000,6,0.0292,423000,App,900,0.0733,Automática,Finalizado,0,2023-12-19,Tolima,Ibagué,36,F,3,Universitario,Empleado,5770000.0,App orgánico,743.0,True,0,Android,hash_427507,417,2,5,1.0,1.0,1.0,0.0,0.0,0.0,0.0,0.0,333.0,111.0,0.17227180439333284,0,5770000.0,normal
CR000569,CL00510,2026-03-29,Crédito consumo digital,1800000,12,0.0302,181000,App,821,0.0567,Automática,Activo,0,2026-01-05,Bogotá D.C.,Bogotá,28,F,3,Posgrado,Comerciante,3190000.0,App orgánico,607.0,False,3,Android,hash_783550,83,3,6,0.0,2.0,2.0,1.0,0.0,2.0,0.0,0.0,1305.0,186.42857142857142,0.17804756163585317,0,3190000.0,normal
CR000570,CL00510,2026-03-12,Crédito consumo digital,1550000,6,0.0356,291000,App,889,0.0912,Automática,Activo,0,2026-01-05,Bogotá D.C.,Bogotá,28,F,3,Posgrado,Comerciante,3190000.0,App orgánico,607.0,False,3,Android,hash_783550,66,3,3,0.0,2.0,2.0,1.0,0.0,2.0,0.0,0.0,1305.0,186.42857142857142,0.17460816771045637,0,3190000.0,normal
CR000571,CL00511,2025-01-20,Crédito consumo digital,1650000,9,0.0212,203000,Aliado,807,0.1293,Automática,Mora moderada,1,2024-08-18,Bogotá D.C.,Bogotá,39,M,3,Universitario,Comerciante,1570000.0,App orgánico,440.0,False,0,iOS,hash_744911,155,1,0,2.0,0.0,1.0,0.0,0.0,0.0,0.0,0.0,442.0,147.33333333333334,0.7120967837532396,1,1570000.0,normal
CR000572,CL00511,2026-01-06,Crédito libre inversión,2100000,12,0.0277,208000,Aliado,797,0.1325,Automática,Mora moderada,1,2024-08-18,Bogotá D.C.,Bogotá,39,M,3,Universitario,Comerciante,1570000.0,App orgánico,440.0,False,0,iOS,hash_744911,506,1,1,2.0,5.0,6.0,2.0,0.0,0.0,0.0,1.0,3473.0,217.0625,0.5628273206256198,1,1570000.0,normal
CR000573,CL00512,2025-10-27,Crédito consumo digital,5700000,18,0.0378,442000,Web,873,0.1245,Automática,Activo,0,2025-01-08,Norte de Santander,Cúcuta,35,F,5,Bachiller,Empleado,3550000.0,Campaña digital,700.0,False,3,Android,hash_169072,292,10,0,1.0,0.0,2.0,1.0,0.0,0.0,0.0,0.0,725.0,181.25,0.2705580661554333,0,3550000.0,normal
CR000574,CL00513,2025-05-19,Avance de nómina,550000,3,0.019,190000,Web,803,0.1218,Automática,Finalizado,0,2024-06-19,Bogotá D.C.,Bogotá,34,F,3,Posgrado,Independiente,1560000.0,Campaña digital,604.0,False,0,Android,hash_637717,334,5,0,0.0,1.0,1.0,0.0,0.0,0.0,1.0,2.0,1329.0,265.8,0.26388411070647405,0,1560000.0,normal
CR000575,CL00514,2025-12-18,Crédito consumo digital,950000,9,0.0274,121000,Call center,892,0.0366,Automática,Activo,0,2025-08-09,Bogotá D.C.,Bogotá,27,M,3,Bachiller,Independiente,3310000.0,App orgánico,603.0,True,1,Android,hash_312650,131,12,3,0.0,0.0,1.0,0.0,0.0,1.0,0.0,1.0,431.0,143.66666666666666,0.4372728880386129,0,3310000.0,normal
CR000576,CL00515,2025-04-20,Crédito consumo digital,1900000,6,0.0336,355000,Aliado,900,0.1707,Automática,Finalizado,0,2024-08-17,Valle del Cauca,Cali,30,M,3,Bachiller,Empleado,2080000.0,App orgánico,598.0,True,1,Web,hash_987743,246,4,6,0.0,1.0,1.0,1.0,0.0,0.0,0.0,0.0,1123.0,374.3333333333333,0.4661573550513715,0,2080000.0,normal
CR000577,CL00516,2024-06-10,Avance de nómina,2100000,24,0.0231,115000,App,900,0.0256,Automática,Activo,0,2023-06-22,Santander,Bucaramanga,44,F,3,Universitario,Empleado,4490000.0,Campaña digital,656.0,False,0,Android,hash_879427,354,6,0,0.0,2.0,1.0,1.0,0.0,0.0,0.0,1.0,600.0,120.0,0.2262671259698843,0,4490000.0,normal
CR000578,CL00517,2026-01-01,Crédito consumo digital,1950000,3,0.0349,696000,App,798,0.2864,Automática,Finalizado,0,2024-10-04,Antioquia,Medellín,41,F,3,Sin información,Empleado,2430000.0,App orgánico,587.0,False,2,Android,hash_160481,454,1,3,1.0,1.0,0.0,3.0,1.0,0.0,2.0,1.0,1568.0,174.22222222222223,0.21730458079690915,0,2430000.0,normal
CR000579,CL00519,2025-07-14,Crédito libre inversión,3300000,6,0.0273,604000,App,783,0.2822,Automática,Mora severa,1,2025-11-17,Norte de Santander,Cúcuta,37,F,4,Técnico/Tecnólogo,Independiente,2140000.0,Referido,583.0,False,2,Android,hash_855897,-126,7,0,0.0,0.0,0.0,0.0,0.0,0.0,0.0,0.0,0.0,0.0,0.6628424001851634,1,2140000.0,normal
CR000580,CL00520,2026-03-11,Crédito consumo digital,850000,9,0.0224,105000,Web,816,0.0618,Automática,Activo,0,2025-12-25,Meta,Villavicencio,44,F,2,Técnico/Tecnólogo,Independiente,1700000.0,Aliado comercial,550.0,False,0,iOS,hash_784880,76,3,2,0.0,1.0,4.0,0.0,0.0,1.0,0.0,0.0,777.0,129.5,0.3394952826634485,0,1700000.0,normal
CR000581,CL00521,2024-01-23,Crédito consumo digital,3100000,9,0.0209,381000,Web,900,0.0564,Automática,Finalizado,0,2023-02-01,Santander,Bucaramanga,19,F,5,Universitario,Empleado,6760000.0,App orgánico,750.0,True,0,iOS,hash_162508,356,1,1,1.0,2.0,2.0,0.0,1.0,0.0,0.0,0.0,1074.0,179.0,0.12719575316824905,0,6760000.0,normal
CR000582,CL00522,2025-01-22,Crédito consumo digital,1050000,18,0.0266,74000,Web,662,0.074,Automática,Activo,0,2024-04-28,Bogotá D.C.,Bogotá,41,M,1,Técnico/Tecnólogo,Estudiante,1000000.0,App orgánico,484.0,False,3,Android,hash_705599,269,1,2,0.0,0.0,1.0,0.0,0.0,0.0,0.0,0.0,180.0,180.0,0.6974612107048206,1,1000000.0,normal
CR000583,CL00524,2025-03-26,Crédito consumo digital,750000,6,0.0358,141000,Web,736,0.0571,Automática,Finalizado,0,2025-01-11,Cundinamarca,Soacha,42,M,2,Técnico/Tecnólogo,Microempresario,2470000.0,Campaña digital,604.0,True,0,Android,hash_219277,74,3,2,0.0,0.0,0.0,0.0,0.0,0.0,0.0,1.0,44.0,44.0,0.4356992061263933,0,2470000.0,normal
CR000584,CL00524,2026-03-03,Crédito consumo digital,1000000,3,0.0296,353000,App,762,0.1429,Automática,Activo,0,2025-01-11,Cundinamarca,Soacha,42,M,2,Técnico/Tecnólogo,Microempresario,2470000.0,Campaña digital,604.0,True,0,Android,hash_219277,416,3,1,2.0,0.0,3.0,0.0,0.0,0.0,1.0,1.0,1362.0,194.57142857142858,0.15470024486063771,0,2470000.0,normal
CR000585,CL00525,2025-08-03,Crédito consumo digital,5600000,24,0.0271,320000,App,856,0.0825,Automática,Activo,0,2025-04-01,Valle del Cauca,Cali,28,M,5,Universitario,Conductor/Repartidor,3880000.0,Campaña digital,606.0,True,0,Android,hash_204405,124,8,6,0.0,0.0,0.0,0.0,0.0,0.0,1.0,0.0,144.0,144.0,0.5694328565998819,1,3880000.0,normal
CR000586,CL00525,2026-01-17,Avance de nómina,1500000,3,0.0291,529000,App,900,0.1363,Automática,Finalizado,0,2025-04-01,Valle del Cauca,Cali,28,M,5,Universitario,Conductor/Repartidor,3880000.0,Campaña digital,606.0,True,0,Android,hash_204405,291,1,5,1.0,0.0,2.0,1.0,0.0,0.0,2.0,0.0,872.0,145.33333333333334,0.23035261427899706,0,3880000.0,normal
CR000587,CL00526,2025-06-20,Crédito libre inversión,2350000,6,0.0287,432000,Aliado,873,0.3064,Automática,Finalizado,0,2024-10-24,Bogotá D.C.,Bogotá,19,M,2,Técnico/Tecnólogo,Empleado,1410000.0,App orgánico,587.0,False,1,Web,hash_733245,239,6,4,0.0,1.0,0.0,1.0,0.0,1.0,0.0,1.0,317.0,79.25,0.6432634633981724,1,1410000.0,normal
CR000588,CL00527,2024-01-18,Crédito consumo digital,900000,6,0.0361,170000,App,750,0.0885,Automática,Finalizado,0,2023-07-26,Atlántico,Barranquilla,20,M,2,Técnico/Tecnólogo,Independiente,1920000.0,Referido,531.0,False,0,Android,hash_621817,176,1,3,0.0,0.0,1.0,0.0,0.0,0.0,0.0,0.0,82.0,82.0,0.7027370815685582,1,1920000.0,normal
CR000589,CL00529,2025-02-22,Crédito libre inversión,2200000,12,0.0195,207000,Aliado,682,0.1362,Automática,Mora moderada,1,2024-06-27,Bolívar,Cartagena,39,F,2,Bachiller,Microempresario,1520000.0,Campaña digital,514.0,False,0,Android,hash_514725,240,2,5,0.0,1.0,1.0,0.0,0.0,2.0,0.0,0.0,450.0,112.5,0.6075031505174127,1,1520000.0,normal
CR000590,CL00531,2025-07-03,Crédito consumo digital,1650000,12,0.0,166000,App,878,0.0787,Automática,Activo,0,2025-04-21,Bogotá D.C.,Bogotá,42,M,1,Universitario,Empleado,2110000.0,App orgánico,650.0,False,2,Android,hash_177123,73,7,3,0.0,0.0,0.0,0.0,0.0,0.0,0.0,1.0,82.0,82.0,0.4161260390912534,0,2110000.0,normal
CR000591,CL00532,2025-10-22,Crédito consumo digital,1200000,18,0.0367,92000,App,786,0.0492,Automática,Activo,0,2025-02-21,Valle del Cauca,Cali,19,F,4,Bachiller,Independiente,1870000.0,Call center,626.0,False,0,Android,hash_775371,243,10,2,0.0,2.0,1.0,0.0,0.0,1.0,1.0,1.0,1081.0,180.16666666666666,0.27569097807126774,0,1870000.0,normal
CR000592,CL00533,2024-06-15,Microcrédito,450000,9,0.0383,60000,Web,716,0.0732,Automática,Mora severa,1,2023-02-03,Atlántico,Barranquilla,35,F,2,Sin información,Desempleado,820000.0,Call center,486.0,False,0,Android,hash_741157,498,6,5,0.0,1.0,0.0,0.0,0.0,0.0,0.0,0.0,6.0,6.0,0.853686339497263,1,820000.0,normal
CR000593,CL00534,2024-07-07,Crédito consumo digital,950000,6,0.0221,171000,Web,842,0.066,Automática,Finalizado,0,2024-05-02,Bolívar,Cartagena,24,F,3,Universitario,Empleado,2590000.0,Referido,622.0,False,4,Android,hash_814618,66,7,6,0.0,0.0,0.0,0.0,0.0,0.0,0.0,0.0,0.0,0.0,0.33492826999924746,0,2590000.0,normal
CR000594,CL00535,2025-09-06,Microcrédito,1000000,12,0.0282,99000,Aliado,653,0.1414,Automática,Mora severa,1,2025-12-02,Bogotá D.C.,Bogotá,29,M,1,Bachiller,Estudiante,700000.0,App orgánico,438.0,False,0,Android,hash_389068,-87,9,5,0.0,0.0,0.0,0.0,0.0,0.0,0.0,0.0,0.0,0.0,0.7677562223904232,1,700000.0,normal
CR000595,CL00537,2023-02-23,Crédito libre inversión,2100000,6,0.0235,379000,App,847,0.1414,Automática,Mora severa,1,2023-02-05,Antioquia,Medellín,27,F,2,Universitario,Independiente,2680000.0,App orgánico,476.0,False,4,Android,hash_456043,18,2,3,0.0,0.0,0.0,0.0,0.0,0.0,0.0,0.0,0.0,0.0,0.7767687370230036,1,2680000.0,normal
CR000596,CL00538,2024-02-06,Microcrédito,6650000,12,0.0357,691000,App,900,0.1997,Automática,Mora moderada,1,2023-08-11,Bogotá D.C.,Bogotá,32,F,2,Sin información,Independiente,3460000.0,Call center,642.0,False,1,Android,hash_651872,179,2,1,0.0,1.0,1.0,0.0,0.0,0.0,0.0,0.0,175.0,87.5,0.5216908577078525,1,3460000.0,normal
CR000597,CL00539,2025-12-29,Crédito consumo digital,650000,3,0.0249,228000,App,900,0.087,Automática,Finalizado,0,2025-10-27,Santander,Bucaramanga,46,F,4,Sin información,Independiente,2620000.0,Aliado comercial,651.0,False,2,Android,hash_872411,63,12,0,1.0,1.0,1.0,2.0,1.0,0.0,0.0,0.0,1575.0,262.5,0.15181888784777275,0,2620000.0,normal
CR000598,CL00539,2025-08-19,Crédito libre inversión,6550000,18,0.0255,458000,Web,868,0.1748,Automática,Activo,0,2025-10-27,Santander,Bucaramanga,46,F,4,Sin información,Independiente,2620000.0,Aliado comercial,651.0,False,2,Android,hash_872411,-69,8,1,0.0,0.0,0.0,0.0,0.0,0.0,0.0,0.0,0.0,0.0,0.2869976671775403,0,2620000.0,normal
CR000599,CL00540,2023-02-06,Avance de nómina,1350000,9,0.0313,174000,Call center,900,0.0537,Automática,Finalizado,0,2023-01-22,Antioquia,Medellín,30,M,2,Técnico/Tecnólogo,Microempresario,3240000.0,Campaña digital,736.0,False,3,iOS,hash_774945,15,2,0,0.0,0.0,0.0,0.0,0.0,0.0,0.0,0.0,0.0,0.0,0.1736178662952681,0,3240000.0,normal
CR000600,CL00540,2025-06-27,Microcrédito,4100000,9,0.0449,564000,Aliado,900,0.1741,Automática,Finalizado,0,2023-01-22,Antioquia,Medellín,30,M,2,Técnico/Tecnólogo,Microempresario,3240000.0,Campaña digital,736.0,False,3,iOS,hash_774945,887,6,4,0.0,0.0,2.0,0.0,0.0,0.0,0.0,2.0,860.0,215.0,0.22832390765132218,0,3240000.0,normal
CR000601,CL00541,2024-04-29,Microcrédito,950000,9,0.0366,126000,Web,886,0.049,Automática,Mora moderada,1,2023-04-26,Atlántico,Barranquilla,44,M,2,Sin información,Empleado,2570000.0,Campaña digital,668.0,False,1,Android,hash_268332,369,4,0,0.0,0.0,4.0,0.0,0.0,0.0,1.0,0.0,1056.0,211.2,0.24069186276662635,0,2570000.0,normal
CR000602,CL00541,2024-11-18,Microcrédito,1600000,9,0.0334,209000,Aliado,900,0.0813,Automática,Mora severa,1,2023-04-26,Atlántico,Barranquilla,44,M,2,Sin información,Empleado,2570000.0,Campaña digital,668.0,False,1,Android,hash_268332,572,11,0,0.0,1.0,5.0,0.0,0.0,0.0,1.0,0.0,1351.0,193.0,0.3649958435257785,0,2570000.0,normal
CR000603,CL00542,2025-06-07,Crédito consumo digital,750000,24,0.0344,46000,App,820,0.0196,Automática,Mora moderada,1,2024-02-15,Bogotá D.C.,Bogotá,25,F,3,Técnico/Tecnólogo,Empleado,2350000.0,Referido,535.0,False,2,Android,hash_139015,478,6,5,0.0,1.0,1.0,1.0,0.0,0.0,0.0,1.0,776.0,194.0,0.5339614866782771,1,2350000.0,normal
CR000604,CL00543,2026-01-11,Crédito libre inversión,7500000,6,0.028,1375000,Aliado,890,0.3235,Automática,Activo,0,2024-10-04,Atlántico,Barranquilla,41,F,5,Bachiller,Empleado,4250000.0,Campaña digital,678.0,True,0,Web,hash_774075,464,1,6,0.0,0.0,5.0,0.0,0.0,0.0,0.0,0.0,1208.0,241.6,0.3445142327876156,0,4250000.0,normal
CR000605,CL00544,2025-12-25,Crédito libre inversión,8900000,9,0.0234,1108000,App,803,0.3929,Manual,Activo,0,2025-11-05,Bolívar,Cartagena,50,M,5,Técnico/Tecnólogo,Microempresario,2820000.0,Referido,689.0,False,3,Android,hash_552546,50,12,3,0.0,3.0,0.0,1.0,0.0,2.0,0.0,0.0,1340.0,223.33333333333334,0.29557242547202284,0,2820000.0,normal
CR000606,CL00544,2026-01-07,Crédito consumo digital,2700000,6,0.0288,496000,Aliado,900,0.1759,Automática,Activo,0,2025-11-05,Bolívar,Cartagena,50,M,5,Técnico/Tecnólogo,Microempresario,2820000.0,Referido,689.0,False,3,Android,hash_552546,63,1,2,0.0,3.0,0.0,1.0,0.0,2.0,0.0,0.0,1340.0,223.33333333333334,0.1806777521678403,0,2820000.0,normal
CR000607,CL00545,2023-06-27,Crédito libre inversión,3250000,12,0.0207,309000,App,900,0.1618,Automática,Finalizado,0,2023-05-03,Cundinamarca,Soacha,19,F,2,Sin información,Empleado,1910000.0,Referido,649.0,False,0,Android,hash_978247,55,6,1,0.0,1.0,2.0,0.0,0.0,0.0,0.0,0.0,626.0,208.66666666666666,0.4322014172676692,0,1910000.0,normal
CR000608,CL00546,2025-04-14,Microcrédito,2800000,9,0.0431,382000,App,900,0.0803,Automática,Finalizado,0,2023-04-02,Valle del Cauca,Cali,28,M,2,Posgrado,Comerciante,4760000.0,Aliado comercial,684.0,True,0,Android,hash_286110,743,4,0,0.0,2.0,1.0,2.0,0.0,1.0,0.0,0.0,1399.0,233.16666666666666,0.3275410596498902,0,4760000.0,normal
CR000609,CL00547,2025-08-30,Crédito consumo digital,1400000,9,0.0327,182000,Web,823,0.0719,Automática,Activo,0,2025-04-27,Antioquia,Medellín,42,F,3,Bachiller,Microempresario,2530000.0,Referido,642.0,True,1,Android,hash_647933,125,8,5,0.0,1.0,0.0,1.0,1.0,0.0,0.0,0.0,655.0,218.33333333333334,0.31242579162232353,0,2530000.0,normal
CR000610,CL00548,2025-10-07,Microcrédito,1550000,12,0.0434,168000,App,817,0.0903,Automática,Activo,0,2025-07-03,Santander,Bucaramanga,34,M,2,Universitario,Independiente,1860000.0,App orgánico,488.0,False,1,Android,hash_848609,96,10,1,0.0,0.0,4.0,0.0,0.0,0.0,1.0,1.0,1107.0,184.5,0.6545311906104558,1,1860000.0,normal
CR000611,CL00548,2025-10-20,Crédito libre inversión,3350000,24,0.0214,180000,Aliado,809,0.0968,Automática,Activo,0,2025-07-03,Santander,Bucaramanga,34,M,2,Universitario,Independiente,1860000.0,App orgánico,488.0,False,1,Android,hash_848609,109,10,0,0.0,0.0,4.0,0.0,0.0,0.0,1.0,1.0,1107.0,184.5,0.6608882689368039,1,1860000.0,normal
CR000612,CL00548,2025-09-29,Crédito libre inversión,4700000,9,0.0338,614000,App,741,0.3301,Automática,Activo,0,2025-07-03,Santander,Bucaramanga,34,M,2,Universitario,Independiente,1860000.0,App orgánico,488.0,False,1,Android,hash_848609,88,9,0,0.0,0.0,4.0,0.0,0.0,0.0,1.0,1.0,1107.0,184.5,0.6499453639013061,1,1860000.0,normal
CR000613,CL00550,2025-08-29,Crédito consumo digital,3150000,18,0.0215,213000,Aliado,897,0.0753,Automática,Activo,0,2023-09-22,Valle del Cauca,Cali,30,M,5,Técnico/Tecnólogo,Microempresario,2830000.0,Call center,705.0,False,0,Android,hash_578766,707,8,4,0.0,1.0,1.0,1.0,0.0,2.0,0.0,0.0,683.0,136.6,0.3176356435726704,0,2830000.0,normal
CR000614,CL00550,2025-05-27,Crédito consumo digital,900000,12,0.0286,90000,App,900,0.0318,Automática,Activo,0,2023-09-22,Valle del Cauca,Cali,30,M,5,Técnico/Tecnólogo,Microempresario,2830000.0,Call center,705.0,False,0,Android,hash_578766,613,5,1,0.0,1.0,1.0,1.0,0.0,2.0,0.0,0.0,683.0,136.6,0.2549125067790229,0,2830000.0,normal
CR000615,CL00551,2025-09-23,Avance de nómina,650000,9,0.0252,82000,Aliado,792,0.0254,Automática,Activo,0,2025-12-23,Bogotá D.C.,Bogotá,37,M,3,Posgrado,Microempresario,3230000.0,App orgánico,513.0,False,1,Android,hash_833478,-91,9,1,0.0,0.0,0.0,0.0,0.0,0.0,0.0,0.0,0.0,0.0,0.5377960234560526,1,3230000.0,normal
CR000616,CL00552,2025-12-09,Crédito consumo digital,2700000,9,0.0339,353000,Aliado,834,0.1569,Automática,Activo,0,2024-05-17,Antioquia,Medellín,34,M,2,Universitario,Empleado,2250000.0,Campaña digital,699.0,False,2,Web,hash_688730,571,12,1,1.0,2.0,2.0,0.0,1.0,2.0,0.0,2.0,1506.0,150.6,0.3059549488265364,0,2250000.0,normal
CR000617,CL00553,2025-07-07,Crédito consumo digital,650000,6,0.0283,119000,Aliado,859,0.0952,Automática,Finalizado,0,2024-12-23,Bogotá D.C.,Bogotá,48,F,2,Bachiller,Comerciante,1250000.0,Aliado comercial,641.0,True,2,Android,hash_616456,196,7,0,0.0,1.0,3.0,0.0,1.0,1.0,0.0,0.0,1348.0,224.66666666666666,0.2782461547605432,0,1250000.0,normal
CR000618,CL00554,2025-01-15,Microcrédito,4300000,9,0.0371,571000,App,766,0.2222,Automática,Mora severa,1,2023-07-13,Bogotá D.C.,Bogotá,39,M,2,Posgrado,Comerciante,2570000.0,Campaña digital,478.0,False,3,Android,hash_378252,552,1,2,0.0,4.0,0.0,3.0,0.0,0.0,0.0,1.0,1236.0,154.5,0.5189365051254698,1,2570000.0,normal
CR000619,CL00554,2023-11-01,Avance de nómina,1150000,12,0.0282,114000,App,900,0.0444,Automática,Mora moderada,1,2023-07-13,Bogotá D.C.,Bogotá,39,M,2,Posgrado,Comerciante,2570000.0,Campaña digital,478.0,False,3,Android,hash_378252,111,11,2,0.0,0.0,0.0,0.0,0.0,0.0,0.0,0.0,0.0,0.0,0.8145362746380247,1,2570000.0,normal
CR000620,CL00555,2026-02-19,Crédito libre inversión,1500000,6,0.023,270000,Call center,766,0.1543,Automática,Activo,0,2025-02-27,Bogotá D.C.,Bogotá,39,F,1,Bachiller,Pensionado,1750000.0,Referido,450.0,True,2,iOS,hash_565996,357,2,3,2.0,0.0,3.0,1.0,0.0,0.0,0.0,1.0,1265.0,180.71428571428572,0.43405150250099495,0,1750000.0,normal
CR000621,CL00555,2025-08-19,Microcrédito,1150000,6,0.025,209000,Call center,809,0.1194,Automática,Mora moderada,1,2025-02-27,Bogotá D.C.,Bogotá,39,F,1,Bachiller,Pensionado,1750000.0,Referido,450.0,True,2,iOS,hash_565996,173,8,1,1.0,0.0,1.0,1.0,0.0,0.0,0.0,1.0,619.0,154.75,0.6997874917359549,1,1750000.0,normal
CR000622,CL00556,2025-11-04,Crédito libre inversión,900000,24,0.0234,49000,App,696,0.1021,Automática,Mora moderada,1,2024-05-10,Valle del Cauca,Cali,32,F,2,Universitario,Estudiante,480000.0,Aliado comercial,592.0,False,2,Android,hash_685009,543,11,1,1.0,0.0,1.0,1.0,0.0,1.0,0.0,1.0,850.0,170.0,0.5987293789473503,1,480000.0,normal
CR000623,CL00559,2026-02-03,Microcrédito,2900000,18,0.0293,210000,App,866,0.0541,Automática,Activo,0,2023-08-27,Bogotá D.C.,Bogotá,40,M,2,Técnico/Tecnólogo,Empleado,3880000.0,App orgánico,611.0,True,0,Android,hash_831670,891,2,1,0.0,1.0,1.0,6.0,0.0,4.0,0.0,1.0,1860.0,143.07692307692307,0.2285236988496153,0,3880000.0,normal
CR000624,CL00561,2025-06-18,Crédito libre inversión,6250000,6,0.0317,1160000,App,858,0.3946,Manual,Finalizado,0,2023-07-08,Valle del Cauca,Cali,39,M,2,Bachiller,Empleado,2940000.0,Call center,553.0,False,2,Android,hash_741774,711,6,2,2.0,4.0,2.0,1.0,1.0,0.0,0.0,0.0,1335.0,133.5,0.2688175695300235,0,2940000.0,normal
CR000625,CL00562,2025-12-09,Crédito consumo digital,5700000,6,0.0352,1070000,App,900,0.2082,Automática,Activo,0,2024-01-30,Cundinamarca,Soacha,57,F,4,Universitario,Independiente,5140000.0,Referido,781.0,True,0,Android,hash_812787,679,12,1,0.0,2.0,0.0,2.0,0.0,0.0,0.0,0.0,646.0,161.5,0.20173416969539995,0,5140000.0,normal
CR000626,CL00563,2024-03-02,Crédito consumo digital,1150000,6,0.0276,211000,Aliado,826,0.0821,Automática,Finalizado,0,2023-07-27,Santander,Bucaramanga,45,M,2,Universitario,Empleado,2570000.0,Aliado comercial,605.0,False,3,Android,hash_191665,219,3,5,1.0,1.0,0.0,0.0,0.0,0.0,0.0,0.0,316.0,158.0,0.36957018815768344,0,2570000.0,normal
CR000627,CL00564,2026-03-27,Microcrédito,3100000,12,0.0341,319000,App,842,0.1241,Automática,Activo,0,2023-12-19,Bogotá D.C.,Bogotá,33,F,3,Técnico/Tecnólogo,Independiente,2570000.0,App orgánico,703.0,False,2,iOS,hash_902386,829,3,4,1.0,2.0,2.0,0.0,1.0,0.0,0.0,0.0,955.0,159.16666666666666,0.39693047308013746,0,2570000.0,normal
CR000628,CL00566,2025-05-26,Microcrédito,1300000,6,0.036,245000,App,677,0.1992,Automática,Mora moderada,0,2023-02-23,Valle del Cauca,Cali,32,M,3,Bachiller,Conductor/Repartidor,1230000.0,Aliado comercial,392.0,False,0,Android,hash_745214,823,5,0,0.0,0.0,3.0,1.0,0.0,2.0,0.0,1.0,648.0,92.57142857142857,0.7352916355819683,1,1230000.0,normal
CR000629,CL00568,2025-06-10,Avance de nómina,800000,9,0.0185,97000,App,778,0.0377,Automática,Mora severa,1,2025-09-04,Bogotá D.C.,Bogotá,26,M,2,Universitario,Empleado,2570000.0,Referido,528.0,False,3,Android,hash_213926,-86,6,1,0.0,0.0,0.0,0.0,0.0,0.0,0.0,0.0,0.0,0.0,0.5883436800241123,1,2570000.0,normal
CR000630,CL00568,2025-07-01,Microcrédito,3500000,9,0.0331,456000,Web,805,0.1774,Automática,Finalizado,0,2025-09-04,Bogotá D.C.,Bogotá,26,M,2,Universitario,Empleado,2570000.0,Referido,528.0,False,3,Android,hash_213926,-65,7,1,0.0,0.0,0.0,0.0,0.0,0.0,0.0,0.0,0.0,0.0,0.6202599477989816,1,2570000.0,normal
CR000631,CL00569,2025-12-29,Crédito libre inversión,1250000,12,0.0203,118000,App,710,0.1439,Automática,Activo,0,2025-08-13,Atlántico,Barranquilla,19,M,4,Bachiller,Estudiante,820000.0,App orgánico,538.0,True,3,iOS,hash_577044,138,12,0,1.0,1.0,0.0,0.0,0.0,2.0,1.0,0.0,470.0,94.0,0.7338252251808552,1,820000.0,normal
CR000632,CL00570,2025-09-09,Crédito libre inversión,3450000,9,0.0228,428000,Aliado,788,0.2028,Automática,Activo,0,2025-07-25,Valle del Cauca,Cali,32,F,4,Universitario,Conductor/Repartidor,2110000.0,Campaña digital,506.0,False,4,Android,hash_629148,46,9,1,1.0,0.0,1.0,0.0,0.0,0.0,0.0,0.0,134.0,67.0,0.7151587194179505,1,2110000.0,normal
CR000633,CL00571,2026-02-23,Crédito consumo digital,1200000,6,0.0262,219000,Aliado,776,0.1171,Automática,Activo,0,2023-11-01,Antioquia,Medellín,36,F,2,Universitario,Microempresario,1870000.0,Campaña digital,571.0,True,2,Android,hash_881608,845,2,0,1.0,1.0,2.0,0.0,0.0,0.0,0.0,1.0,835.0,167.0,0.27421485704895515,0,1870000.0,normal
CR000634,CL00573,2025-12-01,Crédito libre inversión,1950000,9,0.0248,244000,App,889,0.0996,Automática,Activo,0,2025-10-08,Santander,Bucaramanga,39,F,4,Técnico/Tecnólogo,Pensionado,2450000.0,Aliado comercial,577.0,False,2,iOS,hash_907784,54,12,0,0.0,1.0,1.0,0.0,0.0,0.0,0.0,0.0,123.0,61.5,0.5284323186678043,1,2450000.0,normal
CR000635,CL00574,2025-02-23,Avance de nómina,1650000,6,0.0307,305000,Call center,861,0.1406,Automática,Mora moderada,1,2025-02-07,Tolima,Ibagué,34,M,3,Sin información,Independiente,2170000.0,Referido,631.0,False,2,Web,hash_461799,16,2,6,0.0,0.0,0.0,0.0,0.0,0.0,0.0,0.0,0.0,0.0,0.47535731370090395,0,2170000.0,normal
CR000636,CL00575,2025-11-12,Microcrédito,3300000,9,0.0299,424000,Call center,789,0.1313,Automática,Mora moderada,1,2024-04-15,Antioquia,Medellín,44,M,3,Técnico/Tecnólogo,Empleado,3230000.0,Referido,572.0,False,2,Android,hash_378747,576,11,2,0.0,3.0,2.0,1.0,0.0,0.0,0.0,1.0,1175.0,167.85714285714286,0.49973958860602663,0,3230000.0,normal
CR000637,CL00575,2025-10-19,Crédito consumo digital,3700000,3,0.0223,1289000,App,773,0.3991,Manual,Finalizado,0,2024-04-15,Antioquia,Medellín,44,M,3,Técnico/Tecnólogo,Empleado,3230000.0,Referido,572.0,False,2,Android,hash_378747,552,10,6,0.0,3.0,2.0,1.0,0.0,0.0,0.0,1.0,1175.0,167.85714285714286,0.43536621155204264,0,3230000.0,normal
CR000638,CL00576,2026-01-14,Crédito libre inversión,9450000,12,0.0224,907000,App,900,0.2095,Automática,Activo,0,2023-10-10,Bogotá D.C.,Bogotá,19,M,5,Bachiller,Microempresario,4330000.0,App orgánico,673.0,True,2,Android,hash_888049,827,1,2,1.0,2.0,1.0,1.0,1.0,1.0,1.0,0.0,1157.0,144.625,0.3919819750776382,0,4330000.0,normal
CR000639,CL00578,2026-01-13,Microcrédito,2350000,18,0.0416,188000,App,900,0.1126,Automática,Activo,0,2023-10-16,Bogotá D.C.,Bogotá,44,M,2,Bachiller,Microempresario,1670000.0,Campaña digital,589.0,True,2,Android,hash_342821,820,1,1,1.0,2.0,2.0,1.0,0.0,1.0,1.0,2.0,1364.0,136.4,0.24143511074719873,0,1670000.0,normal
CR000640,CL00578,2025-09-05,Microcrédito,1300000,12,0.0337,134000,Aliado,784,0.0802,Automática,Mora severa,1,2023-10-16,Bogotá D.C.,Bogotá,44,M,2,Bachiller,Microempresario,1670000.0,Campaña digital,589.0,True,2,Android,hash_342821,690,9,4,1.0,2.0,1.0,1.0,0.0,1.0,1.0,2.0,1287.0,143.0,0.5362705844103439,1,1670000.0,normal
CR000641,CL00579,2024-06-17,Microcrédito,4000000,12,0.0274,396000,Aliado,841,0.0941,Automática,Mora moderada,1,2024-05-21,Risaralda,Pereira,21,M,2,Bachiller,Empleado,4210000.0,App orgánico,600.0,False,1,Android,hash_127603,27,6,0,0.0,0.0,0.0,0.0,0.0,0.0,0.0,1.0,199.0,199.0,0.6092967515665086,1,4210000.0,normal
CR000642,CL00580,2025-10-09,Crédito libre inversión,3300000,12,0.0286,329000,App,900,0.1201,Automática,Activo,0,2023-12-08,Bogotá D.C.,Bogotá,47,M,3,Posgrado,Microempresario,2740000.0,Call center,611.0,False,0,Android,hash_886872,671,10,3,0.0,0.0,1.0,2.0,0.0,2.0,0.0,2.0,1501.0,214.42857142857142,0.35200345404536565,0,2740000.0,normal
CR000643,CL00582,2025-11-30,Microcrédito,3400000,6,0.0423,653000,Web,758,0.3473,Automática,Mora severa,1,2026-01-16,Santander,Bucaramanga,32,M,2,Universitario,Independiente,1880000.0,Referido,497.0,False,3,Android,hash_356760,-47,11,6,0.0,0.0,0.0,0.0,0.0,0.0,0.0,0.0,0.0,0.0,0.7362903339367738,1,1880000.0,normal
CR000644,CL00582,2025-06-20,Crédito consumo digital,850000,3,0.0309,301000,App,757,0.1601,Automática,Finalizado,0,2026-01-16,Santander,Bucaramanga,32,M,2,Universitario,Independiente,1880000.0,Referido,497.0,False,3,Android,hash_356760,-210,6,4,0.0,0.0,0.0,0.0,0.0,0.0,0.0,0.0,0.0,0.0,0.5331144737747845,1,1880000.0,normal
CR000645,CL00583,2025-09-21,Crédito libre inversión,2050000,3,0.0194,710000,App,799,0.3381,Automática,Finalizado,0,2024-09-04,Santander,Bucaramanga,42,F,3,Universitario,Independiente,2100000.0,Referido,540.0,False,1,Android,hash_810958,382,9,6,1.0,0.0,3.0,0.0,0.0,1.0,0.0,0.0,1131.0,226.2,0.3822868424749156,0,2100000.0,normal
CR000646,CL00584,2025-04-24,Crédito libre inversión,4500000,3,0.0224,1568000,App,772,0.4519,Manual,Finalizado,0,2023-02-26,Cundinamarca,Soacha,59,M,5,Técnico/Tecnólogo,Comerciante,3470000.0,App orgánico,674.0,False,1,Android,hash_250434,788,4,3,2.0,4.0,3.0,0.0,1.0,2.0,1.0,0.0,2108.0,162.15384615384616,0.26864972669039044,0,3470000.0,normal
CR000647,CL00585,2023-04-16,Crédito consumo digital,2350000,6,0.0219,422000,Aliado,893,0.1388,Automática,Mora moderada,1,2023-02-19,Atlántico,Barranquilla,38,M,4,Técnico/Tecnólogo,Empleado,3040000.0,App orgánico,687.0,False,4,Android,hash_854849,56,4,6,1.0,0.0,0.0,0.0,0.0,0.0,0.0,0.0,265.0,265.0,0.3973637929460706,0,3040000.0,normal
CR000648,CL00585,2024-05-31,Crédito libre inversión,5100000,18,0.0258,358000,App,781,0.1178,Automática,Finalizado,0,2023-02-19,Atlántico,Barranquilla,38,M,4,Técnico/Tecnólogo,Empleado,3040000.0,App orgánico,687.0,False,4,Android,hash_854849,467,5,4,1.0,0.0,4.0,0.0,0.0,2.0,0.0,0.0,915.0,130.71428571428572,0.4462757320767586,0,3040000.0,normal
CR000649,CL00585,2024-08-14,Crédito libre inversión,5500000,6,0.0193,979000,App,900,0.322,Automática,Mora moderada,1,2023-02-19,Atlántico,Barranquilla,38,M,4,Técnico/Tecnólogo,Empleado,3040000.0,App orgánico,687.0,False,4,Android,hash_854849,542,8,2,1.0,0.0,4.0,0.0,0.0,3.0,0.0,0.0,1058.0,132.25,0.521726215978158,1,3040000.0,normal
CR000650,CL00586,2024-05-23,Crédito libre inversión,3100000,9,0.0224,384000,App,843,0.2866,Automática,Mora moderada,1,2024-04-27,Santander,Bucaramanga,38,M,2,Posgrado,Conductor/Repartidor,1340000.0,Call center,487.0,False,2,Android,hash_443671,26,5,3,0.0,0.0,0.0,0.0,0.0,0.0,0.0,0.0,0.0,0.0,0.81864773122046,1,1340000.0,normal
CR000651,CL00587,2023-11-20,Crédito consumo digital,250000,18,0.032,18000,App,793,0.0137,Automática,Finalizado,0,2023-05-03,Meta,Villavicencio,31,F,1,Bachiller,Empleado,1310000.0,Campaña digital,552.0,True,1,Android,hash_762600,201,11,0,0.0,1.0,0.0,1.0,0.0,0.0,0.0,0.0,236.0,118.0,0.5629555832360168,1,1310000.0,normal
CR000652,CL00587,2024-11-28,Microcrédito,650000,6,0.0261,118000,App,791,0.0901,Automática,Finalizado,0,2023-05-03,Meta,Villavicencio,31,F,1,Bachiller,Empleado,1310000.0,Campaña digital,552.0,True,1,Android,hash_762600,575,11,3,1.0,1.0,2.0,1.0,0.0,3.0,0.0,0.0,1547.0,193.375,0.46726397404861103,0,1310000.0,normal
CR000653,CL00589,2025-05-19,Microcrédito,2800000,9,0.0382,374000,App,678,0.1716,Automática,Finalizado,0,2025-11-13,Meta,Villavicencio,44,F,4,Posgrado,Conductor/Repartidor,2180000.0,App orgánico,490.0,False,2,Android,hash_701385,-178,5,0,0.0,0.0,0.0,0.0,0.0,0.0,0.0,0.0,0.0,0.0,0.8112113020336169,1,2180000.0,normal
CR000654,CL00590,2025-12-22,Microcrédito,1750000,3,0.0283,617000,App,900,0.242,Automática,Finalizado,0,2025-05-10,Bogotá D.C.,Bogotá,27,M,3,Técnico/Tecnólogo,Microempresario,2550000.0,Campaña digital,642.0,False,0,Android,hash_466056,226,12,0,0.0,3.0,1.0,0.0,0.0,1.0,1.0,0.0,1092.0,182.0,0.23733695780711583,0,2550000.0,normal
CR000655,CL00591,2024-05-29,Avance de nómina,1000000,12,0.0197,94000,Aliado,678,0.0195,Automática,Mora moderada,1,2024-02-01,Antioquia,Medellín,37,F,3,Bachiller,Microempresario,4810000.0,Aliado comercial,588.0,True,2,iOS,hash_244608,118,5,2,0.0,1.0,0.0,1.0,0.0,0.0,0.0,1.0,315.0,105.0,0.5856617274726231,1,4810000.0,normal
CR000656,CL00593,2025-11-10,Crédito consumo digital,550000,9,0.0216,68000,Web,523,0.0586,Excepción,Activo,0,2023-07-22,Bogotá D.C.,Bogotá,41,F,1,Universitario,Estudiante,1160000.0,Referido,588.0,False,0,Android,hash_258116,842,11,0,0.0,4.0,7.0,3.0,3.0,2.0,1.0,2.0,4060.0,184.54545454545453,0.31089403125402404,0,1160000.0,normal
CR000657,CL00593,2025-09-14,Crédito libre inversión,1550000,12,0.0246,151000,Call center,423,0.1302,Excepción,Mora moderada,1,2023-07-22,Bogotá D.C.,Bogotá,41,F,1,Universitario,Estudiante,1160000.0,Referido,588.0,False,0,Android,hash_258116,785,9,6,0.0,2.0,7.0,3.0,3.0,2.0,1.0,2.0,3792.0,189.6,0.5229243900763028,1,1160000.0,normal
CR000658,CL00593,2023-10-13,Microcrédito,550000,9,0.0266,70000,Web,488,0.0603,Excepción,Mora moderada,1,2023-07-22,Bogotá D.C.,Bogotá,41,F,1,Universitario,Estudiante,1160000.0,Referido,588.0,False,0,Android,hash_258116,83,10,4,0.0,0.0,0.0,1.0,0.0,0.0,0.0,0.0,117.0,117.0,0.6567153195403094,1,1160000.0,normal
CR000659,CL00594,2025-07-09,Crédito consumo digital,1000000,6,0.0251,182000,Aliado,817,0.0839,Automática,Mora severa,1,2025-03-13,Cundinamarca,Soacha,39,F,1,Sin información,Microempresario,2170000.0,Aliado comercial,505.0,False,0,Android,hash_285715,118,7,2,0.0,1.0,3.0,0.0,0.0,0.0,0.0,1.0,1119.0,223.8,0.5349947195315069,1,2170000.0,normal
CR000660,CL00594,2025-04-22,Crédito libre inversión,2550000,18,0.0289,184000,Aliado,749,0.0848,Automática,Mora severa,1,2025-03-13,Cundinamarca,Soacha,39,F,1,Sin información,Microempresario,2170000.0,Aliado comercial,505.0,False,0,Android,hash_285715,40,4,1,0.0,0.0,1.0,0.0,0.0,0.0,0.0,0.0,495.0,495.0,0.714537821037836,1,2170000.0,normal
CR000661,CL00594,2025-07-28,Microcrédito,2550000,9,0.0376,339000,App,822,0.1562,Automática,Finalizado,0,2025-03-13,Cundinamarca,Soacha,39,F,1,Sin información,Microempresario,2170000.0,Aliado comercial,505.0,False,0,Android,hash_285715,137,7,0,0.0,1.0,4.0,0.0,0.0,1.0,0.0,1.0,1544.0,220.57142857142858,0.46227336596703983,0,2170000.0,normal
CR000662,CL00597,2026-02-26,Crédito consumo digital,1750000,9,0.0283,223000,Aliado,826,0.0835,Automática,Activo,0,2024-08-19,Santander,Bucaramanga,33,F,2,Técnico/Tecnólogo,Microempresario,2670000.0,Campaña digital,515.0,False,0,iOS,hash_897051,556,2,3,1.0,3.0,3.0,0.0,0.0,1.0,1.0,1.0,1525.0,152.5,0.2757806864045409,0,2670000.0,normal
CR000663,CL00598,2023-08-20,Crédito consumo digital,5650000,3,0.027,1986000,App,889,0.4262,Manual,Finalizado,0,2023-03-21,Norte de Santander,Cúcuta,26,M,3,Técnico/Tecnólogo,Independiente,4660000.0,Campaña digital,705.0,True,1,Android,hash_665745,152,8,6,0.0,0.0,0.0,0.0,0.0,0.0,0.0,0.0,0.0,0.0,0.4377803941213001,0,4660000.0,normal
CR000664,CL00598,2024-05-15,Crédito libre inversión,17950000,12,0.0338,1845000,Aliado,900,0.3959,Manual,Mora severa,1,2023-03-21,Norte de Santander,Cúcuta,26,M,3,Técnico/Tecnólogo,Independiente,4660000.0,Campaña digital,705.0,True,1,Android,hash_665745,421,5,2,0.0,3.0,2.0,0.0,1.0,1.0,0.0,1.0,885.0,110.625,0.5730937811436031,1,4660000.0,normal
CR000665,CL00599,2025-03-18,Avance de nómina,350000,18,0.0288,25000,App,877,0.0097,Automática,Activo,0,2024-07-11,Meta,Villavicencio,32,F,2,Universitario,Empleado,2570000.0,Aliado comercial,616.0,True,3,Android,hash_380371,250,3,1,0.0,1.0,0.0,0.0,0.0,0.0,1.0,0.0,372.0,186.0,0.25838195550354665,0,2570000.0,normal
CR000666,CL00600,2026-02-16,Crédito consumo digital,2750000,18,0.0352,209000,Web,900,0.052,Automática,Mora moderada,1,2025-11-04,Antioquia,Medellín,40,F,5,Universitario,Empleado,4020000.0,Aliado comercial,733.0,False,2,iOS,hash_339317,104,2,0,0.0,1.0,1.0,1.0,1.0,2.0,0.0,0.0,1017.0,169.5,0.13474440195844226,0,4020000.0,normal
CR000667,CL00600,2026-02-02,Crédito consumo digital,4100000,9,0.0243,513000,Aliado,900,0.1276,Automática,Activo,0,2025-11-04,Antioquia,Medellín,40,F,5,Universitario,Empleado,4020000.0,Aliado comercial,733.0,False,2,iOS,hash_339317,90,2,0,0.0,0.0,1.0,1.0,1.0,0.0,0.0,0.0,774.0,258.0,0.18665416243047586,0,4020000.0,normal
CR000668,CL00601,2024-04-25,Microcrédito,1150000,18,0.0368,89000,App,862,0.0567,Automática,Finalizado,0,2023-03-18,Bogotá D.C.,Bogotá,44,F,3,Técnico/Tecnólogo,Independiente,1570000.0,Call center,664.0,False,2,iOS,hash_801486,404,4,3,0.0,0.0,0.0,1.0,0.0,0.0,0.0,0.0,251.0,251.0,0.367875727294172,0,1570000.0,normal
CR000669,CL00602,2024-11-28,Crédito libre inversión,4750000,9,0.0232,591000,App,747,0.2173,Automática,Mora severa,1,2023-11-23,Bogotá D.C.,Bogotá,27,M,3,Posgrado,Independiente,2720000.0,Call center,486.0,False,3,iOS,hash_907662,371,11,3,0.0,0.0,0.0,0.0,0.0,0.0,0.0,0.0,0.0,0.0,0.8262804256332242,1,2720000.0,normal
CR000670,CL00603,2026-01-06,Microcrédito,1550000,6,0.0268,283000,Aliado,788,0.1101,Automática,Mora moderada,1,2025-12-28,Norte de Santander,Cúcuta,45,F,3,Técnico/Tecnólogo,Independiente,2570000.0,Referido,537.0,True,3,Android,hash_428396,9,1,1,0.0,0.0,1.0,0.0,0.0,0.0,0.0,0.0,185.0,185.0,0.7250197031885407,1,2570000.0,normal
CR000671,CL00604,2025-12-26,Crédito consumo digital,1800000,6,0.0255,327000,App,764,0.138,Automática,Activo,0,2025-05-26,Antioquia,Medellín,50,F,2,Universitario,Comerciante,2370000.0,App orgánico,551.0,True,2,Android,hash_982622,214,12,4,0.0,2.0,2.0,2.0,0.0,0.0,0.0,1.0,1320.0,188.57142857142858,0.3342592665553206,0,2370000.0,normal
CR000672,CL00604,2026-03-27,Crédito consumo digital,850000,9,0.0317,110000,Aliado,852,0.0464,Automática,Activo,0,2025-05-26,Antioquia,Medellín,50,F,2,Universitario,Comerciante,2370000.0,App orgánico,551.0,True,2,Android,hash_982622,305,3,4,0.0,2.0,5.0,2.0,0.0,1.0,0.0,1.0,1670.0,151.8181818181818,0.25711783735203836,0,2370000.0,normal
CR000673,CL00606,2025-09-24,Microcrédito,3500000,12,0.0363,365000,App,796,0.129,Automática,Activo,0,2025-05-21,Caldas,Manizales,55,M,1,Sin información,Empleado,2830000.0,Referido,575.0,False,1,Android,hash_979793,126,9,2,0.0,1.0,0.0,1.0,1.0,0.0,0.0,1.0,523.0,130.75,0.47276622207720603,0,2830000.0,normal
CR000674,CL00606,2025-08-23,Crédito consumo digital,650000,9,0.03,83000,Web,853,0.0293,Automática,Mora moderada,1,2025-05-21,Caldas,Manizales,55,M,1,Sin información,Empleado,2830000.0,Referido,575.0,False,1,Android,hash_979793,94,8,5,0.0,0.0,0.0,1.0,1.0,0.0,0.0,1.0,135.0,45.0,0.4893090599079721,0,2830000.0,normal
CR000675,CL00607,2025-08-17,Crédito consumo digital,1800000,9,0.0239,225000,App,795,0.0682,Automática,Mora moderada,1,2025-01-20,Bogotá D.C.,Bogotá,28,M,1,Universitario,Empleado,3300000.0,App orgánico,550.0,False,0,Web,hash_567121,209,8,6,0.0,0.0,2.0,2.0,0.0,1.0,2.0,1.0,914.0,114.25,0.46944791186610013,0,3300000.0,normal
CR000676,CL00607,2026-03-21,Crédito consumo digital,3850000,18,0.028,275000,App,862,0.0833,Automática,Activo,0,2025-01-20,Bogotá D.C.,Bogotá,28,M,1,Universitario,Empleado,3300000.0,App orgánico,550.0,False,0,Web,hash_567121,425,3,5,1.0,3.0,3.0,4.0,1.0,1.0,3.0,1.0,2024.0,119.05882352941177,0.2852316150375182,0,3300000.0,normal
CR000677,CL00609,2026-01-21,Crédito consumo digital,1400000,6,0.0364,264000,Web,776,0.1133,Automática,Activo,0,2023-09-17,Bogotá D.C.,Bogotá,19,M,3,Técnico/Tecnólogo,Conductor/Repartidor,2330000.0,Aliado comercial,536.0,True,1,Android,hash_364531,857,1,2,0.0,1.0,4.0,0.0,0.0,1.0,0.0,0.0,813.0,135.5,0.45629202647630396,0,2330000.0,normal
CR000678,CL00611,2025-02-02,Crédito consumo digital,2150000,12,0.0291,215000,Aliado,879,0.1126,Automática,Mora severa,1,2023-06-17,Bogotá D.C.,Bogotá,43,M,2,Universitario,Conductor/Repartidor,1910000.0,App orgánico,529.0,True,2,Android,hash_388581,596,2,6,0.0,0.0,0.0,0.0,0.0,1.0,0.0,0.0,6.0,6.0,0.7936477268962893,1,1910000.0,normal
CR000679,CL00612,2026-01-21,Crédito consumo digital,2050000,12,0.0257,201000,App,499,0.0782,Excepción,Activo,0,2024-05-20,Valle del Cauca,Cali,35,F,3,Bachiller,Comerciante,2570000.0,Referido,588.0,False,2,Android,hash_356094,611,1,2,2.0,2.0,5.0,1.0,0.0,0.0,1.0,2.0,1732.0,133.23076923076923,0.19524193717112304,0,2570000.0,normal
CR000680,CL00613,2025-04-12,Microcrédito,2650000,6,0.0296,489000,App,812,0.137,Automática,Finalizado,0,2024-09-02,Antioquia,Medellín,39,F,2,Bachiller,Independiente,3570000.0,Campaña digital,547.0,False,2,Android,hash_456554,222,4,5,0.0,3.0,1.0,0.0,0.0,0.0,0.0,0.0,502.0,125.5,0.6202737706009844,1,3570000.0,normal
CR000681,CL00613,2026-03-20,Microcrédito,4650000,12,0.032,473000,App,841,0.1325,Automática,Activo,0,2024-09-02,Antioquia,Medellín,39,F,2,Bachiller,Independiente,3570000.0,Campaña digital,547.0,False,2,Android,hash_456554,564,3,4,0.0,6.0,3.0,0.0,0.0,0.0,0.0,1.0,1828.0,182.8,0.4523781912229725,0,3570000.0,normal
CR000682,CL00614,2024-09-17,Microcrédito,7750000,6,0.031,1435000,Aliado,900,0.3225,Automática,Finalizado,0,2023-06-17,Santander,Bucaramanga,25,M,3,Bachiller,Empleado,4450000.0,Call center,717.0,False,0,Android,hash_470283,458,9,1,1.0,4.0,2.0,1.0,0.0,2.0,1.0,0.0,3175.0,288.6363636363636,0.21371523138196347,0,4450000.0,normal
CR000683,CL00614,2025-07-04,Crédito libre inversión,6100000,6,0.0293,1123000,App,900,0.2524,Automática,Finalizado,0,2023-06-17,Santander,Bucaramanga,25,M,3,Bachiller,Empleado,4450000.0,Call center,717.0,False,0,Android,hash_470283,748,7,4,1.0,5.0,4.0,2.0,0.0,2.0,1.0,0.0,3870.0,258.0,0.1676764842516148,0,4450000.0,normal
CR000684,CL00615,2024-05-05,Crédito libre inversión,2300000,18,0.0197,153000,App,565,0.0777,Manual,Mora severa,1,2024-03-17,Antioquia,Medellín,60,M,4,Universitario,Independiente,1970000.0,Campaña digital,588.0,False,2,Android,hash_348595,49,5,6,0.0,0.0,0.0,0.0,0.0,0.0,0.0,0.0,0.0,0.0,0.677653188656762,1,1970000.0,normal
CR000685,CL00616,2025-11-04,Microcrédito,4550000,3,0.0435,1650000,Call center,887,0.5893,Excepción,Finalizado,0,2025-11-23,Santander,Bucaramanga,37,F,2,Bachiller,Empleado,2800000.0,Call center,710.0,True,0,Web,hash_630929,-19,11,1,0.0,0.0,0.0,0.0,0.0,0.0,0.0,0.0,0.0,0.0,0.6284512249652264,1,2800000.0,normal
CR000686,CL00616,2026-02-14,Crédito consumo digital,1450000,24,0.0257,82000,Web,889,0.0293,Automática,Activo,0,2025-11-23,Santander,Bucaramanga,37,F,2,Bachiller,Empleado,2800000.0,Call center,710.0,True,0,Web,hash_630929,83,2,5,0.0,2.0,2.0,0.0,0.0,0.0,1.0,0.0,703.0,140.6,0.20869536636361505,0,2800000.0,normal
CR000687,CL00617,2025-02-03,Crédito consumo digital,400000,12,0.0243,39000,App,731,0.0443,Automática,Mora moderada,1,2024-11-11,Valle del Cauca,Cali,37,F,3,Técnico/Tecnólogo,Desempleado,880000.0,Aliado comercial,543.0,False,1,Android,hash_127215,84,2,0,0.0,0.0,0.0,0.0,0.0,1.0,0.0,0.0,218.0,218.0,0.8036880435477504,1,880000.0,normal
CR000688,CL00618,2026-01-11,Avance de nómina,500000,9,0.0219,62000,Web,740,0.04,Automática,Activo,0,2024-12-28,Atlántico,Barranquilla,43,F,5,Técnico/Tecnólogo,Estudiante,1550000.0,App orgánico,532.0,True,2,Android,hash_650162,379,1,6,0.0,2.0,2.0,0.0,0.0,1.0,1.0,0.0,953.0,158.83333333333334,0.4493468351867905,0,1550000.0,normal
CR000689,CL00619,2026-03-24,Crédito consumo digital,1300000,3,0.0291,459000,App,741,0.2441,Automática,Activo,0,2024-10-02,Atlántico,Barranquilla,41,M,2,Bachiller,Pensionado,1880000.0,App orgánico,503.0,False,3,Android,hash_732337,538,3,1,0.0,1.0,4.0,0.0,0.0,0.0,1.0,2.0,1198.0,149.75,0.3376735654083674,0,1880000.0,normal
CR000690,CL00622,2026-03-06,Crédito consumo digital,1450000,6,0.0211,260000,Aliado,876,0.1215,Automática,Activo,0,2025-07-25,Antioquia,Medellín,41,M,1,Universitario,Independiente,2140000.0,Referido,659.0,False,1,iOS,hash_185834,224,3,4,0.0,3.0,3.0,2.0,0.0,2.0,0.0,2.0,1632.0,136.0,0.21642817705725695,0,2140000.0,normal
CR000691,CL00622,2025-06-04,Crédito consumo digital,1150000,9,0.0227,143000,App,900,0.0668,Automática,Finalizado,0,2025-07-25,Antioquia,Medellín,41,M,1,Universitario,Independiente,2140000.0,Referido,659.0,False,1,iOS,hash_185834,-51,6,2,0.0,0.0,0.0,0.0,0.0,0.0,0.0,0.0,0.0,0.0,0.3613917648565754,0,2140000.0,normal
CR000692,CL00623,2025-12-24,Crédito consumo digital,1300000,12,0.0389,138000,App,800,0.068,Automática,Mora moderada,1,2024-08-17,Bogotá D.C.,Bogotá,55,M,4,Universitario,Independiente,2030000.0,App orgánico,576.0,False,1,Android,hash_365199,494,12,2,1.0,6.0,7.0,0.0,0.0,2.0,0.0,0.0,2930.0,183.125,0.3402353664533473,0,2030000.0,normal
CR000693,CL00623,2026-03-24,Crédito libre inversión,3200000,9,0.0227,397000,App,807,0.1956,Automática,Activo,0,2024-08-17,Bogotá D.C.,Bogotá,55,M,4,Universitario,Independiente,2030000.0,App orgánico,576.0,False,1,Android,hash_365199,584,3,1,1.0,6.0,8.0,0.0,0.0,2.0,0.0,0.0,3075.0,180.88235294117646,0.25610068365690947,0,2030000.0,normal
CR000694,CL00623,2024-09-24,Crédito consumo digital,1400000,6,0.0228,252000,App,799,0.1241,Automática,Finalizado,0,2024-08-17,Bogotá D.C.,Bogotá,55,M,4,Universitario,Independiente,2030000.0,App orgánico,576.0,False,1,Android,hash_365199,38,9,1,0.0,0.0,0.0,0.0,0.0,0.0,0.0,0.0,0.0,0.0,0.5221325620172435,1,2030000.0,normal
CR000695,CL00624,2025-02-23,Avance de nómina,3200000,6,0.0318,594000,Aliado,900,0.0911,Automática,Finalizado,0,2025-01-15,Bolívar,Cartagena,49,F,4,Bachiller,Empleado,6520000.0,App orgánico,675.0,False,1,Web,hash_838561,39,2,6,0.0,0.0,0.0,0.0,0.0,0.0,0.0,0.0,0.0,0.0,0.21001491866057756,0,6520000.0,normal
CR000696,CL00625,2025-11-10,Crédito consumo digital,1750000,12,0.0313,177000,App,839,0.077,Automática,Activo,0,2025-01-20,Norte de Santander,Cúcuta,52,F,1,Sin información,Empleado,2300000.0,Aliado comercial,572.0,False,2,Android,hash_592665,294,11,0,1.0,1.0,2.0,2.0,0.0,1.0,0.0,0.0,638.0,91.14285714285714,0.38290544340125565,0,2300000.0,normal
CR000697,CL00627,2025-12-19,Crédito consumo digital,1200000,12,0.0295,120000,App,873,0.0358,Automática,Activo,0,2024-09-28,Antioquia,Medellín,26,F,3,Sin información,Independiente,3350000.0,App orgánico,581.0,False,0,Android,hash_867914,447,12,4,0.0,2.0,5.0,1.0,0.0,2.0,0.0,0.0,1010.0,101.0,0.3352484633509386,0,3350000.0,normal
CR000698,CL00627,2025-10-19,Avance de nómina,2050000,9,0.0202,251000,App,799,0.0749,Automática,Activo,0,2024-09-28,Antioquia,Medellín,26,F,3,Sin información,Independiente,3350000.0,App orgánico,581.0,False,0,Android,hash_867914,386,10,6,0.0,1.0,5.0,0.0,0.0,0.0,0.0,0.0,682.0,113.66666666666667,0.3502459549919292,0,3350000.0,normal
CR000699,CL00628,2025-04-24,Crédito consumo digital,2000000,9,0.0328,260000,App,900,0.0613,Automática,Finalizado,0,2025-03-19,Bogotá D.C.,Bogotá,35,F,4,Universitario,Comerciante,4240000.0,App orgánico,657.0,False,1,Android,hash_479129,36,4,3,0.0,0.0,0.0,0.0,0.0,0.0,0.0,0.0,0.0,0.0,0.234054318417357,0,4240000.0,normal
CR000700,CL00629,2025-01-01,Crédito consumo digital,1350000,12,0.0216,129000,App,880,0.0382,Automática,Finalizado,0,2023-09-15,Antioquia,Medellín,37,M,1,Bachiller,Empleado,3380000.0,Campaña digital,662.0,False,2,iOS,hash_198980,474,1,2,0.0,1.0,2.0,1.0,0.0,1.0,1.0,0.0,990.0,165.0,0.24535404880669986,0,3380000.0,normal
CR000701,CL00630,2025-08-02,Microcrédito,1650000,3,0.0413,596000,App,842,0.1868,Automática,Finalizado,0,2024-04-22,Bogotá D.C.,Bogotá,47,F,3,Técnico/Tecnólogo,Comerciante,3190000.0,App orgánico,572.0,False,2,Web,hash_342282,467,8,5,1.0,1.0,2.0,0.0,0.0,2.0,0.0,1.0,784.0,112.0,0.4376245207673641,0,3190000.0,normal
CR000702,CL00630,2025-06-14,Avance de nómina,700000,6,0.0317,130000,Web,890,0.0408,Automática,Finalizado,0,2024-04-22,Bogotá D.C.,Bogotá,47,F,3,Técnico/Tecnólogo,Comerciante,3190000.0,App orgánico,572.0,False,2,Web,hash_342282,418,6,5,1.0,1.0,2.0,0.0,0.0,2.0,0.0,1.0,784.0,112.0,0.4289522381010483,0,3190000.0,normal
CR000703,CL00632,2026-03-24,Crédito libre inversión,5050000,6,0.0247,916000,App,791,0.3739,Manual,Activo,0,2025-07-07,Valle del Cauca,Cali,51,M,3,Técnico/Tecnólogo,Independiente,2450000.0,App orgánico,547.0,True,1,Android,hash_853996,260,3,1,2.0,2.0,4.0,1.0,1.0,3.0,1.0,0.0,2078.0,148.42857142857142,0.37624581916274547,0,2450000.0,normal
CR000704,CL00634,2024-10-19,Crédito consumo digital,1450000,6,0.028,266000,Web,827,0.0836,Automática,Mora moderada,1,2024-03-16,Bolívar,Cartagena,32,F,4,Bachiller,Independiente,3180000.0,Referido,565.0,True,0,Android,hash_997148,217,10,5,0.0,0.0,1.0,1.0,0.0,0.0,0.0,1.0,456.0,152.0,0.487202738783364,0,3180000.0,normal
CR000705,CL00635,2024-02-29,Crédito libre inversión,1500000,6,0.0195,267000,Web,797,0.1236,Automática,Finalizado,0,2023-09-04,Cundinamarca,Soacha,26,F,1,Técnico/Tecnólogo,Empleado,2160000.0,Referido,511.0,False,4,Android,hash_811182,178,2,3,1.0,0.0,0.0,0.0,0.0,0.0,0.0,0.0,23.0,23.0,0.6443068497838098,1,2160000.0,normal
CR000706,CL00635,2025-04-11,Desconocido,2350000,9,0.0221,291000,Aliado,883,-0.1,Automática,Finalizado,0,2023-09-04,Cundinamarca,Soacha,26,F,1,Técnico/Tecnólogo,Empleado,2160000.0,Referido,511.0,False,4,Android,hash_811182,585,4,4,1.0,0.0,2.0,1.0,1.0,0.0,1.0,0.0,1220.0,203.33333333333334,0.4412758180293758,0,2160000.0,normal
CR000707,CL00636,2025-02-21,Crédito libre inversión,4300000,3,0.0285,1516000,App,717,0.6451,Excepción,Mora moderada,1,2024-03-06,Valle del Cauca,Cali,19,M,2,Técnico/Tecnólogo,Independiente,2350000.0,Referido,520.0,False,2,Android,hash_751286,352,2,4,1.0,1.0,1.0,2.0,0.0,1.0,0.0,0.0,1049.0,174.83333333333334,0.682880166607574,1,2350000.0,normal
CR000708,CL00637,2025-10-04,Crédito libre inversión,3600000,18,0.0291,260000,App,846,0.1083,Automática,Activo,0,2023-11-30,Santander,Bucaramanga,44,F,4,Universitario,Pensionado,2400000.0,Aliado comercial,601.0,False,4,Android,hash_730167,674,10,5,0.0,1.0,4.0,1.0,1.0,3.0,1.0,0.0,1414.0,128.54545454545453,0.40704710505472025,0,2400000.0,normal
CR000709,CL00637,2025-10-10,Crédito consumo digital,1450000,6,0.0222,261000,Aliado,842,0.1087,Automática,Finalizado,0,2023-11-30,Santander,Bucaramanga,44,F,4,Universitario,Pensionado,2400000.0,Aliado comercial,601.0,False,4,Android,hash_730167,680,10,4,0.0,1.0,4.0,1.0,1.0,3.0,1.0,0.0,1414.0,128.54545454545453,0.37581283135213595,0,2400000.0,normal
CR000710,CL00639,2026-03-23,Crédito consumo digital,2500000,6,0.035,469000,App,703,0.1712,Automática,Activo,0,2025-08-25,Atlántico,Barranquilla,23,F,5,Técnico/Tecnólogo,Estudiante,2740000.0,Campaña digital,583.0,True,2,iOS,hash_428779,210,3,0,0.0,3.0,1.0,1.0,1.0,2.0,0.0,0.0,1405.0,175.625,0.21388722891958514,0,2740000.0,normal
CR000711,CL00640,2023-12-18,Crédito consumo digital,1800000,3,0.033,640000,Web,879,0.2184,Automática,Finalizado,0,2023-03-28,Antioquia,Medellín,23,M,4,Bachiller,Microempresario,2930000.0,Referido,541.0,False,2,Web,hash_816537,265,12,0,0.0,1.0,1.0,1.0,0.0,0.0,0.0,1.0,476.0,119.0,0.36256505068551986,0,2930000.0,normal
CR000712,CL00641,2026-03-28,Crédito consumo digital,2050000,6,0.0309,380000,App,797,0.1306,Automática,Activo,0,2025-03-22,Bogotá D.C.,Bogotá,33,F,2,Técnico/Tecnólogo,Empleado,2910000.0,Aliado comercial,547.0,False,0,Android,hash_771915,371,3,5,0.0,4.0,3.0,1.0,0.0,4.0,0.0,0.0,1578.0,131.5,0.1922013208040635,0,2910000.0,normal
CR000713,CL00642,2025-08-13,Crédito libre inversión,2850000,6,0.0192,507000,App,900,0.1331,Automática,Finalizado,0,2023-12-29,Antioquia,Medellín,53,M,3,Universitario,Empleado,3810000.0,App orgánico,633.0,True,3,iOS,hash_759045,593,8,2,1.0,2.0,1.0,0.0,0.0,0.0,1.0,0.0,710.0,142.0,0.3100698259848721,0,3810000.0,normal
CR000714,CL00643,2025-08-21,Crédito libre inversión,5150000,9,0.0316,666000,App,792,0.333,Automática,Activo,0,2025-04-25,Valle del Cauca,Cali,33,M,2,Bachiller,Empleado,2000000.0,Referido,555.0,False,1,Android,hash_202666,118,8,3,2.0,0.0,0.0,0.0,0.0,0.0,0.0,0.0,272.0,136.0,0.6712251608718709,1,2000000.0,normal
CR000715,CL00645,2025-12-09,Crédito consumo digital,700000,6,0.0379,133000,Web,825,0.0686,Automática,Activo,0,2025-12-05,Atlántico,Barranquilla,34,M,2,Técnico/Tecnólogo,Empleado,1940000.0,Campaña digital,574.0,False,0,Android,hash_153533,4,12,1,0.0,0.0,0.0,0.0,0.0,0.0,0.0,0.0,0.0,0.0,0.46046401522325453,0,1940000.0,normal
CR000716,CL00646,2026-01-05,Crédito consumo digital,250000,12,0.0336,26000,App,642,0.0813,Automática,Activo,0,2024-12-05,Risaralda,Pereira,33,F,1,Bachiller,Desempleado,320000.0,Campaña digital,415.0,False,0,iOS,hash_993850,396,1,0,1.0,1.0,3.0,1.0,1.0,0.0,1.0,1.0,845.0,93.88888888888889,0.3971297981552767,0,320000.0,normal
CR000717,CL00647,2026-03-20,Crédito consumo digital,1200000,12,0.0325,122000,Aliado,556,0.0478,Manual,Activo,0,2025-03-21,Bogotá D.C.,Bogotá,19,F,2,Técnico/Tecnólogo,Empleado,2550000.0,Campaña digital,588.0,True,0,iOS,hash_571653,364,3,4,2.0,1.0,1.0,1.0,0.0,1.0,0.0,0.0,1026.0,171.0,0.2869410093811552,0,2550000.0,normal
CR000718,CL00648,2025-10-08,Microcrédito,2900000,6,0.0254,527000,Aliado,875,0.2474,Automática,Mora severa,1,2025-03-26,Bogotá D.C.,Bogotá,35,F,4,Técnico/Tecnólogo,Independiente,2130000.0,Campaña digital,605.0,False,1,Android,hash_140002,196,10,2,0.0,0.0,1.0,0.0,0.0,0.0,0.0,0.0,159.0,159.0,0.606563230069592,1,2130000.0,normal
CR000719,CL00649,2025-10-02,Crédito libre inversión,1650000,9,0.0195,202000,App,844,0.1202,Automática,Activo,0,2025-12-14,Valle del Cauca,Cali,34,F,2,Técnico/Tecnólogo,Comerciante,1680000.0,Referido,577.0,False,1,iOS,hash_382868,-73,10,3,0.0,0.0,0.0,0.0,0.0,0.0,0.0,0.0,0.0,0.0,0.5607406017950308,1,1680000.0,normal
CR000720,CL00652,2025-05-14,Crédito consumo digital,2000000,12,0.0265,197000,App,704,0.0437,Automática,Activo,0,2024-02-20,Bogotá D.C.,Bogotá,47,M,4,Bachiller,Empleado,4510000.0,Call center,588.0,True,1,iOS,hash_196917,449,5,2,0.0,1.0,1.0,0.0,0.0,1.0,0.0,0.0,475.0,158.33333333333334,0.3873555415637919,0,4510000.0,normal
CR000721,CL00653,2023-12-11,Crédito libre inversión,1550000,9,0.0333,202000,App,900,0.108,Automática,Mora moderada,0,2023-08-24,Norte de Santander,Cúcuta,33,F,2,Técnico/Tecnólogo,Independiente,1870000.0,Referido,578.0,True,0,iOS,hash_605074,109,12,0,0.0,0.0,0.0,2.0,0.0,0.0,0.0,0.0,226.0,113.0,0.5588171907470666,1,1870000.0,normal
CR000722,CL00653,2026-01-25,Crédito libre inversión,1900000,12,0.0259,186000,App,798,0.0995,Automática,Activo,0,2023-08-24,Norte de Santander,Cúcuta,33,F,2,Técnico/Tecnólogo,Independiente,1870000.0,Referido,578.0,True,0,iOS,hash_605074,885,1,6,2.0,2.0,4.0,4.0,0.0,1.0,0.0,2.0,1864.0,124.26666666666667,0.18380805606471406,0,1870000.0,normal
CR000723,CL00654,2025-10-18,Crédito consumo digital,3650000,12,0.0356,379000,Web,888,0.0806,Automática,Activo,0,2024-06-01,Bogotá D.C.,Bogotá,25,F,5,Técnico/Tecnólogo,Empleado,4700000.0,Referido,645.0,False,3,iOS,hash_319248,504,10,5,0.0,1.0,1.0,1.0,0.0,1.0,1.0,0.0,682.0,136.4,0.2684353527013738,0,4700000.0,normal
CR000724,CL00656,2024-07-26,Crédito consumo digital,1750000,6,0.0318,325000,Aliado,900,0.0874,Automática,Mora moderada,1,2024-03-24,Bogotá D.C.,Bogotá,37,M,2,Técnico/Tecnólogo,Microempresario,3720000.0,App orgánico,634.0,False,1,Android,hash_997383,124,7,4,0.0,0.0,2.0,0.0,0.0,0.0,0.0,0.0,228.0,114.0,0.42587846366644666,0,3720000.0,normal
CR000725,CL00656,2025-06-11,Crédito consumo digital,3200000,3,0.0268,1124000,Aliado,900,0.3022,Automática,Finalizado,0,2024-03-24,Bogotá D.C.,Bogotá,37,M,2,Técnico/Tecnólogo,Microempresario,3720000.0,App orgánico,634.0,False,1,Android,hash_997383,444,6,2,0.0,3.0,6.0,0.0,0.0,0.0,0.0,1.0,1488.0,148.8,0.36684060812047686,0,3720000.0,normal
CR000726,CL00656,2025-12-31,Crédito consumo digital,2050000,12,0.0205,194000,App,891,0.0522,Automática,Activo,0,2024-03-24,Bogotá D.C.,Bogotá,37,M,2,Técnico/Tecnólogo,Microempresario,3720000.0,App orgánico,634.0,False,1,Android,hash_997383,647,12,2,0.0,5.0,7.0,1.0,0.0,3.0,0.0,1.0,2257.0,132.76470588235293,0.1339417036227353,0,3720000.0,normal
CR000727,CL00657,2024-04-14,Crédito libre inversión,2900000,18,0.0175,189000,Web,841,0.1033,Automática,Mora moderada,1,2023-12-03,Valle del Cauca,Cali,36,F,4,Bachiller,Conductor/Repartidor,1830000.0,Aliado comercial,547.0,False,0,Android,hash_405242,133,4,6,0.0,1.0,0.0,1.0,0.0,0.0,0.0,1.0,379.0,126.33333333333333,0.7063518677855943,1,1830000.0,normal
CR000728,CL00658,2023-09-30,Crédito consumo digital,1150000,6,0.0333,215000,Web,860,0.0907,Automática,Finalizado,0,2023-05-07,Risaralda,Pereira,36,F,1,Técnico/Tecnólogo,Empleado,2370000.0,App orgánico,569.0,True,2,Web,hash_300741,146,9,5,0.0,0.0,0.0,0.0,0.0,0.0,0.0,0.0,0.0,0.0,0.49509957102090896,0,2370000.0,normal
CR000729,CL00658,2024-11-28,Crédito libre inversión,2350000,24,0.0201,124000,App,822,0.0523,Automática,Activo,0,2023-05-07,Risaralda,Pereira,36,F,1,Técnico/Tecnólogo,Empleado,2370000.0,App orgánico,569.0,True,2,Web,hash_300741,571,11,3,1.0,0.0,2.0,1.0,0.0,1.0,0.0,0.0,747.0,149.4,0.4958030237699533,0,2370000.0,normal
CR000730,CL00659,2025-05-20,Avance de nómina,250000,6,0.0228,45000,Web,714,0.0517,Automática,Mora moderada,1,2025-08-20,Antioquia,Medellín,38,F,2,Bachiller,Desempleado,870000.0,App orgánico,448.0,False,2,iOS,hash_796001,-92,5,1,0.0,0.0,0.0,0.0,0.0,0.0,0.0,0.0,0.0,0.0,0.8238474828411305,1,870000.0,normal
CR000731,CL00659,2025-07-07,Crédito consumo digital,300000,6,0.0236,54000,App,704,0.0621,Automática,Mora severa,1,2025-08-20,Antioquia,Medellín,38,F,2,Bachiller,Desempleado,870000.0,App orgánico,448.0,False,2,iOS,hash_796001,-44,7,0,0.0,0.0,0.0,0.0,0.0,0.0,0.0,0.0,0.0,0.0,0.8211664751264006,1,870000.0,normal
CR000732,CL00660,2026-01-27,Crédito consumo digital,400000,18,0.034,30000,App,827,0.0194,Automática,Activo,0,2025-06-19,Antioquia,Medellín,35,F,3,Universitario,Conductor/Repartidor,1550000.0,Referido,572.0,False,1,Android,hash_648297,222,1,1,1.0,0.0,1.0,2.0,0.0,0.0,0.0,1.0,1161.0,232.2,0.281779342070608,0,1550000.0,normal
CR000733,CL00661,2025-08-29,Crédito libre inversión,15050000,6,0.0281,2761000,Aliado,849,0.6218,Excepción,Finalizado,0,2025-09-12,Santander,Bucaramanga,30,F,4,Técnico/Tecnólogo,Comerciante,4440000.0,Aliado comercial,616.0,False,1,iOS,hash_642618,-14,8,4,0.0,0.0,0.0,0.0,0.0,0.0,0.0,0.0,0.0,0.0,0.721000246198933,1,4440000.0,normal
CR000734,CL00663,2025-08-24,Crédito libre inversión,3600000,9,0.0196,440000,App,793,0.129,Automática,Mora severa,1,2025-03-19,Atlántico,Barranquilla,36,M,2,Bachiller,Comerciante,3410000.0,Campaña digital,556.0,False,2,Android,hash_122205,158,8,6,0.0,2.0,1.0,0.0,0.0,0.0,0.0,0.0,765.0,255.0,0.651746128908705,1,3410000.0,normal
CR000735,CL00666,2023-09-14,Crédito consumo digital,2850000,6,0.0312,528000,Aliado,900,0.0805,Automática,Finalizado,0,2023-08-21,Santander,Bucaramanga,37,M,2,Técnico/Tecnólogo,Empleado,6560000.0,Referido,647.0,True,3,Android,hash_139244,24,9,3,0.0,0.0,0.0,0.0,0.0,0.0,0.0,0.0,0.0,0.0,0.3020455207375397,0,6560000.0,normal
CR000736,CL00666,2025-01-26,Crédito consumo digital,3350000,12,0.0305,338000,App,900,0.0515,Automática,Finalizado,0,2023-08-21,Santander,Bucaramanga,37,M,2,Técnico/Tecnólogo,Empleado,6560000.0,Referido,647.0,True,3,Android,hash_139244,524,1,6,2.0,2.0,3.0,1.0,0.0,2.0,0.0,1.0,2029.0,184.45454545454547,0.18084031501995365,0,6560000.0,normal
CR000737,CL00666,2025-11-08,Avance de nómina,3950000,9,0.0282,503000,App,900,0.0767,Automática,Activo,0,2023-08-21,Santander,Bucaramanga,37,M,2,Técnico/Tecnólogo,Empleado,6560000.0,Referido,647.0,True,3,Android,hash_139244,810,11,5,3.0,6.0,4.0,1.0,0.0,3.0,0.0,1.0,3031.0,168.38888888888889,0.12799272263843822,0,6560000.0,normal
CR000738,CL00667,2025-11-10,Crédito libre inversión,2800000,9,0.0201,343000,App,829,0.1309,Automática,Activo,0,2023-08-28,Santander,Bucaramanga,33,No informa,4,Universitario,Empleado,2620000.0,Campaña digital,645.0,True,1,Android,hash_960276,805,11,0,0.0,5.0,7.0,3.0,1.0,0.0,1.0,2.0,2508.0,132.0,0.18251324725633455,0,2620000.0,normal
CR000739,CL00667,2024-04-10,Crédito libre inversión,5500000,12,0.0212,524000,Web,891,0.2,Automática,Mora severa,1,2023-08-28,Santander,Bucaramanga,33,No informa,4,Universitario,Empleado,2620000.0,Campaña digital,645.0,True,1,Android,hash_960276,226,4,2,0.0,1.0,2.0,1.0,1.0,0.0,1.0,0.0,770.0,128.33333333333334,0.42704239368034214,0,2620000.0,normal
CR000740,CL00668,2025-03-15,Crédito libre inversión,1850000,12,0.0233,178000,Aliado,767,0.0957,Automática,Mora moderada,1,2023-11-16,Atlántico,Barranquilla,51,M,2,Universitario,Empleado,1860000.0,Call center,492.0,False,0,Android,hash_326845,485,3,5,1.0,1.0,1.0,1.0,0.0,2.0,6.0,1.0,2734.0,210.30769230769232,0.4633803441147236,0,1860000.0,normal
CR000741,CL00668,2024-03-25,Crédito consumo digital,800000,6,0.0253,145000,Web,742,0.078,Automática,Finalizado,0,2023-11-16,Atlántico,Barranquilla,51,M,2,Universitario,Empleado,1860000.0,Call center,492.0,False,0,Android,hash_326845,130,3,0,0.0,0.0,0.0,1.0,0.0,1.0,2.0,0.0,700.0,175.0,0.4041941070388887,0,1860000.0,normal
CR000742,CL00670,2025-05-19,Crédito consumo digital,1200000,9,0.0363,159000,App,900,0.0292,Automática,Finalizado,0,2025-01-06,Bogotá D.C.,Bogotá,47,F,4,Universitario,Comerciante,5440000.0,Aliado comercial,684.0,False,1,iOS,hash_776367,133,5,0,0.0,4.0,0.0,0.0,0.0,0.0,0.0,0.0,726.0,181.5,0.1871118815933419,0,5440000.0,normal
CR000743,CL00671,2025-12-17,Microcrédito,2650000,12,0.0268,261000,App,900,0.0967,Automática,Activo,0,2024-09-04,Bogotá D.C.,Bogotá,48,M,3,Universitario,Empleado,2700000.0,Call center,641.0,True,3,Android,hash_686463,469,12,2,0.0,0.0,1.0,1.0,1.0,0.0,0.0,1.0,392.0,98.0,0.3580384442913262,0,2700000.0,normal
CR000744,CL00672,2026-02-11,Avance de nómina,2250000,6,0.0199,402000,App,900,0.0719,Automática,Activo,0,2025-11-27,Bogotá D.C.,Bogotá,19,M,3,Bachiller,Empleado,5590000.0,Aliado comercial,687.0,False,1,Android,hash_866159,76,2,2,0.0,1.0,1.0,1.0,1.0,1.0,0.0,1.0,727.0,121.16666666666667,0.33207501513234333,0,5590000.0,normal
CR000745,CL00673,2023-05-15,Crédito consumo digital,2350000,12,0.0266,231000,Web,900,0.0353,Automática,Finalizado,0,2023-03-25,Bogotá D.C.,Bogotá,33,M,4,Universitario,Empleado,6550000.0,Campaña digital,774.0,False,3,iOS,hash_954638,51,5,0,0.0,0.0,0.0,0.0,0.0,0.0,0.0,0.0,0.0,0.0,0.21377177975182746,0,6550000.0,normal
CR000746,CL00674,2025-10-02,Crédito consumo digital,1450000,9,0.0294,186000,App,807,0.0916,Automática,Activo,0,2023-08-08,Antioquia,Medellín,32,M,1,Bachiller,Empleado,2030000.0,Campaña digital,495.0,True,1,Android,hash_263878,786,10,3,2.0,5.0,2.0,2.0,0.0,1.0,0.0,2.0,2211.0,157.92857142857142,0.28398654676983115,0,2030000.0,normal
CR000747,CL00674,2024-11-09,Microcrédito,1000000,3,0.0439,363000,Web,737,0.1788,Automática,Finalizado,0,2023-08-08,Antioquia,Medellín,32,M,1,Bachiller,Empleado,2030000.0,Campaña digital,495.0,True,1,Android,hash_263878,459,11,5,2.0,4.0,1.0,2.0,0.0,1.0,0.0,2.0,1997.0,166.41666666666666,0.2688596525449008,0,2030000.0,normal
CR000748,CL00677,2026-03-20,Microcrédito,4250000,18,0.027,301000,Aliado,829,0.0855,Automática,Activo,0,2025-01-07,Santander,Bucaramanga,25,M,5,Técnico/Tecnólogo,Empleado,3520000.0,Aliado comercial,604.0,False,0,Android,hash_245250,437,3,4,0.0,5.0,6.0,1.0,0.0,4.0,0.0,0.0,2461.0,153.8125,0.1292633440024692,0,3520000.0,normal
CR000749,CL00677,2025-09-08,Crédito consumo digital,1550000,9,0.036,205000,App,900,0.0582,Automática,Activo,0,2025-01-07,Santander,Bucaramanga,25,M,5,Técnico/Tecnólogo,Empleado,3520000.0,Aliado comercial,604.0,False,0,Android,hash_245250,244,9,0,0.0,2.0,5.0,1.0,0.0,2.0,0.0,0.0,1502.0,150.2,0.2203420451374575,0,3520000.0,normal
CR000750,CL00678,2024-08-16,Crédito consumo digital,850000,6,0.0211,152000,App,900,0.071,Automática,Finalizado,0,2023-06-07,Norte de Santander,Cúcuta,54,M,2,Bachiller,Empleado,2140000.0,Campaña digital,658.0,True,0,Android,hash_751286,436,8,4,0.0,0.0,1.0,1.0,0.0,1.0,0.0,0.0,593.0,197.66666666666666,0.29613517111207754,0,2140000.0,normal
CR000751,CL00679,2025-06-04,Crédito consumo digital,650000,12,0.0348,67000,Web,780,0.0698,Automática,Mora severa,1,2024-08-11,Atlántico,Barranquilla,45,M,2,Sin información,Independiente,960000.0,Campaña digital,441.0,False,0,Android,hash_902251,297,6,2,0.0,0.0,1.0,1.0,0.0,0.0,1.0,0.0,203.0,67.66666666666667,0.8454227151331337,1,960000.0,normal
CR000752,CL00680,2025-09-09,Avance de nómina,1550000,9,0.0251,195000,App,873,0.0714,Automática,Mora moderada,1,2025-07-14,Santander,Bucaramanga,49,M,4,Bachiller,Conductor/Repartidor,2730000.0,App orgánico,594.0,False,1,Android,hash_506906,57,9,1,0.0,1.0,1.0,1.0,0.0,1.0,0.0,1.0,599.0,119.8,0.5416326524086663,1,2730000.0,normal
CR000753,CL00680,2025-09-20,Crédito libre inversión,3200000,9,0.0238,399000,App,791,0.1462,Automática,Mora moderada,1,2025-07-14,Santander,Bucaramanga,49,M,4,Bachiller,Conductor/Repartidor,2730000.0,App orgánico,594.0,False,1,Android,hash_506906,68,9,5,0.0,1.0,1.0,1.0,0.0,1.0,0.0,1.0,599.0,119.8,0.592563137428188,1,2730000.0,normal
CR000754,CL00682,2026-01-05,Crédito libre inversión,7200000,12,0.0198,680000,Web,794,0.1809,Automática,Activo,0,2025-06-30,Risaralda,Pereira,25,F,3,Bachiller,Empleado,3760000.0,Aliado comercial,669.0,True,0,Android,hash_893936,189,1,0,0.0,1.0,1.0,0.0,0.0,0.0,1.0,0.0,327.0,109.0,0.35545684009228284,0,3760000.0,normal
CR000755,CL00683,2025-06-02,Microcrédito,1450000,3,0.0364,519000,App,819,0.2437,Automática,Finalizado,0,2025-02-05,Atlántico,Barranquilla,31,F,1,Sin información,Empleado,2130000.0,Referido,552.0,True,2,Android,hash_824203,117,6,0,2.0,0.0,3.0,0.0,0.0,3.0,0.0,1.0,1066.0,118.44444444444444,0.43355568346203605,0,2130000.0,normal
CR000756,CL00685,2024-11-19,Avance de nómina,1050000,6,0.0205,188000,Web,789,0.1182,Automática,Mora severa,1,2023-12-01,Antioquia,Medellín,24,M,1,Técnico/Tecnólogo,Comerciante,1590000.0,App orgánico,465.0,False,0,Android,hash_132548,354,11,1,0.0,0.0,1.0,0.0,0.0,1.0,1.0,0.0,272.0,90.66666666666667,0.7698043178756543,1,1590000.0,normal
CR000757,CL00687,2025-09-12,Crédito libre inversión,4950000,3,0.0301,1750000,Web,900,0.5087,Manual,Mora severa,1,2024-08-02,Antioquia,Medellín,34,M,3,Bachiller,Independiente,3440000.0,Referido,695.0,False,0,Web,hash_474016,406,9,4,0.0,3.0,3.0,0.0,1.0,1.0,0.0,1.0,1093.0,121.44444444444444,0.6077674953054408,1,3440000.0,normal
CR000758,CL00688,2026-02-11,Microcrédito,4450000,9,0.0265,562000,Web,900,0.0914,Automática,Activo,0,2024-10-23,Bogotá D.C.,Bogotá,32,M,4,Posgrado,Empleado,6150000.0,Referido,706.0,True,3,Android,hash_868278,476,2,2,0.0,3.0,1.0,1.0,0.0,1.0,0.0,2.0,1392.0,174.0,0.2533075830507859,0,6150000.0,normal
CR000759,CL00689,2026-01-06,Crédito consumo digital,1800000,6,0.0367,340000,App,900,0.0688,Automática,Activo,0,2025-04-22,Bogotá D.C.,Bogotá,43,F,2,Bachiller,Comerciante,4940000.0,App orgánico,608.0,True,0,Android,hash_229327,259,1,1,1.0,3.0,2.0,1.0,0.0,0.0,0.0,1.0,1297.0,162.125,0.1525902428028771,0,4940000.0,normal
CR000760,CL00690,2025-02-01,Crédito libre inversión,4200000,12,0.0175,391000,App,748,0.1975,Automática,Finalizado,0,2024-08-14,Bogotá D.C.,Bogotá,40,M,2,Universitario,Microempresario,1980000.0,Campaña digital,539.0,False,3,iOS,hash_439899,171,2,5,0.0,0.0,0.0,0.0,0.0,0.0,0.0,0.0,0.0,0.0,0.7035804086589391,1,1980000.0,normal
CR000761,CL00691,2026-02-26,Avance de nómina,1400000,6,0.0318,260000,App,840,0.0823,Automática,Activo,0,2025-11-11,Santander,Bucaramanga,32,M,2,Técnico/Tecnólogo,Empleado,3160000.0,Campaña digital,644.0,True,2,Web,hash_798512,107,2,3,1.0,3.0,3.0,4.0,0.0,4.0,1.0,0.0,2587.0,161.6875,0.21560242291909032,0,3160000.0,normal
CR000762,CL00691,2025-09-18,Avance de nómina,400000,3,0.0234,140000,Web,850,0.0443,Automática,Finalizado,0,2025-11-11,Santander,Bucaramanga,32,M,2,Técnico/Tecnólogo,Empleado,3160000.0,Campaña digital,644.0,True,2,Web,hash_798512,-54,9,3,0.0,0.0,0.0,0.0,0.0,0.0,0.0,0.0,0.0,0.0,0.21444092872533732,0,3160000.0,normal
CR000763,CL00691,2025-12-19,Crédito consumo digital,1950000,6,0.0255,355000,Aliado,807,0.1123,Automática,Activo,0,2025-11-11,Santander,Bucaramanga,32,M,2,Técnico/Tecnólogo,Empleado,3160000.0,Campaña digital,644.0,True,2,Web,hash_798512,38,12,4,1.0,0.0,1.0,3.0,0.0,1.0,0.0,0.0,858.0,143.0,0.36742768419564537,0,3160000.0,normal
CR000764,CL00692,2025-08-16,Crédito consumo digital,4300000,12,0.0369,450000,App,819,0.1475,Automática,Activo,0,2025-04-11,Bogotá D.C.,Bogotá,48,M,2,Universitario,Empleado,3050000.0,Call center,587.0,True,2,Android,hash_629075,127,8,5,0.0,0.0,1.0,0.0,0.0,0.0,0.0,0.0,54.0,54.0,0.413096734323061,0,3050000.0,normal
CR000765,CL00692,2026-03-11,Microcrédito,4550000,12,0.0411,488000,Web,788,0.16,Automática,Activo,0,2025-04-11,Bogotá D.C.,Bogotá,48,M,2,Universitario,Empleado,3050000.0,Call center,587.0,True,2,Android,hash_629075,334,3,2,0.0,1.0,2.0,0.0,1.0,2.0,0.0,0.0,929.0,154.83333333333334,0.21573036614759644,0,3050000.0,normal
CR000766,CL00693,2025-05-21,Crédito consumo digital,3850000,9,0.0226,477000,App,745,0.1463,Automática,Finalizado,0,2025-10-13,Bogotá D.C.,Bogotá,25,F,3,Técnico/Tecnólogo,Independiente,3260000.0,Campaña digital,550.0,False,0,iOS,hash_139726,-145,5,2,0.0,0.0,0.0,0.0,0.0,0.0,0.0,0.0,0.0,0.0,0.650147304707833,1,3260000.0,normal
CR000767,CL00694,2024-01-19,Crédito consumo digital,900000,9,0.038,120000,Aliado,786,0.0656,Automática,Finalizado,0,2023-04-05,Antioquia,Medellín,42,M,2,Sin información,Pensionado,1830000.0,Campaña digital,526.0,True,1,iOS,hash_385201,289,1,4,0.0,1.0,0.0,0.0,0.0,0.0,1.0,0.0,424.0,212.0,0.40916224805990553,0,1830000.0,normal
CR000768,CL00695,2024-12-06,Microcrédito,1100000,18,0.0294,80000,Call center,763,0.0497,Automática,Mora moderada,1,2024-04-28,Bogotá D.C.,Bogotá,42,No informa,3,Bachiller,Empleado,1610000.0,Aliado comercial,485.0,False,0,Web,hash_512126,222,12,4,0.0,1.0,1.0,0.0,0.0,2.0,0.0,1.0,592.0,118.4,0.7333696744169613,1,1610000.0,normal
CR000769,CL00696,2025-02-13,Crédito libre inversión,4800000,12,0.0226,461000,Web,900,0.1368,Automática,Finalizado,0,2024-08-03,Antioquia,Medellín,33,M,5,Técnico/Tecnólogo,Independiente,3370000.0,Aliado comercial,654.0,False,3,Android,hash_191005,194,2,3,0.0,0.0,0.0,0.0,0.0,1.0,0.0,0.0,186.0,186.0,0.4592613029855096,0,3370000.0,normal
CR000770,CL00696,2024-10-01,Crédito libre inversión,4700000,12,0.029,469000,Aliado,876,0.1392,Automática,Mora moderada,1,2024-08-03,Antioquia,Medellín,33,M,5,Técnico/Tecnólogo,Independiente,3370000.0,Aliado comercial,654.0,False,3,Android,hash_191005,59,10,1,0.0,0.0,0.0,0.0,0.0,0.0,0.0,0.0,0.0,0.0,0.5334609458348857,1,3370000.0,normal
CR000771,CL00697,2025-01-27,Microcrédito,7850000,12,0.032,798000,App,900,0.1213,Automática,Mora moderada,1,2024-05-21,Valle del Cauca,Cali,39,M,6,Universitario,Comerciante,6580000.0,Referido,809.0,False,1,Android,hash_523190,251,1,0,0.0,1.0,1.0,0.0,0.0,2.0,1.0,0.0,495.0,99.0,0.5309177003017473,1,6580000.0,normal
CR000772,CL00698,2025-10-13,Crédito consumo digital,650000,12,0.03,65000,Aliado,880,0.0253,Automática,Activo,0,2025-07-19,Tolima,Ibagué,23,M,2,Bachiller,Microempresario,2570000.0,Referido,639.0,True,3,Web,hash_161779,86,10,0,0.0,0.0,0.0,0.0,0.0,0.0,0.0,0.0,0.0,0.0,0.2858341351326461,0,2570000.0,normal
CR000773,CL00699,2025-09-23,Microcrédito,5550000,6,0.0423,1067000,Aliado,771,0.4917,Manual,Mora moderada,1,2024-02-17,Antioquia,Medellín,45,F,2,Universitario,Comerciante,2170000.0,App orgánico,583.0,False,1,Android,hash_123814,584,9,1,0.0,0.0,3.0,2.0,0.0,3.0,1.0,2.0,2375.0,215.9090909090909,0.43694901271540687,0,2170000.0,normal
CR000774,CL00700,2024-12-16,Avance de nómina,1650000,18,0.0277,118000,Aliado,877,0.0387,Automática,Activo,0,2024-06-12,Bogotá D.C.,Bogotá,34,M,5,Bachiller,Empleado,3050000.0,App orgánico,744.0,False,3,iOS,hash_543108,187,12,0,0.0,1.0,0.0,0.0,1.0,0.0,0.0,0.0,201.0,100.5,0.19990283632059927,0,3050000.0,normal
CR000775,CL00701,2025-04-25,Crédito consumo digital,2300000,9,0.0276,292000,App,776,0.1136,Automática,Finalizado,0,2023-06-09,Tolima,Ibagué,31,M,6,Técnico/Tecnólogo,Estudiante,-1.0,App orgánico,559.0,True,2,Android,hash_287213,686,4,4,1.0,1.0,1.0,0.0,0.0,0.0,1.0,0.0,842.0,210.5,0.5185060770598092,1,-1.0,normal
CR000776,CL00702,2024-10-04,Crédito consumo digital,1150000,6,0.0288,211000,Call center,900,0.0776,Automática,Finalizado,0,2023-04-11,Bogotá D.C.,Bogotá,46,M,2,Técnico/Tecnólogo,Independiente,2720000.0,Referido,694.0,False,1,iOS,hash_177001,542,10,4,0.0,2.0,0.0,1.0,0.0,0.0,0.0,0.0,782.0,260.6666666666667,0.3522534165457607,0,2720000.0,normal
CR000777,CL00703,2026-01-18,Microcrédito,950000,24,0.0405,63000,App,755,0.0229,Automática,Activo,0,2025-11-30,Valle del Cauca,Cali,29,F,1,Bachiller,Empleado,2750000.0,App orgánico,534.0,False,0,Android,hash_297935,49,1,6,2.0,0.0,2.0,0.0,0.0,0.0,0.0,0.0,573.0,143.25,0.4828930775448787,0,2750000.0,normal
CR000778,CL00704,2025-06-25,Crédito consumo digital,950000,6,0.0276,174000,App,609,0.0677,Manual,Finalizado,0,2024-12-28,Bogotá D.C.,Bogotá,22,F,3,Universitario,Empleado,2570000.0,Referido,588.0,True,0,Android,hash_121536,179,6,2,0.0,2.0,3.0,0.0,1.0,0.0,0.0,0.0,457.0,76.16666666666667,0.5047312017656171,1,2570000.0,normal
CR000779,CL00705,2025-01-10,Microcrédito,1800000,6,0.0356,338000,Web,792,0.0983,Automática,Mora moderada,1,2023-08-24,Bogotá D.C.,Bogotá,20,M,3,Posgrado,Independiente,3440000.0,Referido,544.0,False,1,Android,hash_117352,505,1,4,0.0,0.0,2.0,0.0,0.0,0.0,0.0,0.0,112.0,56.0,0.7431243607246196,1,3440000.0,normal
CR000780,CL00706,2025-05-14,Crédito libre inversión,1500000,3,0.033,533000,Aliado,850,0.3439,Automática,Finalizado,0,2024-06-27,Tolima,Ibagué,42,M,2,Bachiller,Independiente,1550000.0,App orgánico,552.0,False,3,Android,hash_412444,321,5,2,0.0,0.0,3.0,0.0,1.0,0.0,2.0,0.0,955.0,159.16666666666666,0.4655611560791554,0,1550000.0,normal
CR000781,CL00707,2025-11-10,Avance de nómina,1450000,6,0.0254,264000,App,786,0.132,Automática,Activo,0,2023-07-15,Cundinamarca,Soacha,23,M,2,Posgrado,Conductor/Repartidor,2000000.0,Campaña digital,510.0,False,0,Android,hash_750728,849,11,0,1.0,2.0,2.0,0.0,0.0,2.0,1.0,0.0,1744.0,218.0,0.46824903451859395,0,2000000.0,normal
CR000782,CL00708,2025-12-17,Crédito consumo digital,2500000,24,0.0379,160000,Aliado,900,0.0339,Automática,Activo,0,2025-12-04,Antioquia,Medellín,54,F,3,Universitario,Microempresario,4720000.0,App orgánico,685.0,False,0,Android,hash_411847,13,12,2,0.0,0.0,0.0,0.0,0.0,1.0,0.0,0.0,107.0,107.0,0.1545979895448062,0,4720000.0,normal
CR000783,CL00709,2025-05-03,Crédito consumo digital,1500000,18,0.0228,102000,Aliado,785,0.0298,Automática,Mora moderada,1,2024-08-31,Santander,Bucaramanga,19,F,4,Técnico/Tecnólogo,Comerciante,3420000.0,Campaña digital,501.0,True,4,Android,hash_440907,245,5,5,0.0,2.0,3.0,0.0,0.0,1.0,1.0,2.0,1406.0,156.22222222222223,0.634984393693575,1,3420000.0,normal
CR000784,CL00710,2025-09-28,Crédito consumo digital,450000,6,0.0269,82000,Web,722,0.0554,Automática,Finalizado,0,2025-10-17,Valle del Cauca,Cali,53,F,3,Bachiller,Estudiante,1480000.0,Campaña digital,525.0,False,2,Android,hash_358989,-19,9,6,0.0,0.0,0.0,0.0,0.0,0.0,0.0,0.0,0.0,0.0,0.6225980403179506,1,1480000.0,normal
CR000785,CL00710,2026-02-21,Crédito consumo digital,1000000,12,0.0253,98000,App,757,0.0662,Automática,Activo,0,2025-10-17,Valle del Cauca,Cali,53,F,3,Bachiller,Estudiante,1480000.0,Campaña digital,525.0,False,2,Android,hash_358989,127,2,5,0.0,2.0,2.0,1.0,0.0,1.0,1.0,0.0,1630.0,232.85714285714286,0.44972105402178547,0,1480000.0,normal
CR000786,CL00711,2025-04-11,Avance de nómina,500000,3,0.0199,173000,Aliado,890,0.0558,Automática,Finalizado,0,2023-08-26,Bogotá D.C.,Bogotá,38,M,6,Técnico/Tecnólogo,Independiente,3100000.0,Aliado comercial,686.0,False,1,Android,hash_434267,594,4,4,0.0,0.0,7.0,1.0,0.0,2.0,0.0,0.0,1264.0,126.4,0.24078683706948817,0,3100000.0,normal
CR000787,CL00711,2024-09-28,Microcrédito,3250000,12,0.0432,353000,Aliado,844,0.1139,Automática,Finalizado,0,2023-08-26,Bogotá D.C.,Bogotá,38,M,6,Técnico/Tecnólogo,Independiente,3100000.0,Aliado comercial,686.0,False,1,Android,hash_434267,399,9,5,0.0,0.0,5.0,1.0,0.0,0.0,0.0,0.0,526.0,87.66666666666667,0.40088726357627025,0,3100000.0,normal
CR000788,CL00711,2025-02-24,Crédito libre inversión,1550000,6,0.0199,277000,App,893,0.0894,Automática,Finalizado,0,2023-08-26,Bogotá D.C.,Bogotá,38,M,6,Técnico/Tecnólogo,Independiente,3100000.0,Aliado comercial,686.0,False,1,Android,hash_434267,548,2,0,0.0,0.0,7.0,1.0,0.0,1.0,0.0,0.0,1174.0,130.44444444444446,0.29287458941079386,0,3100000.0,normal
CR000789,CL00712,2026-03-02,Crédito consumo digital,3550000,18,0.034,267000,App,900,0.0444,Automática,Activo,0,2025-12-01,Antioquia,Medellín,35,F,3,Universitario,Empleado,6010000.0,Referido,767.0,False,2,Web,hash_746956,91,3,0,0.0,1.0,1.0,0.0,0.0,0.0,0.0,0.0,144.0,72.0,0.14049052000090967,0,6010000.0,normal
CR000790,CL00713,2024-03-26,Microcrédito,7200000,3,0.0305,2548000,Web,893,0.4486,Manual,Finalizado,0,2023-12-29,Antioquia,Medellín,31,F,5,Universitario,Empleado,5680000.0,App orgánico,716.0,False,1,Android,hash_521399,88,3,1,0.0,0.0,0.0,0.0,0.0,0.0,0.0,0.0,0.0,0.0,0.402602311222875,0,5680000.0,normal
CR000791,CL00714,2024-06-13,Crédito consumo digital,4550000,12,0.0319,462000,Aliado,900,0.073,Automática,Finalizado,0,2023-10-30,Bogotá D.C.,Bogotá,40,M,3,Universitario,Empleado,6330000.0,Aliado comercial,797.0,True,2,iOS,hash_356196,227,6,3,0.0,2.0,2.0,0.0,0.0,0.0,0.0,0.0,474.0,118.5,0.23017372972437405,0,6330000.0,normal
CR000792,CL00715,2025-10-04,Crédito libre inversión,800000,24,0.0323,48000,App,843,0.0495,Automática,Activo,0,2025-05-09,Bogotá D.C.,Bogotá,36,F,4,Técnico/Tecnólogo,Estudiante,970000.0,Campaña digital,614.0,False,3,Android,hash_797600,148,10,5,0.0,1.0,0.0,0.0,0.0,1.0,1.0,0.0,390.0,130.0,0.49129472256480505,0,970000.0,normal
CR000793,CL00715,2026-03-30,Avance de nómina,400000,3,0.031,142000,App,785,0.1464,Automática,Activo,0,2025-05-09,Bogotá D.C.,Bogotá,36,F,4,Técnico/Tecnólogo,Estudiante,970000.0,Campaña digital,614.0,False,3,Android,hash_797600,325,3,0,0.0,4.0,4.0,2.0,0.0,2.0,1.0,0.0,1963.0,151.0,0.17300177513992657,0,970000.0,normal
CR000794,CL00716,2025-07-19,Microcrédito,14850000,12,0.0339,1527000,Web,616,0.2665,Manual,Activo,0,2024-03-02,Meta,Villavicencio,47,F,5,Técnico/Tecnólogo,Microempresario,5730000.0,Aliado comercial,588.0,False,2,Android,hash_996020,504,7,5,1.0,2.0,1.0,0.0,0.0,0.0,1.0,0.0,903.0,180.6,0.3988289155644737,0,5730000.0,normal
CR000795,CL00718,2025-02-05,Crédito libre inversión,5100000,18,0.0185,336000,Web,900,0.1263,Automática,Activo,0,2023-01-26,Bogotá D.C.,Bogotá,38,F,4,Universitario,Empleado,2660000.0,Referido,637.0,False,0,Android,hash_909721,741,2,2,0.0,0.0,0.0,2.0,0.0,2.0,0.0,2.0,1025.0,170.83333333333334,0.4285363578398737,0,2660000.0,normal
CR000796,CL00719,2025-12-05,Crédito libre inversión,3000000,6,0.028,550000,App,900,1.8,Automática,Mora moderada,1,2025-10-02,Meta,Villavicencio,32,M,3,Universitario,Microempresario,2840000.0,App orgánico,697.0,True,0,Android,hash_811921,64,12,4,0.0,0.0,0.0,0.0,0.0,0.0,0.0,0.0,0.0,0.0,0.7366795458014128,1,2840000.0,normal
CR000797,CL00720,2026-03-17,Crédito libre inversión,6400000,12,0.023,616000,Aliado,888,0.146,Automática,Activo,0,2025-08-10,Atlántico,Barranquilla,35,M,5,Posgrado,Independiente,4220000.0,Campaña digital,644.0,False,1,Android,hash_197847,219,3,1,1.0,1.0,4.0,0.0,0.0,1.0,1.0,0.0,1777.0,222.125,0.39536671962116465,0,4220000.0,normal
CR000798,CL00722,2024-08-13,Microcrédito,2650000,9,0.0418,359000,Call center,703,1.2,Automática,Mora severa,1,2024-03-12,Cundinamarca,Soacha,19,M,3,Bachiller,Pensionado,2890000.0,Aliado comercial,567.0,True,0,iOS,hash_273441,154,8,1,0.0,0.0,1.0,1.0,0.0,1.0,0.0,0.0,682.0,227.33333333333334,0.7745800192119308,1,2890000.0,normal
CR000799,CL00722,2024-12-08,Microcrédito,3150000,9,0.0381,420000,Call center,900,0.1453,Automática,Mora moderada,1,2024-03-12,Cundinamarca,Soacha,19,M,3,Bachiller,Pensionado,2890000.0,Aliado comercial,567.0,True,0,iOS,hash_273441,271,12,6,0.0,0.0,2.0,2.0,0.0,1.0,0.0,1.0,1385.0,230.83333333333334,0.6229434564273747,1,2890000.0,normal
CR000800,CL00723,2024-05-10,Microcrédito,2500000,6,0.0317,464000,App,882,0.0989,Automática,Mora severa,1,2023-12-28,Norte de Santander,Cúcuta,23,M,3,Técnico/Tecnólogo,Microempresario,4690000.0,App orgánico,569.0,True,2,Android,hash_754373,134,5,4,0.0,0.0,0.0,0.0,0.0,0.0,0.0,0.0,0.0,0.0,0.6461183537380161,1,4690000.0,normal
CR000801,CL00724,2025-12-06,Crédito libre inversión,11050000,18,0.0195,734000,Aliado,900,0.1606,Automática,Activo,0,2025-01-18,Bogotá D.C.,Bogotá,43,F,2,Bachiller,Empleado,4570000.0,Campaña digital,656.0,True,2,Web,hash_394772,322,12,5,0.0,2.0,0.0,1.0,1.0,1.0,0.0,0.0,658.0,131.6,0.35148846508899173,0,4570000.0,normal
CR000802,CL00724,2025-10-20,Crédito consumo digital,3350000,9,0.0312,433000,App,900,0.0947,Automática,Activo,0,2025-01-18,Bogotá D.C.,Bogotá,43,F,2,Bachiller,Empleado,4570000.0,Campaña digital,656.0,True,2,Web,hash_394772,275,10,0,0.0,2.0,0.0,0.0,1.0,0.0,0.0,0.0,587.0,195.66666666666666,0.3280969324664331,0,4570000.0,normal
CR000803,CL00727,2024-07-16,Crédito consumo digital,350000,9,0.0258,44000,App,739,0.0733,Automática,Finalizado,0,2023-06-18,Cundinamarca,Soacha,36,F,2,Bachiller,Desempleado,600000.0,App orgánico,483.0,False,2,Android,hash_707769,394,7,1,0.0,1.0,0.0,0.0,0.0,0.0,0.0,1.0,581.0,290.5,0.7249158687622475,1,600000.0,normal
CR000804,CL00728,2025-12-01,Crédito consumo digital,1800000,6,0.0205,322000,App,704,0.2118,Automática,Mora moderada,1,2025-11-11,Bogotá D.C.,Bogotá,39,M,3,Universitario,Pensionado,1520000.0,Referido,472.0,False,4,Android,hash_665109,20,12,0,0.0,1.0,0.0,0.0,0.0,1.0,0.0,0.0,141.0,70.5,0.7471891913002163,1,1520000.0,normal
CR000805,CL00729,2025-10-31,Microcrédito,2350000,9,0.0252,295000,App,819,0.118,Automática,Activo,0,2025-10-14,Caldas,Manizales,31,M,3,Técnico/Tecnólogo,Empleado,2500000.0,Campaña digital,651.0,False,0,Web,hash_311470,17,10,4,0.0,0.0,0.0,0.0,0.0,1.0,0.0,0.0,56.0,56.0,0.43818532371345253,0,2500000.0,normal
CR000806,CL00730,2025-04-23,Crédito consumo digital,2600000,12,0.0203,246000,App,545,0.0969,Manual,Finalizado,0,2023-10-28,Valle del Cauca,Cali,28,F,1,Bachiller,Comerciante,2540000.0,Referido,588.0,False,3,Android,hash_179711,543,4,2,0.0,0.0,2.0,1.0,0.0,0.0,0.0,1.0,1418.0,354.5,0.441127581804294,0,2540000.0,normal
CR000807,CL00731,2025-12-24,Crédito consumo digital,1350000,3,0.0224,470000,App,837,0.3013,Automática,Finalizado,0,2025-09-17,Bogotá D.C.,Bogotá,38,M,3,Bachiller,Conductor/Repartidor,1560000.0,Referido,598.0,True,0,Web,hash_367800,98,12,2,0.0,0.0,1.0,0.0,0.0,0.0,1.0,1.0,601.0,200.33333333333334,0.39799954744431754,0,1560000.0,normal
CR000808,CL00732,2026-03-19,Avance de nómina,250000,3,0.0311,89000,App,747,0.1254,Automática,Activo,0,2024-05-25,Meta,Villavicencio,26,M,1,Universitario,Estudiante,710000.0,Campaña digital,449.0,True,0,Android,hash_554325,663,3,3,0.0,1.0,1.0,2.0,2.0,2.0,1.0,0.0,891.0,99.0,0.33087814620624956,0,710000.0,normal
CR000809,CL00733,2026-01-09,Crédito libre inversión,3450000,3,0.0288,1217000,App,711,0.5385,Manual,Activo,0,2024-11-24,Meta,Villavicencio,40,F,1,Sin información,Empleado,2260000.0,Referido,485.0,False,3,iOS,hash_843537,411,1,4,0.0,2.0,3.0,3.0,2.0,3.0,1.0,0.0,2750.0,196.42857142857142,0.23894013946971088,0,2260000.0,normal
CR000810,CL00733,2025-11-19,Crédito libre inversión,3650000,9,0.0178,442000,Aliado,807,0.1956,Automática,Mora moderada,0,2024-11-24,Meta,Villavicencio,40,F,1,Sin información,Empleado,2260000.0,Referido,485.0,False,3,iOS,hash_843537,360,11,2,0.0,1.0,2.0,3.0,2.0,3.0,1.0,0.0,2585.0,215.41666666666666,0.46087438350054055,0,2260000.0,normal
CR000811,CL00734,2023-09-21,Crédito consumo digital,3100000,6,0.034,580000,Web,900,0.1169,Automática,Finalizado,0,2023-02-05,Cundinamarca,Soacha,19,F,4,Técnico/Tecnólogo,Empleado,4960000.0,App orgánico,689.0,False,2,Android,hash_987687,228,9,3,1.0,0.0,0.0,0.0,0.0,0.0,1.0,0.0,303.0,151.5,0.25022522044591056,0,4960000.0,normal
CR000812,CL00735,2023-08-10,Avance de nómina,450000,9,0.0225,56000,App,847,0.0311,Automática,Finalizado,0,2023-03-19,Risaralda,Pereira,46,F,2,Universitario,Independiente,1800000.0,Referido,551.0,False,4,iOS,hash_304706,144,8,3,0.0,0.0,0.0,1.0,0.0,0.0,0.0,0.0,178.0,178.0,0.5535088592170151,1,1800000.0,normal
CR000813,CL00736,2025-06-12,Crédito libre inversión,3950000,12,0.0306,398000,App,900,0.0911,Automática,Activo,0,2024-09-13,Antioquia,Medellín,41,F,5,Técnico/Tecnólogo,Empleado,4370000.0,Campaña digital,804.0,False,1,Android,hash_506656,272,6,3,0.0,2.0,2.0,1.0,0.0,2.0,0.0,0.0,1410.0,201.42857142857142,0.2722755583905779,0,4370000.0,normal
CR000814,CL00737,2024-02-25,Microcrédito,1100000,12,0.0319,112000,App,738,0.0762,Automática,Mora severa,1,2023-10-27,Cundinamarca,Soacha,39,M,3,Posgrado,Estudiante,1470000.0,Aliado comercial,526.0,False,2,Android,hash_639006,121,2,6,0.0,0.0,1.0,0.0,0.0,1.0,0.0,0.0,109.0,54.5,0.7233249550846191,1,1470000.0,normal
CR000815,CL00737,2025-11-30,Crédito libre inversión,3050000,9,0.0265,385000,Web,687,0.2619,Automática,Activo,0,2023-10-27,Cundinamarca,Soacha,39,M,3,Posgrado,Estudiante,1470000.0,Aliado comercial,526.0,False,2,Android,hash_639006,765,11,6,0.0,2.0,2.0,0.0,0.0,2.0,0.0,0.0,505.0,84.16666666666667,0.6385691957979373,1,1470000.0,normal
CR000816,CL00738,2023-12-07,Crédito libre inversión,1650000,9,0.0195,202000,App,778,0.1303,Automática,Finalizado,0,2023-02-26,Bogotá D.C.,Bogotá,46,F,3,Bachiller,Independiente,1550000.0,Campaña digital,627.0,False,0,Android,hash_603122,284,12,3,0.0,1.0,1.0,0.0,0.0,0.0,1.0,0.0,494.0,164.66666666666666,0.40646806930419993,0,1550000.0,normal
CR000817,CL00739,2025-07-27,Crédito libre inversión,10700000,12,0.0196,1009000,Web,864,0.2352,Automática,Activo,0,2025-12-03,Norte de Santander,Cúcuta,53,M,5,Técnico/Tecnólogo,Empleado,4290000.0,Campaña digital,671.0,False,2,Android,hash_114629,-129,7,6,0.0,0.0,0.0,0.0,0.0,0.0,0.0,0.0,0.0,0.0,0.27973124719179043,0,4290000.0,normal
CR000818,CL00740,2026-03-10,Crédito libre inversión,10500000,6,0.0292,1933000,App,828,0.5702,Excepción,Activo,0,2025-10-25,Cundinamarca,Soacha,46,F,3,Bachiller,Independiente,3390000.0,Referido,562.0,True,0,Android,hash_532043,136,3,1,0.0,3.0,2.0,3.0,0.0,0.0,1.0,3.0,1500.0,125.0,0.30206728191605536,0,3390000.0,normal
CR000819,CL00742,2025-07-04,Crédito consumo digital,4000000,6,0.0345,749000,App,900,0.1265,Automática,Finalizado,0,2026-01-01,Valle del Cauca,Cali,23,F,3,Bachiller,Microempresario,5920000.0,Campaña digital,705.0,False,4,Web,hash_334618,-181,7,4,0.0,0.0,0.0,0.0,0.0,0.0,0.0,0.0,0.0,0.0,0.2381455752429045,0,5920000.0,normal
CR000820,CL00743,2025-06-12,Crédito consumo digital,1150000,9,0.0351,151000,App,845,0.0634,Automática,Finalizado,0,2024-01-29,Caldas,Manizales,30,F,2,Universitario,Microempresario,2380000.0,Referido,526.0,True,0,iOS,hash_212168,500,6,3,0.0,1.0,1.0,1.0,0.0,0.0,0.0,1.0,665.0,166.25,0.3947743564468062,0,2380000.0,normal
CR000821,CL00746,2025-04-30,Crédito libre inversión,5100000,12,0.0205,484000,Web,868,0.1779,Automática,Finalizado,0,2023-06-15,Risaralda,Pereira,29,F,4,Técnico/Tecnólogo,Microempresario,2720000.0,App orgánico,692.0,True,1,Android,hash_832068,685,4,2,0.0,3.0,2.0,2.0,1.0,0.0,0.0,0.0,1310.0,163.75,0.279657751241976,0,2720000.0,normal
CR000822,CL00747,2026-03-17,Crédito libre inversión,2550000,9,0.0189,311000,App,795,0.162,Automática,Activo,0,2025-12-02,Bogotá D.C.,Bogotá,38,M,4,Universitario,Independiente,1920000.0,Aliado comercial,452.0,False,1,iOS,hash_581891,105,3,1,1.0,5.0,0.0,0.0,0.0,0.0,0.0,0.0,823.0,137.16666666666666,0.5496466347882162,1,1920000.0,normal
CR000823,CL00748,2025-12-27,Crédito consumo digital,650000,6,0.0338,122000,App,818,0.0475,Automática,Mora moderada,1,2024-03-07,Bogotá D.C.,Bogotá,28,F,1,Técnico/Tecnólogo,Comerciante,0.0,App orgánico,483.0,False,2,iOS,hash_547822,660,12,5,2.0,8.0,5.0,1.0,1.0,2.0,0.0,2.0,3115.0,148.33333333333334,0.5757759669851384,1,0.0,normal
CR000824,CL00748,2024-10-17,Microcrédito,2300000,9,0.0337,301000,App,818,0.1171,Automática,Mora moderada,1,2024-03-07,Bogotá D.C.,Bogotá,28,F,1,Técnico/Tecnólogo,Comerciante,0.0,App orgánico,483.0,False,2,iOS,hash_547822,224,10,3,0.0,3.0,2.0,0.0,1.0,0.0,0.0,0.0,701.0,116.83333333333333,0.71481873599642,1,0.0,normal
CR000825,CL00748,2025-11-03,Microcrédito,1350000,12,0.0324,138000,App,885,0.0537,Automática,Activo,0,2024-03-07,Bogotá D.C.,Bogotá,28,F,1,Técnico/Tecnólogo,Comerciante,0.0,App orgánico,483.0,False,2,iOS,hash_547822,606,11,0,2.0,7.0,3.0,1.0,1.0,2.0,0.0,2.0,2599.0,144.38888888888889,0.6127975417270166,1,0.0,normal
CR000826,CL00749,2025-11-26,Crédito libre inversión,2050000,6,0.0301,379000,Call center,752,0.184,Automática,Activo,0,2025-02-05,Bogotá D.C.,Bogotá,30,F,3,Universitario,Estudiante,2060000.0,Referido,604.0,False,0,iOS,hash_871784,294,11,2,0.0,1.0,3.0,0.0,0.0,2.0,0.0,0.0,1451.0,241.83333333333334,0.377430113160469,0,2060000.0,normal
CR000827,CL00750,2023-11-20,Avance de nómina,1800000,9,0.0189,219000,App,844,0.0852,Automática,Finalizado,0,2023-04-26,Valle del Cauca,Cali,22,M,6,Bachiller,Empleado,2570000.0,Campaña digital,674.0,True,1,Android,hash_555618,208,11,0,0.0,0.0,0.0,0.0,0.0,0.0,0.0,0.0,0.0,0.0,0.37824404321623795,0,2570000.0,normal
CR000828,CL00751,2025-01-27,Microcrédito,3150000,6,0.0428,606000,App,872,0.1599,Automática,Finalizado,0,2024-04-07,Antioquia,Medellín,27,M,3,Universitario,Microempresario,3790000.0,App orgánico,588.0,True,1,Android,hash_306604,295,1,0,0.0,1.0,2.0,1.0,0.0,2.0,0.0,0.0,795.0,132.5,0.2503559843801357,0,3790000.0,normal
CR000829,CL00753,2025-08-09,Crédito libre inversión,2250000,24,0.0277,130000,Web,727,0.0774,Automática,Mora moderada,1,2025-12-04,Antioquia,Medellín,26,M,3,Universitario,Empleado,1680000.0,Campaña digital,550.0,False,1,Android,hash_492963,-117,8,5,0.0,0.0,0.0,0.0,0.0,0.0,0.0,0.0,0.0,0.0,0.7393528526295305,1,1680000.0,normal
CR000830,CL00754,2025-10-25,Crédito consumo digital,450000,9,0.0376,60000,Aliado,900,0.0233,Automática,Activo,0,2024-06-02,Cundinamarca,Soacha,47,F,3,Sin información,Independiente,2570000.0,Campaña digital,629.0,True,0,Android,hash_317544,510,10,5,1.0,2.0,1.0,2.0,0.0,1.0,1.0,2.0,1234.0,123.4,0.1685217946952194,0,2570000.0,normal
CR000831,CL00754,2025-11-26,Crédito consumo digital,2050000,12,0.0217,196000,App,867,0.0763,Automática,Activo,0,2024-06-02,Cundinamarca,Soacha,47,F,3,Sin información,Independiente,2570000.0,Campaña digital,629.0,True,0,Android,hash_317544,542,11,2,1.0,2.0,2.0,2.0,1.0,1.0,1.0,2.0,1453.0,121.08333333333333,0.25160866030647344,0,2570000.0,normal
CR000832,CL00755,2024-07-03,Crédito consumo digital,1200000,12,0.0204,114000,App,808,0.0481,Automática,Finalizado,0,2023-01-20,Bolívar,Cartagena,27,F,3,Universitario,Comerciante,2370000.0,App orgánico,656.0,True,0,Android,hash_796403,530,7,2,0.0,2.0,0.0,0.0,0.0,1.0,0.0,0.0,496.0,165.33333333333334,0.34945074382566627,0,2370000.0,normal
CR000833,CL00757,2025-02-27,Avance de nómina,1450000,3,0.0309,514000,App,886,0.1736,Automática,Finalizado,0,2024-09-16,Santander,Bucaramanga,41,F,2,Bachiller,Empleado,2960000.0,Referido,663.0,True,0,iOS,hash_239244,164,2,3,0.0,1.0,1.0,0.0,0.0,0.0,0.0,0.0,254.0,127.0,0.22161691925490504,0,2960000.0,normal
CR000834,CL00758,2025-05-01,Microcrédito,3900000,3,0.04,1405000,Web,836,0.4145,Manual,Finalizado,0,2024-01-16,Valle del Cauca,Cali,38,M,2,Sin información,Empleado,3390000.0,App orgánico,633.0,False,0,Android,hash_793278,471,5,3,0.0,1.0,2.0,0.0,1.0,1.0,1.0,0.0,928.0,154.66666666666666,0.42039020669405497,0,3390000.0,normal
CR000835,CL00759,2024-09-10,Crédito libre inversión,5650000,12,0.0283,562000,Aliado,888,0.188,Automática,Finalizado,0,2024-08-15,Bogotá D.C.,Bogotá,27,M,3,Bachiller,Empleado,2990000.0,Aliado comercial,575.0,True,0,Android,hash_845870,26,9,1,0.0,0.0,0.0,0.0,0.0,0.0,0.0,0.0,0.0,0.0,0.5421167593872722,1,2990000.0,normal
CR000836,CL00761,2025-12-31,Desconocido,4850000,9,0.0235,604000,App,900,0.1581,Automática,Activo,0,2024-08-11,Bogotá D.C.,Bogotá,30,F,2,Universitario,Empleado,3820000.0,Campaña digital,562.0,True,3,Android,hash_700807,507,12,2,0.0,4.0,2.0,1.0,0.0,2.0,0.0,0.0,1236.0,137.33333333333334,0.21830005977013325,0,3820000.0,normal
CR000837,CL00762,2025-11-26,Crédito consumo digital,2050000,9,0.0258,258000,App,807,0.0711,Automática,Activo,0,2025-06-28,Bogotá D.C.,Bogotá,37,M,2,Bachiller,Comerciante,3630000.0,App orgánico,532.0,True,2,iOS,hash_449529,151,11,2,0.0,4.0,1.0,2.0,0.0,1.0,0.0,0.0,1189.0,148.625,0.5052655727492352,1,3630000.0,normal
CR000838,CL00762,2025-08-03,Microcrédito,3050000,12,0.0395,324000,App,840,0.0893,Automática,Mora severa,1,2025-06-28,Bogotá D.C.,Bogotá,37,M,2,Bachiller,Comerciante,3630000.0,App orgánico,532.0,True,2,iOS,hash_449529,36,8,6,0.0,0.0,0.0,0.0,0.0,1.0,0.0,0.0,67.0,67.0,0.7802886132851355,1,3630000.0,normal
CR000839,CL00763,2026-02-18,Crédito consumo digital,1850000,6,0.0209,331000,Web,900,0.0721,Automática,Activo,0,2024-03-02,Cundinamarca,Soacha,62,F,2,Técnico/Tecnólogo,Comerciante,4590000.0,App orgánico,688.0,False,1,Android,hash_753416,718,2,2,0.0,3.0,1.0,1.0,1.0,0.0,0.0,0.0,644.0,107.33333333333333,0.19744577898664586,0,4590000.0,normal
CR000840,CL00764,2025-12-05,Crédito consumo digital,2350000,3,0.0346,838000,App,841,0.2951,Automática,Mora moderada,1,2025-05-31,Bogotá D.C.,Bogotá,35,F,2,Bachiller,Independiente,2840000.0,Campaña digital,587.0,False,1,Android,hash_901555,188,12,4,1.0,3.0,8.0,1.0,0.0,4.0,0.0,1.0,3169.0,176.05555555555554,0.4464221598214308,0,2840000.0,normal
CR000841,CL00764,2025-10-26,Crédito consumo digital,1000000,6,0.0381,190000,Web,813,0.0669,Automática,Finalizado,0,2025-05-31,Bogotá D.C.,Bogotá,35,F,2,Bachiller,Independiente,2840000.0,Campaña digital,587.0,False,1,Android,hash_901555,148,10,6,1.0,2.0,6.0,1.0,0.0,2.0,0.0,1.0,2347.0,180.53846153846155,0.36478955070072455,0,2840000.0,normal
CR000842,CL00765,2025-08-27,Avance de nómina,450000,6,0.0184,80000,App,783,0.0449,Automática,Mora moderada,1,2024-05-08,Bogotá D.C.,Bogotá,47,M,2,Universitario,Conductor/Repartidor,1780000.0,Campaña digital,525.0,False,2,Android,hash_638908,476,8,2,0.0,0.0,3.0,0.0,0.0,2.0,0.0,1.0,777.0,129.5,0.6398361222218245,1,1780000.0,normal
CR000843,CL00766,2024-02-20,Crédito consumo digital,750000,3,0.0247,262000,App,894,0.1489,Automática,Finalizado,0,2023-10-23,Bogotá D.C.,Bogotá,29,F,2,Bachiller,Empleado,1760000.0,Call center,644.0,True,0,Android,hash_847590,120,2,1,0.0,0.0,0.0,0.0,0.0,0.0,0.0,0.0,0.0,0.0,0.30672063462676996,0,1760000.0,normal
CR000844,CL00767,2025-07-11,Crédito libre inversión,1550000,6,0.0211,278000,App,831,0.123,Automática,Mora moderada,1,2024-11-13,Atlántico,Barranquilla,36,F,4,Sin información,Comerciante,2260000.0,Aliado comercial,566.0,False,2,iOS,hash_906675,240,7,4,0.0,0.0,1.0,0.0,1.0,2.0,2.0,0.0,888.0,148.0,0.5832946598750616,1,2260000.0,normal
CR000845,CL00767,2025-02-22,Crédito libre inversión,5050000,6,0.0277,925000,Aliado,743,0.4093,Manual,Mora severa,1,2024-11-13,Atlántico,Barranquilla,36,F,4,Sin información,Comerciante,2260000.0,Aliado comercial,566.0,False,2,iOS,hash_906675,101,2,5,0.0,0.0,0.0,0.0,1.0,2.0,2.0,0.0,803.0,160.6,0.5675255740958558,1,2260000.0,normal
CR000846,CL00768,2024-01-30,Crédito consumo digital,2100000,9,0.0213,259000,App,900,0.0649,Automática,Finalizado,0,2023-10-17,Bogotá D.C.,Bogotá,54,F,2,Técnico/Tecnólogo,Empleado,3990000.0,App orgánico,721.0,True,2,Web,hash_402944,105,1,1,0.0,0.0,0.0,0.0,0.0,1.0,0.0,0.0,148.0,148.0,0.21538481886467498,0,3990000.0,normal
CR000847,CL00768,2025-03-09,Crédito consumo digital,2650000,3,0.0283,934000,Web,900,0.2341,Automática,Finalizado,0,2023-10-17,Bogotá D.C.,Bogotá,54,F,2,Técnico/Tecnólogo,Empleado,3990000.0,App orgánico,721.0,True,2,Web,hash_402944,509,3,6,0.0,0.0,1.0,2.0,0.0,1.0,2.0,0.0,1124.0,187.33333333333334,0.15803895821056654,0,3990000.0,normal
CR000848,CL00769,2025-04-19,Crédito consumo digital,600000,6,0.0382,114000,Aliado,726,0.0974,Automática,Mora severa,1,2024-08-10,Bogotá D.C.,Bogotá,30,M,2,Bachiller,Conductor/Repartidor,1170000.0,Aliado comercial,401.0,False,0,Android,hash_569045,252,4,5,1.0,0.0,0.0,0.0,0.0,1.0,0.0,0.0,274.0,137.0,0.8524469256097129,1,1170000.0,normal
CR000849,CL00770,2024-07-22,Crédito consumo digital,1250000,12,0.0356,130000,Aliado,788,0.061,Automática,Mora severa,1,2024-02-20,Valle del Cauca,Cali,54,F,3,Bachiller,Conductor/Repartidor,2130000.0,Aliado comercial,525.0,False,1,Android,hash_613909,153,7,0,1.0,0.0,0.0,0.0,0.0,0.0,0.0,0.0,387.0,387.0,0.7747654664426418,1,2130000.0,normal
CR000850,CL00773,2025-11-25,Crédito consumo digital,650000,3,0.0316,231000,Web,868,0.106,Automática,Finalizado,0,2025-10-06,Valle del Cauca,Cali,42,F,4,Bachiller,Independiente,2180000.0,Aliado comercial,625.0,False,1,Android,hash_176693,50,11,1,0.0,1.0,2.0,0.0,0.0,0.0,0.0,0.0,446.0,148.66666666666666,0.3114271240478846,0,2180000.0,normal
CR000851,CL00774,2026-01-11,Crédito consumo digital,1350000,18,0.029,97000,App,726,0.0634,Automática,Activo,0,2025-12-21,Tolima,Ibagué,46,M,4,Universitario,Desempleado,1530000.0,Aliado comercial,519.0,False,0,Web,hash_948158,21,1,6,1.0,1.0,0.0,0.0,0.0,1.0,0.0,0.0,574.0,191.33333333333334,0.5642301248985031,1,1530000.0,normal
CR000852,CL00775,2025-08-29,Crédito consumo digital,800000,6,0.0208,143000,App,701,0.1723,Automática,Mora severa,1,2025-10-15,Valle del Cauca,Cali,42,M,3,Universitario,Estudiante,830000.0,Call center,450.0,True,0,Android,hash_540769,-47,8,4,0.0,0.0,0.0,0.0,0.0,0.0,0.0,0.0,0.0,0.0,0.7646443526163464,1,830000.0,normal
CR000853,CL00775,2026-01-13,Crédito consumo digital,500000,9,0.0274,63000,App,655,0.0759,Automática,Activo,0,2025-10-15,Valle del Cauca,Cali,42,M,3,Universitario,Estudiante,830000.0,Call center,450.0,True,0,Android,hash_540769,90,1,1,1.0,1.0,3.0,0.0,0.0,0.0,0.0,1.0,1032.0,172.0,0.4338124112093431,0,830000.0,normal
CR000854,CL00776,2025-01-17,Crédito consumo digital,1450000,6,0.0385,275000,App,834,0.118,Automática,Finalizado,0,2024-01-10,Meta,Villavicencio,20,F,3,Técnico/Tecnólogo,Microempresario,2330000.0,Referido,566.0,False,1,Android,hash_770740,373,1,4,0.0,2.0,3.0,0.0,0.0,0.0,0.0,1.0,1289.0,214.83333333333334,0.30729653987129685,0,2330000.0,normal
CR000855,CL00777,2024-08-24,Crédito consumo digital,2150000,9,0.031,277000,Web,851,0.0737,Automática,Finalizado,0,2024-05-29,Norte de Santander,Cúcuta,29,M,1,Posgrado,Empleado,3760000.0,Campaña digital,694.0,False,4,Android,hash_866781,87,8,5,0.0,0.0,1.0,1.0,0.0,0.0,1.0,0.0,230.0,76.66666666666667,0.29145700214571685,0,3760000.0,normal
CR000856,CL00777,2025-01-03,Microcrédito,2200000,24,0.0449,152000,Web,827,0.0404,Automática,Activo,0,2024-05-29,Norte de Santander,Cúcuta,29,M,1,Posgrado,Empleado,3760000.0,Campaña digital,694.0,False,4,Android,hash_866781,219,1,4,0.0,0.0,1.0,1.0,0.0,0.0,1.0,0.0,230.0,76.66666666666667,0.1987619545442762,0,3760000.0,normal
CR000857,CL00778,2026-03-11,Crédito libre inversión,11700000,6,0.0173,2070000,Call center,838,0.5201,Manual,Activo,0,2024-09-06,Bogotá D.C.,Bogotá,34,M,2,Sin información,Microempresario,3980000.0,App orgánico,627.0,False,1,Android,hash_343758,551,3,2,0.0,2.0,3.0,0.0,0.0,2.0,1.0,1.0,1703.0,189.22222222222223,0.5706932384269303,1,3980000.0,normal
CR000858,CL00780,2025-12-04,Crédito consumo digital,800000,6,0.025,145000,App,816,0.0924,Automática,Activo,0,2025-12-01,Antioquia,Medellín,42,M,1,Bachiller,Comerciante,1570000.0,Aliado comercial,580.0,True,1,iOS,hash_620724,3,12,3,0.0,0.0,0.0,0.0,0.0,0.0,0.0,0.0,0.0,0.0,0.5215744106579228,1,1570000.0,normal
CR000859,CL00781,2025-08-20,Microcrédito,2550000,9,0.0363,337000,App,839,0.1311,Automática,Mora moderada,1,2024-12-10,Antioquia,Medellín,38,F,1,Sin información,Independiente,-1.0,App orgánico,507.0,True,2,Android,hash_680609,253,8,2,2.0,0.0,3.0,1.0,0.0,2.0,1.0,1.0,1134.0,113.4,0.7429655875400925,1,-1.0,normal
CR000860,CL00781,2025-09-22,Crédito libre inversión,2700000,3,0.0178,932000,App,747,0.3626,Manual,Mora moderada,1,2024-12-10,Antioquia,Medellín,38,F,1,Sin información,Independiente,-1.0,App orgánico,507.0,True,2,Android,hash_680609,286,9,0,2.0,0.0,3.0,1.0,0.0,2.0,1.0,1.0,1134.0,113.4,0.681955122418824,1,-1.0,normal
CR000861,CL00781,2026-01-07,Crédito consumo digital,750000,6,0.0357,141000,Aliado,771,0.0549,Automática,Mora moderada,1,2024-12-10,Antioquia,Medellín,38,F,1,Sin información,Independiente,-1.0,App orgánico,507.0,True,2,Android,hash_680609,393,1,2,2.0,1.0,4.0,2.0,0.0,2.0,3.0,1.0,1973.0,131.53333333333333,0.5246339860009877,1,-1.0,normal
CR000862,CL00782,2025-01-06,Microcrédito,1650000,6,0.0364,311000,Aliado,834,0.121,Automática,Mora moderada,1,2023-09-01,Bogotá D.C.,Bogotá,23,M,3,Universitario,Independiente,2570000.0,Referido,568.0,False,2,Android,hash_119192,493,1,0,1.0,1.0,0.0,0.0,2.0,0.0,0.0,0.0,688.0,172.0,0.5338642165462304,1,2570000.0,normal
CR000863,CL00785,2026-03-05,Crédito consumo digital,4450000,6,0.0314,825000,Call center,864,0.2687,Automática,Activo,0,2024-06-21,Cundinamarca,Soacha,42,M,6,Bachiller,Comerciante,3070000.0,Call center,709.0,False,3,Android,hash_866355,622,3,3,1.0,3.0,3.0,2.0,0.0,2.0,0.0,2.0,2096.0,161.23076923076923,0.29848415060756756,0,3070000.0,normal
CR000864,CL00786,2025-11-15,Crédito consumo digital,3550000,6,0.0206,635000,Web,852,0.1835,Automática,Activo,0,2024-04-10,Caldas,Manizales,47,F,4,Bachiller,Comerciante,3460000.0,App orgánico,674.0,True,0,Android,hash_968480,584,11,5,1.0,2.0,1.0,1.0,0.0,0.0,1.0,1.0,871.0,124.42857142857143,0.27574068328278895,0,3460000.0,normal
CR000865,CL00788,2023-06-29,Crédito libre inversión,5750000,12,0.0211,548000,Web,829,0.1734,Automática,Finalizado,0,2023-03-08,Santander,Bucaramanga,41,M,3,Técnico/Tecnólogo,Empleado,3160000.0,Referido,649.0,True,1,iOS,hash_895707,113,6,3,0.0,0.0,1.0,0.0,0.0,0.0,0.0,0.0,117.0,117.0,0.3380894850588126,0,3160000.0,normal
CR000866,CL00788,2024-01-24,Microcrédito,2750000,6,0.0344,515000,Web,900,0.163,Automática,Finalizado,0,2023-03-08,Santander,Bucaramanga,41,M,3,Técnico/Tecnólogo,Empleado,3160000.0,Referido,649.0,True,1,iOS,hash_895707,322,1,2,0.0,1.0,2.0,0.0,0.0,1.0,0.0,1.0,617.0,123.4,0.23859287145522226,0,3160000.0,normal
CR000867,CL00788,2024-11-10,Avance de nómina,650000,9,0.0265,82000,Web,859,0.0259,Automática,Finalizado,0,2023-03-08,Santander,Bucaramanga,41,M,3,Técnico/Tecnólogo,Empleado,3160000.0,Referido,649.0,True,1,iOS,hash_895707,613,11,6,0.0,4.0,7.0,0.0,0.0,2.0,0.0,1.0,1745.0,124.64285714285714,0.11609468875316997,0,3160000.0,normal
CR000868,CL00789,2025-07-07,Crédito consumo digital,3000000,6,0.0304,555000,App,892,0.2238,Automática,Finalizado,0,2024-03-28,Bogotá D.C.,Bogotá,35,M,2,Técnico/Tecnólogo,Microempresario,2480000.0,Campaña digital,627.0,False,1,iOS,hash_635452,466,7,0,3.0,2.0,2.0,1.0,0.0,3.0,1.0,1.0,1523.0,117.15384615384616,0.3174355983771489,0,2480000.0,normal
CR000869,CL00789,2026-01-27,Crédito consumo digital,1200000,12,0.0383,127000,App,889,0.0512,Automática,Activo,0,2024-03-28,Bogotá D.C.,Bogotá,35,M,2,Técnico/Tecnólogo,Microempresario,2480000.0,Campaña digital,627.0,False,1,iOS,hash_635452,670,1,1,5.0,4.0,2.0,2.0,0.0,4.0,1.0,2.0,3363.0,168.15,0.10532899945291144,0,2480000.0,normal
CR000870,CL00789,2025-12-30,Crédito libre inversión,3600000,3,0.0321,1278000,Web,829,0.5153,Manual,Finalizado,0,2024-03-28,Bogotá D.C.,Bogotá,35,M,2,Técnico/Tecnólogo,Microempresario,2480000.0,Campaña digital,627.0,False,1,iOS,hash_635452,642,12,1,5.0,4.0,2.0,2.0,0.0,4.0,1.0,2.0,3363.0,168.15,0.25784963416527573,0,2480000.0,normal
CR000871,CL00790,2024-06-04,Crédito consumo digital,3100000,18,0.0298,225000,Web,819,0.0563,Automática,Mora severa,1,2024-02-05,Bogotá D.C.,Bogotá,19,F,4,Posgrado,Independiente,4000000.0,Aliado comercial,564.0,True,2,Android,hash_711889,120,6,1,0.0,0.0,0.0,0.0,0.0,1.0,0.0,0.0,275.0,275.0,0.756101948427967,1,4000000.0,normal
CR000872,CL00791,2025-12-16,Crédito consumo digital,400000,6,0.0208,72000,Aliado,780,0.0439,Automática,Activo,0,2025-06-30,Meta,Villavicencio,40,M,2,Universitario,Conductor/Repartidor,1640000.0,App orgánico,450.0,False,0,Web,hash_474684,169,12,1,0.0,0.0,0.0,4.0,0.0,2.0,0.0,0.0,832.0,138.66666666666666,0.6093521664009416,1,1640000.0,normal
CR000873,CL00792,2025-04-19,Crédito consumo digital,1250000,24,0.0328,76000,App,900,0.0226,Automática,Activo,0,2024-07-26,Valle del Cauca,Cali,38,M,2,Posgrado,Empleado,3360000.0,App orgánico,574.0,False,3,Android,hash_833709,267,4,5,1.0,1.0,0.0,0.0,0.0,0.0,0.0,0.0,88.0,44.0,0.4796517193827907,0,3360000.0,normal
CR000874,CL00793,2025-11-05,Crédito consumo digital,2900000,6,0.0352,545000,Aliado,900,0.1359,Automática,Activo,0,2024-05-19,Valle del Cauca,Cali,39,M,3,Universitario,Empleado,4010000.0,Call center,794.0,True,2,iOS,hash_526542,535,11,2,0.0,2.0,2.0,2.0,0.0,1.0,0.0,1.0,987.0,123.375,0.19018691712692393,0,4010000.0,normal
CR000875,CL00794,2025-06-11,Crédito consumo digital,3900000,9,0.0335,509000,Aliado,898,0.1018,Automática,Mora severa,1,2024-03-29,Bogotá D.C.,Bogotá,23,M,2,Técnico/Tecnólogo,Empleado,5000000.0,Campaña digital,670.0,True,0,iOS,hash_858339,439,6,2,0.0,2.0,1.0,0.0,0.0,0.0,0.0,2.0,771.0,154.2,0.3402055740333849,0,5000000.0,normal
CR000876,CL00795,2026-02-05,Crédito consumo digital,2150000,24,0.0228,117000,App,843,0.043,Automática,Activo,0,2024-08-29,Tolima,Ibagué,25,M,4,Técnico/Tecnólogo,Empleado,2720000.0,Campaña digital,521.0,True,1,Android,hash_141559,525,2,3,0.0,3.0,2.0,2.0,0.0,0.0,0.0,1.0,976.0,122.0,0.2968515540559472,0,2720000.0,normal
CR000877,CL00796,2025-07-07,Crédito consumo digital,1100000,6,0.0321,205000,App,756,0.0798,Automática,Finalizado,0,2025-06-01,Bogotá D.C.,Bogotá,47,M,1,Bachiller,Empleado,2570000.0,Campaña digital,507.0,False,0,iOS,hash_265426,36,7,0,0.0,0.0,0.0,0.0,0.0,0.0,0.0,0.0,0.0,0.0,0.46576805966667145,0,2570000.0,normal
CR000878,CL00798,2025-02-23,Crédito consumo digital,1300000,18,0.0213,88000,App,900,0.0553,Automática,Activo,0,2024-08-05,Bolívar,Cartagena,43,M,2,Posgrado,Independiente,1590000.0,Call center,548.0,False,0,Android,hash_344955,202,2,6,0.0,0.0,0.0,0.0,0.0,0.0,2.0,0.0,177.0,88.5,0.6980749473070285,1,1590000.0,normal
CR000879,CL00799,2025-04-17,Crédito consumo digital,750000,6,0.0373,142000,App,876,0.0714,Automática,Finalizado,0,2024-03-08,Meta,Villavicencio,36,M,4,Bachiller,Pensionado,1990000.0,Referido,577.0,False,0,iOS,hash_926064,405,4,3,0.0,4.0,3.0,1.0,1.0,2.0,0.0,0.0,1380.0,125.45454545454545,0.21409629127386823,0,1990000.0,normal
CR000880,CL00799,2025-08-18,Crédito consumo digital,1300000,9,0.0216,161000,App,776,0.0809,Automática,Activo,0,2024-03-08,Meta,Villavicencio,36,M,4,Bachiller,Pensionado,1990000.0,Referido,577.0,False,0,iOS,hash_926064,528,8,0,0.0,4.0,4.0,1.0,1.0,3.0,0.0,0.0,1850.0,142.30769230769232,0.25320810838162283,0,1990000.0,normal
CR000881,CL00801,2025-03-10,Crédito consumo digital,250000,9,0.0388,33000,App,767,0.0413,Automática,Finalizado,0,2023-05-18,Bogotá D.C.,Bogotá,45,M,1,Universitario,Pensionado,800000.0,Campaña digital,489.0,True,0,iOS,hash_186728,662,3,0,0.0,3.0,1.0,4.0,0.0,1.0,0.0,2.0,1906.0,173.27272727272728,0.35054501778299085,0,800000.0,normal
CR000882,CL00801,2025-10-11,Crédito consumo digital,900000,3,0.0383,323000,App,732,0.4037,Manual,Finalizado,0,2023-05-18,Bogotá D.C.,Bogotá,45,M,1,Universitario,Pensionado,800000.0,Campaña digital,489.0,True,0,iOS,hash_186728,877,10,5,0.0,3.0,2.0,4.0,0.0,1.0,0.0,2.0,2336.0,194.66666666666666,0.31624725674739756,0,800000.0,normal
CR000883,CL00801,2023-09-10,Crédito libre inversión,1650000,6,0.0295,304000,Aliado,744,0.38,Manual,Mora moderada,1,2023-05-18,Bogotá D.C.,Bogotá,45,M,1,Universitario,Pensionado,800000.0,Campaña digital,489.0,True,0,iOS,hash_186728,115,9,6,0.0,0.0,1.0,0.0,0.0,0.0,0.0,0.0,586.0,586.0,0.7450921456564424,1,800000.0,normal
CR000884,CL00802,2025-07-13,Microcrédito,2100000,9,0.0274,266000,Call center,821,0.1209,Automática,Mora severa,1,2023-11-03,Antioquia,Medellín,31,M,2,Bachiller,Empleado,2200000.0,Campaña digital,578.0,False,0,Android,hash_118225,618,7,6,0.0,0.0,3.0,2.0,1.0,2.0,0.0,1.0,1608.0,178.66666666666666,0.48913696710695387,0,2200000.0,normal
CR000885,CL00802,2023-12-15,Microcrédito,1450000,3,0.0441,527000,Web,748,0.2395,Automática,Finalizado,0,2023-11-03,Antioquia,Medellín,31,M,2,Bachiller,Empleado,2200000.0,Campaña digital,578.0,False,0,Android,hash_118225,42,12,4,0.0,0.0,0.0,0.0,0.0,0.0,0.0,0.0,0.0,0.0,0.4623839726456812,0,2200000.0,normal
CR000886,CL00803,2025-06-20,Crédito libre inversión,850000,3,0.0316,301000,Web,684,0.2467,Automática,Finalizado,0,2025-06-04,Bolívar,Cartagena,36,F,3,Bachiller,Pensionado,1220000.0,Campaña digital,452.0,False,2,Android,hash_171519,16,6,4,0.0,0.0,0.0,0.0,0.0,0.0,0.0,1.0,294.0,294.0,0.5254719161500749,1,1220000.0,normal
CR000887,CL00804,2026-03-24,Crédito consumo digital,2400000,3,0.0267,843000,Call center,631,0.2097,Automática,Activo,0,2025-03-20,Antioquia,Medellín,31,M,4,Universitario,Microempresario,4020000.0,Campaña digital,588.0,False,0,iOS,hash_299307,369,3,1,0.0,2.0,2.0,2.0,0.0,0.0,1.0,1.0,793.0,99.125,0.20612478457956004,0,4020000.0,normal
CR000888,CL00806,2025-03-21,Crédito consumo digital,1250000,9,0.0226,155000,Aliado,900,0.0518,Automática,Finalizado,0,2024-02-16,Bogotá D.C.,Bogotá,33,F,5,Técnico/Tecnólogo,Independiente,2990000.0,App orgánico,687.0,False,0,Android,hash_992284,399,3,4,0.0,0.0,3.0,0.0,0.0,0.0,0.0,0.0,317.0,105.66666666666667,0.2503383604761676,0,2990000.0,normal
CR000889,CL00806,2025-10-20,Avance de nómina,1400000,24,0.0258,79000,Call center,900,0.0264,Automática,Activo,0,2024-02-16,Bogotá D.C.,Bogotá,33,F,5,Técnico/Tecnólogo,Independiente,2990000.0,App orgánico,687.0,False,0,Android,hash_992284,612,10,0,1.0,1.0,3.0,1.0,0.0,0.0,0.0,0.0,680.0,113.33333333333333,0.30214411482359044,0,2990000.0,normal
CR000890,CL00807,2024-12-30,Avance de nómina,2250000,18,0.0237,155000,Web,900,0.0341,Automática,Activo,0,2024-06-02,Tolima,Ibagué,38,M,4,Bachiller,Empleado,4540000.0,App orgánico,588.0,False,0,Android,hash_163805,211,12,0,0.0,0.0,0.0,0.0,1.0,1.0,0.0,0.0,455.0,227.5,0.3720487560360792,0,4540000.0,normal
CR000891,CL00807,2026-03-24,Crédito libre inversión,8650000,6,0.0231,1561000,Web,856,0.3438,Automática,Activo,0,2024-06-02,Tolima,Ibagué,38,M,4,Bachiller,Empleado,4540000.0,App orgánico,588.0,False,0,Android,hash_163805,660,3,1,1.0,4.0,2.0,0.0,1.0,2.0,2.0,1.0,1913.0,147.15384615384616,0.11134941940409411,0,4540000.0,normal
CR000892,CL00808,2023-10-28,Microcrédito,3000000,6,0.0334,560000,App,822,0.1497,Automática,Finalizado,0,2023-08-07,Valle del Cauca,Cali,31,F,3,Técnico/Tecnólogo,Empleado,3740000.0,Campaña digital,567.0,False,0,Android,hash_590492,82,10,5,0.0,0.0,0.0,0.0,0.0,0.0,0.0,0.0,0.0,0.0,0.5946555121545376,1,3740000.0,normal
CR000893,CL00808,2023-08-24,Crédito consumo digital,3750000,3,0.0256,1315000,App,858,0.3516,Manual,Mora severa,1,2023-08-07,Valle del Cauca,Cali,31,F,3,Técnico/Tecnólogo,Empleado,3740000.0,Campaña digital,567.0,False,0,Android,hash_590492,17,8,3,0.0,0.0,0.0,0.0,0.0,0.0,0.0,0.0,0.0,0.0,0.4916465535295819,0,3740000.0,normal
CR000894,CL00809,2023-12-22,Avance de nómina,2200000,6,0.0206,394000,Aliado,900,0.0966,Automática,Finalizado,0,2023-09-02,Antioquia,Medellín,49,M,3,Bachiller,Empleado,4080000.0,Referido,605.0,False,3,Android,hash_836332,111,12,4,0.0,0.0,2.0,0.0,0.0,1.0,0.0,0.0,826.0,275.3333333333333,0.3003523500638406,0,4080000.0,normal
CR000895,CL00809,2023-12-26,Crédito consumo digital,1650000,6,0.0223,297000,Web,854,0.0728,Automática,Finalizado,0,2023-09-02,Antioquia,Medellín,49,M,3,Bachiller,Empleado,4080000.0,Referido,605.0,False,3,Android,hash_836332,115,12,1,0.0,0.0,2.0,0.0,0.0,1.0,0.0,0.0,826.0,275.3333333333333,0.26975762265222997,0,4080000.0,normal
CR000896,CL00811,2025-07-09,Crédito libre inversión,10600000,12,0.0214,1011000,Web,862,0.2824,Automática,Mora moderada,1,2025-03-19,Antioquia,Medellín,34,F,4,Bachiller,Independiente,3580000.0,Campaña digital,616.0,True,2,Android,hash_504593,112,7,2,0.0,1.0,0.0,0.0,1.0,0.0,0.0,0.0,346.0,173.0,0.6670056708949558,1,3580000.0,normal
CR000897,CL00812,2025-08-03,Crédito libre inversión,600000,24,0.0337,37000,App,795,0.0285,Automática,Mora moderada,1,2025-02-22,Bogotá D.C.,Bogotá,82,M,2,Universitario,Independiente,1300000.0,App orgánico,555.0,False,1,Android,hash_989192,162,8,6,2.0,0.0,1.0,0.0,0.0,1.0,0.0,1.0,1052.0,210.4,0.6488311301184239,1,1300000.0,normal
CR000898,CL00813,2025-10-13,Crédito consumo digital,2250000,6,0.0223,405000,App,900,0.1015,Automática,Mora moderada,1,2025-11-18,Atlántico,Barranquilla,50,M,3,Universitario,Independiente,3990000.0,App orgánico,698.0,False,1,iOS,hash_557199,-36,10,0,0.0,0.0,0.0,0.0,0.0,0.0,0.0,0.0,0.0,0.0,0.42417261085010083,0,3990000.0,normal
CR000899,CL00814,2025-05-31,Crédito consumo digital,1550000,9,0.0292,198000,App,820,0.1048,Automática,Mora moderada,1,2024-12-24,Santander,Bucaramanga,38,M,3,Técnico/Tecnólogo,Comerciante,1890000.0,App orgánico,476.0,True,4,Android,hash_837667,158,5,5,0.0,1.0,0.0,0.0,0.0,0.0,0.0,0.0,53.0,53.0,0.7622065264018683,1,1890000.0,normal
CR000900,CL00815,2024-11-06,Crédito consumo digital,2150000,6,0.0236,389000,App,897,0.1063,Automática,Finalizado,0,2023-02-24,Santander,Bucaramanga,46,F,3,Posgrado,Independiente,3660000.0,App orgánico,685.0,True,0,Android,hash_386981,621,11,2,1.0,0.0,0.0,0.0,0.0,0.0,0.0,0.0,101.0,101.0,0.2802690426116347,0,3660000.0,normal
CR000901,CL00816,2026-02-12,Crédito consumo digital,700000,6,0.0279,128000,App,877,0.0601,Automática,Activo,0,2024-09-07,Bogotá D.C.,Bogotá,21,M,3,Bachiller,Conductor/Repartidor,2130000.0,Aliado comercial,616.0,False,3,iOS,hash_355628,523,2,3,0.0,2.0,3.0,1.0,0.0,0.0,1.0,1.0,904.0,113.0,0.3208780499271635,0,2130000.0,normal
CR000902,CL00817,2025-09-11,Crédito consumo digital,1100000,18,0.0258,77000,App,852,0.0399,Automática,Activo,0,2023-05-22,Bogotá D.C.,Bogotá,36,F,3,Técnico/Tecnólogo,Empleado,1930000.0,Referido,559.0,False,1,iOS,hash_922685,843,9,3,0.0,0.0,3.0,3.0,0.0,2.0,1.0,0.0,1124.0,124.88888888888889,0.4905376227535239,0,1930000.0,normal
CR000903,CL00818,2023-10-03,Crédito libre inversión,2050000,12,0.0226,197000,App,803,0.0929,Automática,Mora moderada,1,2023-06-08,Risaralda,Pereira,45,F,3,Posgrado,Independiente,2120000.0,Referido,522.0,False,3,Android,hash_470719,117,10,1,0.0,0.0,0.0,1.0,0.0,0.0,1.0,0.0,141.0,70.5,0.7767716262221399,1,2120000.0,normal
CR000904,CL00819,2025-10-25,Microcrédito,2200000,9,0.0334,287000,Aliado,807,0.1134,Automática,Activo,0,2024-03-20,Bogotá D.C.,Bogotá,37,M,3,Bachiller,Empleado,2530000.0,Campaña digital,609.0,True,0,iOS,hash_589620,584,10,5,0.0,1.0,2.0,3.0,1.0,1.0,1.0,1.0,1612.0,161.2,0.3900561008807433,0,2530000.0,normal
CR000905,CL00822,2025-07-27,Crédito libre inversión,2200000,6,0.0264,401000,App,900,0.156,Automática,Finalizado,0,2023-07-25,Bogotá D.C.,Bogotá,50,M,3,Bachiller,Independiente,2570000.0,Campaña digital,625.0,True,0,Android,hash_328252,733,7,6,0.0,1.0,5.0,1.0,2.0,4.0,0.0,1.0,1863.0,133.07142857142858,0.3304917433050942,0,2570000.0,normal
CR000906,CL00822,2025-01-29,Crédito consumo digital,1400000,3,0.0234,489000,App,839,0.1903,Automática,Finalizado,0,2023-07-25,Bogotá D.C.,Bogotá,50,M,3,Bachiller,Independiente,2570000.0,Campaña digital,625.0,True,0,Android,hash_328252,554,1,2,0.0,1.0,5.0,1.0,1.0,3.0,0.0,1.0,1639.0,136.58333333333334,0.2449511290751843,0,2570000.0,normal
CR000907,CL00823,2026-03-03,Crédito libre inversión,3050000,6,0.031,565000,App,768,0.3717,Manual,Activo,0,2025-12-16,Santander,Bucaramanga,59,M,3,Universitario,Pensionado,1520000.0,Campaña digital,562.0,True,1,Android,hash_563378,77,3,1,0.0,0.0,0.0,1.0,0.0,1.0,1.0,0.0,279.0,93.0,0.6148948362979272,1,1520000.0,normal
CR000908,CL00824,2026-02-28,Crédito consumo digital,300000,6,0.025,54000,Web,682,0.09,Automática,Activo,0,2024-11-24,Meta,Villavicencio,32,M,1,Posgrado,Desempleado,600000.0,App orgánico,469.0,False,0,iOS,hash_326392,461,2,5,0.0,0.0,5.0,0.0,0.0,1.0,0.0,0.0,736.0,122.66666666666667,0.46291766296087683,0,600000.0,normal
CR000909,CL00825,2025-09-01,Crédito libre inversión,1600000,6,0.0183,284000,Web,816,0.115,Automática,Mora moderada,0,2024-09-02,Antioquia,Medellín,32,F,3,Posgrado,Empleado,2470000.0,App orgánico,514.0,False,0,Android,hash_238148,364,9,0,0.0,0.0,2.0,0.0,0.0,1.0,1.0,1.0,1203.0,240.6,0.5336545875338421,1,2470000.0,normal
CR000910,CL00826,2026-03-10,Crédito libre inversión,4800000,9,0.0188,585000,Web,839,0.3112,Automática,Activo,0,2025-10-31,Bogotá D.C.,Bogotá,51,M,4,Posgrado,Pensionado,1880000.0,App orgánico,594.0,True,1,Android,hash_797499,130,3,1,1.0,3.0,2.0,0.0,0.0,0.0,1.0,0.0,732.0,104.57142857142857,0.3010472998820821,0,1880000.0,normal
CR000911,CL00827,2026-02-08,Crédito consumo digital,4100000,12,0.0332,420000,App,900,0.1029,Automática,Activo,0,2024-10-12,Valle del Cauca,Cali,52,F,2,Bachiller,Empleado,4080000.0,Call center,777.0,False,2,Android,hash_904402,484,2,6,1.0,2.0,2.0,2.0,1.0,2.0,1.0,2.0,2014.0,154.92307692307693,0.17025104043272513,0,4080000.0,normal
CR000912,CL00828,2024-11-13,Crédito consumo digital,1500000,6,0.12,284000,App,896,0.1048,Automática,Mora severa,1,2023-12-19,Valle del Cauca,Cali,31,F,4,Universitario,Independiente,2710000.0,Aliado comercial,494.0,False,2,Web,hash_306337,330,11,2,0.0,0.0,2.0,0.0,0.0,0.0,0.0,1.0,617.0,205.66666666666666,0.74393804386063,1,2710000.0,normal
CR000913,CL00829,2025-09-19,Avance de nómina,250000,9,0.0256,31000,App,780,0.0193,Automática,Activo,0,2023-11-15,Bogotá D.C.,Bogotá,32,F,2,Bachiller,Pensionado,1610000.0,App orgánico,451.0,False,2,Android,hash_316585,674,9,4,0.0,5.0,5.0,2.0,1.0,3.0,2.0,1.0,2235.0,117.63157894736842,0.3105819349419128,0,1610000.0,normal
CR000914,CL00829,2024-06-06,Crédito libre inversión,3000000,6,0.018,532000,Web,619,0.3304,Manual,Mora moderada,1,2023-11-15,Bogotá D.C.,Bogotá,32,F,2,Bachiller,Pensionado,1610000.0,App orgánico,451.0,False,2,Android,hash_316585,204,6,3,0.0,2.0,0.0,1.0,0.0,1.0,1.0,1.0,600.0,100.0,0.7483862239139221,1,1610000.0,normal
CR000915,CL00829,2025-02-17,Crédito consumo digital,1200000,3,0.0328,427000,App,740,0.2652,Automática,Finalizado,0,2023-11-15,Bogotá D.C.,Bogotá,32,F,2,Bachiller,Pensionado,1610000.0,App orgánico,451.0,False,2,Android,hash_316585,460,2,0,0.0,4.0,2.0,1.0,1.0,2.0,1.0,1.0,1371.0,114.25,0.20004188140310272,0,1610000.0,normal
CR000916,CL00830,2026-02-01,Crédito consumo digital,750000,9,0.03,96000,Web,780,0.05,Automática,Activo,0,2024-02-18,Tolima,Ibagué,33,M,2,Posgrado,Empleado,1920000.0,Campaña digital,376.0,True,0,iOS,hash_793431,714,2,6,1.0,0.0,2.0,2.0,0.0,1.0,0.0,1.0,1197.0,171.0,0.3656499025327135,0,1920000.0,normal
CR000917,CL00831,2025-07-02,Crédito libre inversión,6000000,9,0.0273,761000,Aliado,898,0.187,Automática,Finalizado,0,2023-04-27,Norte de Santander,Cúcuta,23,F,1,Bachiller,Empleado,4070000.0,App orgánico,586.0,False,0,iOS,hash_544629,797,7,2,2.0,1.0,4.0,0.0,1.0,2.0,0.0,0.0,1784.0,178.4,0.405501915370107,0,4070000.0,normal
CR000918,CL00832,2024-10-19,Crédito consumo digital,3500000,6,0.0211,627000,Web,810,0.2076,Automática,Finalizado,0,2023-06-23,Norte de Santander,Cúcuta,27,F,3,Técnico/Tecnólogo,Microempresario,3020000.0,App orgánico,605.0,False,3,Android,hash_800924,484,10,5,0.0,0.0,0.0,0.0,0.0,1.0,0.0,1.0,112.0,56.0,0.4281657135431484,0,3020000.0,normal
CR000919,CL00834,2026-03-04,Crédito consumo digital,1250000,24,0.0259,71000,App,781,0.0284,Automática,Activo,0,2025-12-23,Santander,Bucaramanga,28,M,2,Técnico/Tecnólogo,Independiente,2500000.0,Referido,559.0,False,0,Android,hash_224109,71,3,2,0.0,1.0,2.0,2.0,0.0,3.0,0.0,0.0,1492.0,186.5,0.30556761553386835,0,2500000.0,normal
CR000920,CL00834,2026-02-08,Crédito consumo digital,1650000,12,0.028,164000,Aliado,835,1.8,Automática,Activo,0,2025-12-23,Santander,Bucaramanga,28,M,2,Técnico/Tecnólogo,Independiente,2500000.0,Referido,559.0,False,0,Android,hash_224109,47,2,6,0.0,1.0,2.0,1.0,0.0,1.0,0.0,0.0,754.0,150.8,0.5489323116586128,1,2500000.0,normal
CR000921,CL00835,2025-07-20,Crédito libre inversión,2150000,18,0.0263,151000,Aliado,890,0.0637,Automática,Mora moderada,1,2024-08-19,Bogotá D.C.,Bogotá,36,M,3,Sin información,Independiente,2370000.0,Aliado comercial,576.0,False,2,Android,hash_649721,335,7,6,0.0,0.0,2.0,2.0,0.0,2.0,0.0,1.0,977.0,139.57142857142858,0.5558842076194737,1,2370000.0,normal
CR000922,CL00835,2025-07-08,Microcrédito,1900000,9,0.0282,242000,Aliado,885,0.1021,Automática,Finalizado,0,2024-08-19,Bogotá D.C.,Bogotá,36,M,3,Sin información,Independiente,2370000.0,Aliado comercial,576.0,False,2,Android,hash_649721,323,7,1,0.0,0.0,2.0,2.0,0.0,2.0,0.0,1.0,977.0,139.57142857142858,0.5183817996913157,1,2370000.0,normal
CR000923,CL00837,2025-03-07,Microcrédito,2400000,6,0.0427,462000,Web,889,0.211,Automática,Mora moderada,1,2025-01-04,Cundinamarca,Soacha,52,F,2,Bachiller,Independiente,2190000.0,App orgánico,589.0,False,2,iOS,hash_688330,62,3,4,0.0,0.0,0.0,0.0,0.0,0.0,0.0,0.0,0.0,0.0,0.6328658264158787,1,2190000.0,normal
CR000924,CL00838,2024-07-15,Crédito consumo digital,1400000,6,0.0205,250000,Call center,780,0.098,Automática,Mora moderada,1,2024-03-22,Atlántico,Barranquilla,26,F,2,Bachiller,Conductor/Repartidor,2550000.0,App orgánico,517.0,False,2,Android,hash_946801,115,7,0,0.0,1.0,1.0,0.0,0.0,0.0,0.0,0.0,470.0,235.0,0.7027755419444109,1,2550000.0,normal
CR000925,CL00839,2025-01-28,Crédito libre inversión,3450000,6,0.0231,622000,Web,765,0.2603,Automática,Finalizado,0,2024-01-27,Bogotá D.C.,Bogotá,46,M,4,Sin información,Empleado,2390000.0,Aliado comercial,610.0,True,0,Android,hash_174300,367,1,1,0.0,1.0,0.0,0.0,0.0,1.0,0.0,0.0,574.0,287.0,0.30212967591591117,0,2390000.0,normal
CR000926,CL00840,2025-10-08,Avance de nómina,700000,18,0.0257,49000,App,900,0.0196,Automática,Activo,0,2025-07-02,Valle del Cauca,Cali,34,M,2,Bachiller,Empleado,2500000.0,Aliado comercial,517.0,True,0,Android,hash_728422,98,10,2,0.0,0.0,1.0,0.0,1.0,1.0,0.0,0.0,1214.0,404.6666666666667,0.3932453840716943,0,2500000.0,normal
CR000927,CL00841,2025-10-06,Crédito consumo digital,2550000,6,0.0385,484000,App,900,0.072,Automática,Finalizado,0,2025-10-06,Bogotá D.C.,Bogotá,36,F,6,Bachiller,Empleado,6720000.0,App orgánico,841.0,True,0,Android,hash_239648,0,10,0,0.0,0.0,0.0,0.0,0.0,0.0,0.0,0.0,0.0,0.0,0.1795988669082131,0,6720000.0,normal
CR000928,CL00842,2025-05-13,Crédito consumo digital,800000,12,0.0223,77000,App,881,0.03,Automática,Activo,0,2024-08-21,Bogotá D.C.,Bogotá,43,M,4,Técnico/Tecnólogo,Independiente,2570000.0,App orgánico,565.0,False,1,Android,hash_878985,265,5,1,1.0,2.0,3.0,1.0,0.0,0.0,0.0,2.0,2053.0,228.11111111111111,0.4514241974672204,0,2570000.0,normal
CR000929,CL00842,2025-08-09,Crédito consumo digital,1400000,9,0.0311,181000,Call center,833,0.0704,Automática,Activo,0,2024-08-21,Bogotá D.C.,Bogotá,43,M,4,Técnico/Tecnólogo,Independiente,2570000.0,App orgánico,565.0,False,1,Android,hash_878985,353,8,5,1.0,2.0,3.0,1.0,0.0,0.0,0.0,2.0,2053.0,228.11111111111111,0.4264179367866242,0,2570000.0,normal
CR000930,CL00843,2025-10-20,Crédito consumo digital,1150000,3,0.0365,412000,Aliado,715,0.1981,Automática,Finalizado,0,2024-11-12,Bogotá D.C.,Bogotá,25,F,2,Sin información,Empleado,2080000.0,App orgánico,528.0,True,0,iOS,hash_599302,342,10,0,1.0,1.0,2.0,0.0,0.0,2.0,0.0,0.0,1528.0,254.66666666666666,0.27313294125380616,0,2080000.0,normal
CR000931,CL00844,2026-03-02,Microcrédito,2350000,6,0.0293,433000,App,844,0.1933,Automática,Activo,0,2023-12-05,Bogotá D.C.,Bogotá,40,M,1,Sin información,Conductor/Repartidor,2240000.0,Call center,574.0,True,2,Android,hash_351131,818,3,0,0.0,0.0,2.0,0.0,1.0,1.0,0.0,0.0,659.0,164.75,0.39256818625666534,0,2240000.0,normal
CR000932,CL00846,2026-02-03,Crédito consumo digital,800000,3,0.0366,286000,App,854,0.1799,Automática,Activo,0,2025-04-12,Bogotá D.C.,Bogotá,41,F,2,Bachiller,Empleado,1590000.0,Call center,588.0,False,1,Android,hash_525615,297,2,1,1.0,1.0,0.0,0.0,0.0,1.0,1.0,0.0,897.0,224.25,0.15682273593925775,0,1590000.0,normal
CR000933,CL00847,2025-08-11,Crédito libre inversión,3050000,24,0.032,184000,App,791,0.0716,Automática,Mora severa,1,2024-12-05,Antioquia,Medellín,39,F,2,Técnico/Tecnólogo,Comerciante,2570000.0,App orgánico,553.0,False,4,Android,hash_301513,249,8,0,0.0,1.0,2.0,0.0,0.0,1.0,1.0,0.0,1088.0,217.6,0.6739110168311072,1,2570000.0,normal
CR000934,CL00848,2025-06-18,Microcrédito,2150000,12,0.029,215000,Call center,874,0.0837,Automática,Mora moderada,1,2023-01-22,Bogotá D.C.,Bogotá,61,F,4,Universitario,Empleado,2570000.0,Referido,681.0,False,0,Android,hash_802166,878,6,2,0.0,0.0,4.0,0.0,0.0,1.0,1.0,1.0,1126.0,160.85714285714286,0.41231984930384236,0,2570000.0,normal
CR000935,CL00848,2025-06-30,Avance de nómina,450000,3,0.0296,159000,App,851,0.0619,Automática,Finalizado,0,2023-01-22,Bogotá D.C.,Bogotá,61,F,4,Universitario,Empleado,2570000.0,Referido,681.0,False,0,Android,hash_802166,890,6,0,0.0,0.0,4.0,0.0,0.0,1.0,1.0,1.0,1126.0,160.85714285714286,0.22764241551216044,0,2570000.0,normal
CR000936,CL00849,2026-01-29,Crédito libre inversión,1200000,3,0.0333,427000,Aliado,835,0.1959,Automática,Finalizado,0,2025-08-06,Bogotá D.C.,Bogotá,30,M,3,Técnico/Tecnólogo,Independiente,2180000.0,Referido,537.0,False,0,Android,hash_260887,176,1,3,0.0,4.0,1.0,0.0,0.0,0.0,2.0,3.0,1165.0,116.5,0.41728992768814704,0,2180000.0,normal
CR000937,CL00850,2025-05-12,Crédito consumo digital,3450000,6,0.0207,617000,Aliado,804,0.2036,Automática,Finalizado,0,2025-10-09,Bogotá D.C.,Bogotá,31,F,3,Universitario,Empleado,3030000.0,Aliado comercial,590.0,False,0,Android,hash_208345,-150,5,0,0.0,0.0,0.0,0.0,0.0,0.0,0.0,0.0,0.0,0.0,0.537480101604037,1,3030000.0,normal
CR000938,CL00851,2025-06-02,Microcrédito,1550000,6,0.0338,290000,App,826,0.1062,Automática,Mora moderada,1,2023-03-26,Bogotá D.C.,Bogotá,30,F,2,Sin información,Empleado,2730000.0,Campaña digital,513.0,True,0,Android,hash_232316,799,6,0,1.0,2.0,3.0,1.0,0.0,1.0,0.0,1.0,2053.0,228.11111111111111,0.5365303911453955,1,2730000.0,normal
CR000939,CL00852,2025-12-15,Crédito libre inversión,14550000,3,0.0182,5028000,App,900,0.6573,Excepción,Finalizado,0,2025-06-20,Cundinamarca,Soacha,30,F,5,Bachiller,Empleado,7650000.0,Referido,821.0,True,0,Android,hash_814967,178,12,0,0.0,1.0,1.0,0.0,0.0,1.0,0.0,0.0,605.0,201.66666666666666,0.5408809199161475,1,7082400.000000003,outlier_real
CR000940,CL00853,2025-07-12,Crédito consumo digital,750000,6,0.0207,134000,App,824,0.0709,Automática,Finalizado,0,2025-07-15,Cundinamarca,Soacha,30,M,2,Bachiller,Independiente,1890000.0,App orgánico,567.0,True,1,iOS,hash_892976,-3,7,5,0.0,0.0,0.0,0.0,0.0,0.0,0.0,0.0,0.0,0.0,0.5311464330576254,1,1890000.0,normal
CR000941,CL00854,2025-10-26,Crédito consumo digital,400000,12,0.0208,38000,Call center,834,0.0215,Automática,Activo,0,2024-04-11,Bolívar,Cartagena,48,F,3,Sin información,Pensionado,1770000.0,Campaña digital,561.0,True,2,Android,hash_859510,563,10,6,0.0,2.0,2.0,1.0,1.0,0.0,1.0,1.0,1204.0,150.5,0.36679236260123754,0,1770000.0,normal
CR000942,CL00855,2025-12-01,Desconocido,1050000,9,0.0274,133000,Web,900,0.0518,Automática,Activo,0,2025-05-31,Norte de Santander,Cúcuta,50,M,6,Bachiller,Empleado,2570000.0,Aliado comercial,715.0,False,0,Web,hash_892332,184,12,0,0.0,4.0,3.0,0.0,0.0,0.0,0.0,0.0,1251.0,178.71428571428572,0.11082465553840515,0,2570000.0,normal
CR000943,CL00857,2025-12-18,Microcrédito,1500000,6,0.03,277000,App,716,0.172,Automática,Mora moderada,1,2025-12-19,Bogotá D.C.,Bogotá,28,M,3,Sin información,Independiente,1610000.0,Campaña digital,496.0,False,0,Android,hash_228773,-1,12,3,0.0,0.0,0.0,0.0,0.0,0.0,0.0,0.0,0.0,0.0,0.827944517579316,1,1610000.0,normal
CR000944,CL00859,2025-02-06,Avance de nómina,3750000,6,0.0303,693000,Aliado,900,0.1006,Automática,Finalizado,0,2024-12-26,Antioquia,Medellín,30,F,4,Bachiller,Empleado,6890000.0,App orgánico,778.0,True,1,Android,hash_782083,42,2,3,0.0,1.0,0.0,1.0,0.0,0.0,0.0,0.0,359.0,179.5,0.2102241813447218,0,6890000.0,normal
CR000945,CL00861,2024-02-16,Crédito consumo digital,1250000,24,0.0217,67000,Web,578,0.0295,Manual,Mora moderada,1,2023-12-18,Bogotá D.C.,Bogotá,38,M,3,Bachiller,Pensionado,2270000.0,App orgánico,588.0,False,0,Web,hash_495037,60,2,4,0.0,0.0,1.0,0.0,0.0,0.0,0.0,0.0,209.0,209.0,0.6514352012122681,1,2270000.0,normal
CR000946,CL00862,2025-12-02,Microcrédito,1700000,6,0.0385,323000,Web,900,0.0907,Automática,Activo,0,2024-06-27,Santander,Bucaramanga,21,M,2,Bachiller,Comerciante,3560000.0,Referido,705.0,False,1,Android,hash_637426,523,12,1,0.0,1.0,1.0,2.0,0.0,2.0,0.0,0.0,1150.0,191.66666666666666,0.3085963520573765,0,3560000.0,normal
CR000947,CL00863,2024-06-27,Crédito consumo digital,1750000,12,0.0308,177000,App,861,0.0734,Automática,Finalizado,0,2023-10-17,Norte de Santander,Cúcuta,51,F,3,Bachiller,Empleado,2410000.0,Referido,674.0,False,1,iOS,hash_591592,254,6,3,0.0,1.0,0.0,0.0,0.0,2.0,0.0,1.0,1061.0,265.25,0.22398246002105407,0,2410000.0,normal
CR000948,CL00864,2026-03-21,Crédito consumo digital,1650000,6,0.0222,297000,Web,831,0.0762,Automática,Activo,0,2025-12-19,Bogotá D.C.,Bogotá,54,F,1,Bachiller,Empleado,3900000.0,Campaña digital,583.0,False,2,Android,hash_549158,92,3,5,0.0,4.0,4.0,3.0,0.0,0.0,0.0,1.0,2187.0,182.25,0.0814341617075101,0,3900000.0,normal
CR000949,CL00865,2026-03-31,Crédito consumo digital,500000,9,0.0384,67000,App,660,0.0482,Automática,Activo,0,2024-09-10,Risaralda,Pereira,30,M,3,Técnico/Tecnólogo,Desempleado,1390000.0,Aliado comercial,495.0,True,1,Android,hash_730734,567,3,1,0.0,3.0,2.0,0.0,0.0,0.0,0.0,0.0,924.0,184.8,0.444781195384946,0,1390000.0,normal
CR000950,CL00866,2025-05-01,Crédito consumo digital,1400000,9,0.024,175000,App,873,0.0681,Automática,Finalizado,0,2024-04-03,Tolima,Ibagué,32,M,3,Bachiller,Empleado,2570000.0,Aliado comercial,594.0,False,0,Android,hash_534171,393,5,3,0.0,3.0,2.0,1.0,0.0,0.0,1.0,0.0,1328.0,189.71428571428572,0.30557311809235566,0,2570000.0,normal
CR000951,CL00868,2026-03-03,Microcrédito,1500000,9,0.0427,204000,Aliado,861,0.0662,Automática,Activo,0,2024-12-27,Antioquia,Medellín,39,F,4,Bachiller,Empleado,3080000.0,Campaña digital,587.0,True,0,Android,hash_738100,431,3,1,0.0,2.0,1.0,0.0,0.0,0.0,0.0,1.0,415.0,103.75,0.2849294698794327,0,3080000.0,normal
CR000952,CL00869,2025-08-10,Crédito consumo digital,2400000,18,0.0388,188000,App,805,0.1279,Automática,Mora moderada,1,2025-07-16,Bogotá D.C.,Bogotá,43,F,2,Bachiller,Independiente,1470000.0,App orgánico,473.0,True,1,Android,hash_459523,25,8,6,0.0,0.0,0.0,0.0,0.0,0.0,1.0,0.0,218.0,218.0,0.8561606306902501,1,1470000.0,normal
CR000953,CL00870,2025-01-12,Microcrédito,2600000,9,0.0418,353000,App,847,0.1374,Automática,Mora moderada,1,2023-08-05,Santander,Bucaramanga,56,M,3,Técnico/Tecnólogo,Conductor/Repartidor,2570000.0,App orgánico,547.0,True,2,Android,hash_501365,526,1,6,0.0,1.0,1.0,1.0,0.0,3.0,2.0,0.0,1506.0,188.25,0.545000217496213,1,2570000.0,normal
CR000954,CL00870,2024-04-24,Microcrédito,1700000,6,0.045,330000,App,788,0.1284,Automática,Finalizado,0,2023-08-05,Santander,Bucaramanga,56,M,3,Técnico/Tecnólogo,Conductor/Repartidor,2570000.0,App orgánico,547.0,True,2,Android,hash_501365,263,4,2,0.0,1.0,1.0,0.0,0.0,3.0,1.0,0.0,1205.0,200.83333333333334,0.5391060781097953,1,2570000.0,normal
CR000955,CL00871,2023-09-19,Crédito libre inversión,3600000,18,0.0325,267000,App,822,0.1658,Automática,Finalizado,0,2023-05-19,Antioquia,Medellín,34,M,3,Bachiller,Empleado,1610000.0,Campaña digital,611.0,False,1,Android,hash_106798,123,9,1,0.0,0.0,2.0,0.0,0.0,0.0,0.0,0.0,239.0,119.5,0.5347694633697969,1,1610000.0,normal
CR000956,CL00873,2025-12-14,Crédito consumo digital,2600000,6,0.0313,482000,App,845,0.1535,Automática,Mora severa,1,2024-11-12,Bogotá D.C.,Bogotá,22,M,3,Bachiller,Empleado,3140000.0,Referido,551.0,True,0,iOS,hash_767550,397,12,6,0.0,1.0,2.0,1.0,0.0,0.0,0.0,0.0,555.0,138.75,0.5127029124761794,1,3140000.0,normal
CR000957,CL00874,2025-05-22,Crédito consumo digital,3700000,6,0.0268,676000,Web,900,0.1653,Automática,Finalizado,0,2024-11-07,Santander,Bucaramanga,29,F,5,Sin información,Microempresario,4090000.0,Campaña digital,716.0,False,1,Android,hash_805126,196,5,3,0.0,0.0,1.0,0.0,0.0,0.0,0.0,0.0,443.0,443.0,0.2804784646040559,0,4090000.0,normal
CR000958,CL00876,2025-09-04,Avance de nómina,1000000,12,0.0282,99000,App,887,0.0304,Automática,Activo,0,2025-04-18,Risaralda,Pereira,54,M,3,Universitario,Conductor/Repartidor,3260000.0,Campaña digital,605.0,False,3,Web,hash_634328,139,9,3,1.0,1.0,1.0,1.0,0.0,0.0,0.0,1.0,884.0,176.8,0.2833061001183922,0,3260000.0,normal
CR000959,CL00876,2025-10-28,Microcrédito,3950000,18,0.0349,299000,App,876,0.0917,Automática,Activo,0,2025-04-18,Risaralda,Pereira,54,M,3,Universitario,Conductor/Repartidor,3260000.0,Campaña digital,605.0,False,3,Web,hash_634328,193,10,1,1.0,1.0,1.0,2.0,0.0,0.0,0.0,1.0,938.0,156.33333333333334,0.40825266708669417,0,3260000.0,normal
CR000960,CL00877,2025-11-13,Crédito consumo digital,950000,6,0.0234,172000,App,748,0.1623,Automática,Mora moderada,1,2026-01-18,Bogotá D.C.,Bogotá,31,F,1,Bachiller,Pensionado,1060000.0,Campaña digital,498.0,False,4,Android,hash_609090,-66,11,3,0.0,0.0,0.0,0.0,0.0,0.0,0.0,0.0,0.0,0.0,0.7492968095595821,1,1060000.0,normal
CR000961,CL00877,2025-07-10,Crédito consumo digital,650000,12,0.0331,67000,App,811,0.0632,Automática,Activo,0,2026-01-18,Bogotá D.C.,Bogotá,31,F,1,Bachiller,Pensionado,1060000.0,Campaña digital,498.0,False,4,Android,hash_609090,-192,7,3,0.0,0.0,0.0,0.0,0.0,0.0,0.0,0.0,0.0,0.0,0.6893355827125334,1,1060000.0,normal
CR000962,CL00878,2025-05-07,Crédito consumo digital,400000,6,0.0285,73000,App,819,0.0408,Automática,Finalizado,0,2023-07-18,Santander,Bucaramanga,38,F,3,Bachiller,Estudiante,1790000.0,Campaña digital,594.0,True,3,Web,hash_371698,659,5,2,0.0,0.0,0.0,1.0,1.0,1.0,1.0,0.0,829.0,207.25,0.5166638108807562,1,1790000.0,normal
CR000963,CL00879,2025-03-20,Microcrédito,2350000,6,0.035,441000,App,893,0.1267,Automática,Finalizado,0,2024-04-06,Atlántico,Barranquilla,36,M,4,Posgrado,Empleado,3480000.0,App orgánico,704.0,True,1,Android,hash_510685,348,3,3,0.0,1.0,2.0,0.0,0.0,1.0,0.0,0.0,437.0,109.25,0.28425757757787906,0,3480000.0,normal
CR000964,CL00879,2025-04-19,Crédito consumo digital,1800000,18,0.0385,140000,App,900,0.0402,Automática,Activo,0,2024-04-06,Atlántico,Barranquilla,36,M,4,Posgrado,Empleado,3480000.0,App orgánico,704.0,True,1,Android,hash_510685,378,4,5,0.0,1.0,2.0,0.0,0.0,1.0,0.0,0.0,437.0,109.25,0.1677003962828091,0,3480000.0,normal
CR000965,CL00881,2025-10-16,Microcrédito,950000,9,0.0431,130000,App,810,0.0605,Automática,Activo,0,2026-01-14,Cundinamarca,Soacha,61,F,4,Posgrado,Independiente,2150000.0,Referido,676.0,False,1,Android,hash_204448,-90,10,3,0.0,0.0,0.0,0.0,0.0,0.0,0.0,0.0,0.0,0.0,0.3004075660583289,0,2150000.0,normal
CR000966,CL00882,2024-12-23,Crédito consumo digital,2500000,6,0.0329,466000,App,900,0.1043,Automática,Finalizado,0,2023-05-20,Bogotá D.C.,Bogotá,31,M,2,Universitario,Empleado,4470000.0,Campaña digital,633.0,False,1,Android,hash_648349,583,12,0,0.0,0.0,1.0,2.0,0.0,1.0,0.0,0.0,843.0,210.75,0.354792726746607,0,4470000.0,normal
CR000967,CL00883,2025-03-30,Crédito consumo digital,400000,24,0.0267,23000,App,722,0.0365,Automática,Mora severa,1,2023-07-26,Antioquia,Medellín,31,F,3,Bachiller,Desempleado,630000.0,Campaña digital,408.0,False,2,Android,hash_132882,613,3,6,0.0,0.0,2.0,1.0,0.0,0.0,1.0,0.0,456.0,114.0,0.742324830916572,1,630000.0,normal
CR000968,CL00884,2025-08-20,Microcrédito,10450000,12,0.0259,1025000,Aliado,867,0.1795,Automática,Activo,0,2023-05-29,Santander,Bucaramanga,46,M,2,Posgrado,Empleado,5710000.0,Campaña digital,685.0,False,1,Android,hash_508039,814,8,2,1.0,2.0,2.0,0.0,0.0,2.0,0.0,0.0,1582.0,226.0,0.202147249234382,0,5710000.0,normal
CR000969,CL00886,2025-12-17,Crédito consumo digital,1100000,6,0.0297,203000,App,794,0.1586,Automática,Activo,0,2025-09-27,Antioquia,Medellín,54,F,4,Técnico/Tecnólogo,Estudiante,1280000.0,Referido,642.0,True,0,Web,hash_778627,81,12,2,0.0,0.0,1.0,0.0,0.0,1.0,1.0,0.0,708.0,236.0,0.27269385065517526,0,1280000.0,normal
CR000970,CL00887,2026-01-27,Crédito consumo digital,950000,12,0.0375,100000,App,817,0.0439,Automática,Activo,0,2026-01-03,Bogotá D.C.,Bogotá,42,F,2,Bachiller,Empleado,2280000.0,Referido,520.0,True,1,Web,hash_561003,24,1,1,0.0,0.0,2.0,0.0,0.0,1.0,1.0,0.0,909.0,227.25,0.3559704063946855,0,2280000.0,normal
CR000971,CL00889,2025-01-02,Crédito consumo digital,3150000,12,0.0231,304000,App,785,0.1126,Automática,Mora severa,1,2023-07-20,Santander,Bucaramanga,42,M,3,Bachiller,Conductor/Repartidor,2700000.0,Campaña digital,620.0,False,0,Android,hash_957263,532,1,3,0.0,1.0,3.0,0.0,0.0,1.0,0.0,2.0,1744.0,249.14285714285714,0.39504444662837884,0,2700000.0,normal
CR000972,CL00890,2025-02-10,Crédito consumo digital,1450000,12,0.0302,146000,Web,548,0.0664,Manual,Finalizado,0,2024-07-10,Cundinamarca,Soacha,47,F,3,Universitario,Microempresario,2200000.0,Campaña digital,588.0,False,3,Android,hash_954127,215,2,0,0.0,0.0,1.0,1.0,0.0,1.0,0.0,0.0,552.0,184.0,0.3102017671274636,0,2200000.0,normal
CR000973,CL00890,2025-12-16,Crédito consumo digital,1250000,9,0.0246,157000,App,528,0.0714,Excepción,Activo,0,2024-07-10,Cundinamarca,Soacha,47,F,3,Universitario,Microempresario,2200000.0,Campaña digital,588.0,False,3,Android,hash_954127,524,12,1,0.0,1.0,3.0,2.0,0.0,2.0,2.0,2.0,1573.0,131.08333333333334,0.36337658206214457,0,2200000.0,normal
CR000974,CL00891,2024-08-22,Avance de nómina,1000000,6,0.0233,181000,Call center,831,0.0675,Automática,Mora moderada,1,2023-04-23,Bogotá D.C.,Bogotá,44,M,2,Bachiller,Comerciante,2680000.0,App orgánico,637.0,False,2,Android,hash_689759,487,8,3,0.0,0.0,1.0,1.0,0.0,2.0,0.0,0.0,794.0,198.5,0.44395952513662335,0,2680000.0,normal
CR000975,CL00891,2024-12-24,Crédito consumo digital,800000,12,0.0322,81000,App,830,0.0302,Automática,Finalizado,0,2023-04-23,Bogotá D.C.,Bogotá,44,M,2,Bachiller,Comerciante,2680000.0,App orgánico,637.0,False,2,Android,hash_689759,611,12,1,0.0,0.0,1.0,1.0,0.0,3.0,0.0,0.0,868.0,173.6,0.3335826107832081,0,2680000.0,normal
CR000976,CL00892,2026-03-31,Crédito consumo digital,1100000,6,0.0275,201000,App,856,0.0782,Automática,Activo,0,2025-03-26,Bolívar,Cartagena,41,M,3,Sin información,Empleado,2570000.0,App orgánico,601.0,False,1,Android,hash_513869,370,3,1,0.0,3.0,5.0,0.0,1.0,2.0,1.0,0.0,2413.0,201.08333333333334,0.16482211585358242,0,2570000.0,normal
CR000977,CL00892,2025-08-31,Crédito libre inversión,5150000,6,0.0202,920000,App,767,0.358,Manual,Mora moderada,1,2025-03-26,Bolívar,Cartagena,41,M,3,Sin información,Empleado,2570000.0,App orgánico,601.0,False,1,Android,hash_513869,158,8,6,0.0,0.0,2.0,0.0,1.0,2.0,0.0,0.0,1077.0,215.4,0.6046749897440717,1,2570000.0,normal
CR000978,CL00893,2025-10-05,Crédito consumo digital,2600000,6,0.035,488000,Aliado,622,0.2346,Automática,Finalizado,0,2025-06-19,Atlántico,Barranquilla,47,F,1,Sin información,Empleado,2080000.0,Aliado comercial,588.0,True,3,iOS,hash_240017,108,10,6,0.0,1.0,0.0,1.0,0.0,0.0,1.0,1.0,530.0,132.5,0.40113320449011514,0,2080000.0,normal
CR000979,CL00893,2026-03-07,Crédito libre inversión,1250000,12,0.0244,121000,App,599,0.0582,Manual,Activo,0,2025-06-19,Atlántico,Barranquilla,47,F,1,Sin información,Empleado,2080000.0,Aliado comercial,588.0,True,3,iOS,hash_240017,261,3,5,0.0,3.0,1.0,1.0,2.0,1.0,2.0,1.0,1128.0,102.54545454545455,0.3141294545205251,0,2080000.0,normal
CR000980,CL00895,2025-07-28,Crédito libre inversión,3850000,9,0.0242,481000,App,900,0.0962,Automática,Finalizado,0,2025-12-25,Caldas,Manizales,50,M,1,Técnico/Tecnólogo,Empleado,5000000.0,Referido,673.0,True,0,iOS,hash_146972,-150,7,0,0.0,0.0,0.0,0.0,0.0,0.0,0.0,0.0,0.0,0.0,0.2702465902765631,0,5000000.0,normal
CR000981,CL00896,2025-06-29,Crédito consumo digital,900000,12,0.0354,93000,Web,860,0.0363,Automática,Mora moderada,0,2025-08-17,Caldas,Manizales,42,M,1,Universitario,Empleado,2560000.0,App orgánico,591.0,False,4,Android,hash_920677,-49,6,6,0.0,0.0,0.0,0.0,0.0,0.0,0.0,0.0,0.0,0.0,0.42626132376885983,0,2560000.0,normal
CR000982,CL00897,2025-09-13,Microcrédito,1800000,12,0.0392,191000,App,744,0.1308,Automática,Mora severa,1,2024-02-21,Valle del Cauca,Cali,34,F,1,Bachiller,Conductor/Repartidor,1460000.0,Campaña digital,495.0,True,1,Android,hash_943882,570,9,5,0.0,1.0,3.0,3.0,0.0,0.0,1.0,0.0,941.0,117.625,0.7532933554385195,1,1460000.0,normal
CR000983,CL00898,2025-09-04,Crédito consumo digital,1800000,12,0.027,178000,App,831,0.1369,Automática,Activo,0,2025-07-17,Tolima,Ibagué,37,M,1,Bachiller,Conductor/Repartidor,1300000.0,App orgánico,446.0,False,1,iOS,hash_315523,49,9,3,0.0,0.0,0.0,0.0,0.0,0.0,0.0,0.0,0.0,0.0,0.7975537688293342,1,1300000.0,normal
CR000984,CL00900,2025-04-26,Microcrédito,5800000,6,0.0307,1073000,Call center,529,0.3989,Excepción,Finalizado,0,2024-05-03,Bogotá D.C.,Bogotá,28,F,2,Universitario,Empleado,2690000.0,Referido,588.0,False,1,Android,hash_448787,358,4,5,1.0,1.0,3.0,1.0,1.0,3.0,0.0,1.0,1792.0,162.9090909090909,0.46165576166464256,0,2690000.0,normal
CR000985,CL00900,2024-06-23,Microcrédito,2800000,12,0.0251,273000,App,617,0.1015,Manual,Finalizado,0,2024-05-03,Bogotá D.C.,Bogotá,28,F,2,Universitario,Empleado,2690000.0,Referido,588.0,False,1,Android,hash_448787,51,6,6,0.0,0.0,2.0,0.0,0.0,0.0,0.0,0.0,524.0,262.0,0.5446745958756476,1,2690000.0,normal
CR000986,CL00900,2025-04-09,Crédito consumo digital,700000,9,0.0226,87000,App,634,0.0323,Automática,Finalizado,0,2024-05-03,Bogotá D.C.,Bogotá,28,F,2,Universitario,Empleado,2690000.0,Referido,588.0,False,1,Android,hash_448787,341,4,2,1.0,1.0,3.0,1.0,1.0,3.0,0.0,1.0,1792.0,162.9090909090909,0.43968289937499266,0,2690000.0,normal
CR000987,CL00904,2025-06-21,Microcrédito,650000,6,0.0311,120000,Aliado,801,0.0774,Automática,Mora moderada,1,2023-08-27,Cundinamarca,Soacha,49,M,1,Posgrado,Independiente,1550000.0,Campaña digital,621.0,False,1,Android,hash_652766,664,6,5,0.0,1.0,2.0,2.0,1.0,0.0,1.0,0.0,1439.0,205.57142857142858,0.3046411948450301,0,1550000.0,normal
CR000988,CL00905,2025-07-17,Crédito consumo digital,650000,18,0.0305,47000,Web,815,0.0214,Automática,Mora severa,1,2025-09-04,Valle del Cauca,Cali,38,M,2,Sin información,Empleado,2200000.0,Aliado comercial,571.0,True,1,iOS,hash_887600,-49,7,3,0.0,0.0,0.0,0.0,0.0,0.0,0.0,0.0,0.0,0.0,0.5982142015203988,1,2200000.0,normal
CR000989,CL00906,2024-11-08,Crédito consumo digital,3150000,12,0.0208,299000,Web,889,0.0845,Automática,Mora moderada,1,2024-05-20,Bogotá D.C.,Bogotá,36,M,6,Bachiller,Conductor/Repartidor,3540000.0,App orgánico,712.0,False,0,Android,hash_446336,172,11,4,1.0,1.0,3.0,0.0,0.0,0.0,0.0,0.0,894.0,178.8,0.5060928611596421,1,3540000.0,normal
CR000990,CL00907,2025-05-22,Microcrédito,2800000,6,0.0448,543000,App,793,0.1655,Automática,Mora moderada,1,2024-07-10,Bogotá D.C.,Bogotá,22,F,2,Sin información,Empleado,3280000.0,Campaña digital,603.0,False,0,Android,hash_203691,316,5,3,0.0,4.0,0.0,0.0,1.0,0.0,0.0,0.0,1191.0,238.2,0.2972688779466548,0,3280000.0,normal
CR000991,CL00908,2025-09-09,Crédito consumo digital,1250000,9,0.0243,156000,Aliado,856,0.0681,Automática,Activo,0,2024-10-14,Santander,Bucaramanga,43,M,4,Posgrado,Independiente,2290000.0,Referido,534.0,False,3,Android,hash_148544,330,9,1,0.0,1.0,0.0,1.0,0.0,1.0,0.0,1.0,231.0,57.75,0.6381983193063765,1,2290000.0,normal
CR000992,CL00908,2026-01-26,Crédito consumo digital,1200000,6,0.0292,221000,App,845,0.0965,Automática,Activo,0,2024-10-14,Santander,Bucaramanga,43,M,4,Posgrado,Independiente,2290000.0,Referido,534.0,False,3,Android,hash_148544,469,1,0,0.0,2.0,4.0,1.0,1.0,1.0,1.0,1.0,840.0,76.36363636363636,0.2981491675784483,0,2290000.0,normal
CR000993,CL00909,2023-11-28,Crédito consumo digital,1250000,12,0.0214,119000,Web,753,0.0721,Automática,Finalizado,0,2023-11-07,Bogotá D.C.,Bogotá,42,M,1,Bachiller,Microempresario,1650000.0,Campaña digital,603.0,False,0,Android,hash_318865,21,11,1,0.0,0.0,0.0,0.0,0.0,0.0,0.0,0.0,0.0,0.0,0.6192057007244561,1,1650000.0,normal
CR000994,CL00909,2026-01-26,Microcrédito,1850000,6,0.0323,344000,App,799,0.2085,Automática,Activo,0,2023-11-07,Bogotá D.C.,Bogotá,42,M,1,Bachiller,Microempresario,1650000.0,Campaña digital,603.0,False,0,Android,hash_318865,811,1,0,2.0,3.0,1.0,1.0,1.0,3.0,0.0,1.0,1695.0,141.25,0.2953765389044399,0,1650000.0,normal
CR000995,CL00911,2025-05-21,Crédito consumo digital,1800000,12,0.0382,190000,Aliado,850,0.0696,Automática,Activo,0,2025-03-08,Antioquia,Medellín,33,F,3,Sin información,Conductor/Repartidor,2730000.0,Aliado comercial,605.0,False,1,Android,hash_702565,74,5,2,0.0,0.0,2.0,1.0,0.0,0.0,1.0,0.0,1001.0,250.25,0.4137656446102761,0,2730000.0,normal
CR000996,CL00912,2025-07-09,Microcrédito,1750000,6,0.0266,319000,App,779,0.106,Automática,Finalizado,0,2025-05-14,Antioquia,Medellín,38,F,2,Universitario,Empleado,3010000.0,App orgánico,586.0,True,0,iOS,hash_515651,56,7,2,0.0,1.0,0.0,0.0,0.0,0.0,0.0,0.0,170.0,170.0,0.5419514597644717,1,3010000.0,normal
CR000997,CL00912,2025-09-10,Microcrédito,2900000,3,0.0362,1037000,App,813,0.3445,Automática,Finalizado,0,2025-05-14,Antioquia,Medellín,38,F,2,Universitario,Empleado,3010000.0,App orgánico,586.0,True,0,iOS,hash_515651,119,9,2,0.0,1.0,1.0,0.0,0.0,0.0,0.0,0.0,469.0,234.5,0.3411547795205185,0,3010000.0,normal
CR000998,CL00913,2025-09-22,Crédito consumo digital,550000,9,0.0335,72000,Aliado,785,0.059,Automática,Mora moderada,1,2025-09-01,Bogotá D.C.,Bogotá,38,M,1,Técnico/Tecnólogo,Independiente,1220000.0,App orgánico,572.0,False,2,Web,hash_469517,21,9,0,0.0,0.0,0.0,0.0,0.0,0.0,0.0,0.0,0.0,0.0,0.6264084037725619,1,1220000.0,normal
CR000999,CL00914,2026-03-26,Crédito libre inversión,1650000,12,0.0277,163000,App,821,0.0634,Automática,Activo,0,2025-01-30,Bogotá D.C.,Bogotá,52,F,3,Bachiller,Microempresario,2570000.0,Campaña digital,589.0,False,0,Android,hash_874245,420,3,3,1.0,3.0,0.0,0.0,1.0,2.0,0.0,0.0,700.0,100.0,0.23473183054221805,0,2570000.0,normal
CR001000,CL00915,2025-08-03,Microcrédito,1400000,6,0.0285,257000,App,768,0.1272,Automática,Finalizado,0,2025-03-27,Antioquia,Medellín,35,F,2,Técnico/Tecnólogo,Comerciante,2020000.0,App orgánico,470.0,False,0,Android,hash_184269,129,8,6,0.0,0.0,0.0,1.0,0.0,0.0,0.0,0.0,55.0,55.0,0.7960559737962716,1,2020000.0,normal
CR001001,CL00916,2025-02-19,Crédito consumo digital,1500000,24,0.0202,80000,Web,882,0.0233,Automática,Activo,0,2023-02-14,Antioquia,Medellín,39,F,5,Técnico/Tecnólogo,Empleado,3440000.0,Campaña digital,742.0,True,2,Android,hash_594614,736,2,2,1.0,3.0,1.0,0.0,0.0,0.0,0.0,1.0,760.0,126.66666666666667,0.1653381794890241,0,3440000.0,normal
CR001002,CL00917,2026-01-03,Crédito consumo digital,1100000,24,0.0385,71000,Aliado,900,0.0216,Automática,Activo,0,2025-09-07,Tolima,Ibagué,42,M,5,Bachiller,Pensionado,3280000.0,App orgánico,768.0,False,1,Android,hash_951081,118,1,5,0.0,0.0,3.0,2.0,0.0,0.0,1.0,3.0,1163.0,129.22222222222223,0.1262665413577964,0,3280000.0,normal
CR001003,CL00917,2025-08-23,Crédito consumo digital,1500000,6,0.0278,275000,Aliado,900,0.0838,Automática,Mora moderada,1,2025-09-07,Tolima,Ibagué,42,M,5,Bachiller,Pensionado,3280000.0,App orgánico,768.0,False,1,Android,hash_951081,-15,8,5,0.0,0.0,0.0,0.0,0.0,0.0,0.0,0.0,0.0,0.0,0.3151377159931043,0,3280000.0,normal
CR001004,CL00918,2024-10-15,Avance de nómina,1150000,3,0.03,407000,Web,900,0.0604,Automática,Finalizado,0,2023-11-05,Antioquia,Medellín,38,M,3,Técnico/Tecnólogo,Empleado,6740000.0,Campaña digital,642.0,False,0,Android,hash_934175,345,10,1,0.0,0.0,0.0,0.0,0.0,0.0,0.0,1.0,292.0,292.0,0.15104438658292893,0,6740000.0,normal
CR001005,CL00919,2024-12-12,Microcrédito,1150000,6,0.0365,217000,App,799,0.0844,Automática,Finalizado,0,2024-11-06,Valle del Cauca,Cali,32,F,3,Técnico/Tecnólogo,Comerciante,2570000.0,Referido,573.0,False,1,Android,hash_978174,36,12,3,0.0,0.0,0.0,0.0,0.0,0.0,0.0,0.0,0.0,0.0,0.5913997368889403,1,2570000.0,normal
CR001006,CL00919,2025-10-07,Avance de nómina,950000,18,0.0296,69000,App,816,0.0268,Automática,Mora severa,1,2024-11-06,Valle del Cauca,Cali,32,F,3,Técnico/Tecnólogo,Comerciante,2570000.0,Referido,573.0,False,1,Android,hash_978174,335,10,1,1.0,1.0,2.0,0.0,0.0,0.0,0.0,0.0,567.0,141.75,0.5313192544768089,1,2570000.0,normal
CR001007,CL00920,2024-08-24,Crédito consumo digital,1500000,9,0.0365,199000,Web,900,0.057,Automática,Finalizado,0,2023-11-17,Bogotá D.C.,Bogotá,38,M,4,Universitario,Empleado,3490000.0,App orgánico,712.0,True,1,iOS,hash_455281,281,8,5,0.0,1.0,1.0,0.0,0.0,2.0,0.0,0.0,935.0,233.75,0.17594127749175986,0,3490000.0,normal
CR001008,CL00921,2026-02-02,Crédito consumo digital,1300000,9,0.0302,167000,App,768,0.0746,Automática,Activo,0,2023-09-20,Meta,Villavicencio,47,M,2,Técnico/Tecnólogo,Comerciante,2240000.0,Campaña digital,526.0,False,1,iOS,hash_473555,866,2,0,0.0,3.0,4.0,1.0,2.0,2.0,0.0,1.0,1584.0,121.84615384615384,0.28175040885606045,0,2240000.0,normal
CR001009,CL00921,2025-04-12,Crédito consumo digital,1650000,9,0.033,215000,Call center,885,0.096,Automática,Finalizado,0,2023-09-20,Meta,Villavicencio,47,M,2,Técnico/Tecnólogo,Comerciante,2240000.0,Campaña digital,526.0,False,1,iOS,hash_473555,570,4,5,0.0,1.0,3.0,1.0,2.0,2.0,0.0,1.0,1199.0,119.9,0.4620681189859661,0,2240000.0,normal
CR001010,CL00923,2024-02-03,Crédito libre inversión,4250000,6,0.0307,786000,Aliado,772,0.2265,Automática,Finalizado,0,2023-05-18,Valle del Cauca,Cali,37,F,4,Sin información,Empleado,3470000.0,Referido,557.0,False,0,iOS,hash_411295,261,2,5,1.0,1.0,1.0,0.0,0.0,0.0,0.0,0.0,539.0,179.66666666666666,0.49017741260973857,0,3470000.0,normal
CR001011,CL00925,2025-11-20,Crédito consumo digital,800000,9,0.025,100000,App,900,0.0356,Automática,Activo,0,2025-02-04,Santander,Bucaramanga,48,M,2,Bachiller,Empleado,2810000.0,Referido,713.0,True,1,Android,hash_357391,289,11,3,0.0,1.0,1.0,0.0,0.0,0.0,0.0,0.0,337.0,168.5,0.23186739953652888,0,2810000.0,normal
CR001012,CL00927,2026-03-06,Crédito libre inversión,5650000,12,0.0184,529000,Aliado,794,0.2727,Automática,Activo,0,2025-04-18,Valle del Cauca,Cali,30,F,3,Bachiller,Conductor/Repartidor,1940000.0,App orgánico,565.0,True,3,iOS,hash_888637,322,3,4,0.0,3.0,0.0,0.0,0.0,1.0,2.0,1.0,1213.0,173.28571428571428,0.43909888331738434,0,1940000.0,normal
CR001013,CL00928,2024-02-10,Crédito consumo digital,600000,12,0.0322,61000,App,712,0.0526,Automática,Mora moderada,1,2023-04-08,Bogotá D.C.,Bogotá,40,M,2,Bachiller,Independiente,1160000.0,Aliado comercial,459.0,False,0,iOS,hash_823040,308,2,5,0.0,0.0,0.0,0.0,0.0,0.0,0.0,0.0,0.0,0.0,0.8487985308831255,1,1160000.0,normal
CR001014,CL00929,2026-01-27,Crédito libre inversión,1500000,9,0.0289,192000,Web,723,0.1433,Automática,Activo,0,2025-06-15,Cundinamarca,Soacha,52,M,3,Bachiller,Empleado,1340000.0,App orgánico,531.0,False,1,Android,hash_389707,226,1,1,0.0,5.0,3.0,1.0,0.0,1.0,0.0,1.0,1515.0,137.72727272727272,0.2924707189933413,0,1340000.0,normal
CR001015,CL00930,2025-10-20,Crédito consumo digital,1600000,12,0.035,166000,Aliado,801,0.1129,Automática,Activo,0,2025-01-28,Risaralda,Pereira,35,F,1,Bachiller,Empleado,1470000.0,Referido,532.0,True,2,Android,hash_881345,265,10,0,0.0,0.0,0.0,0.0,0.0,0.0,1.0,0.0,120.0,120.0,0.5618162655321521,1,1470000.0,normal
CR001016,CL00931,2025-10-09,Microcrédito,1400000,6,0.0346,262000,App,771,0.1489,Automática,Mora moderada,1,2025-02-28,Valle del Cauca,Cali,30,M,1,Técnico/Tecnólogo,Independiente,1760000.0,Aliado comercial,505.0,True,2,Android,hash_640856,223,10,3,0.0,0.0,1.0,1.0,1.0,2.0,1.0,0.0,756.0,126.0,0.6640656032889831,1,1760000.0,normal
CR001017,CL00932,2026-03-16,Crédito libre inversión,3950000,12,0.0237,382000,Web,882,0.142,Automática,Activo,0,2025-04-19,Valle del Cauca,Cali,55,F,4,Bachiller,Conductor/Repartidor,2690000.0,App orgánico,655.0,True,1,Android,hash_368217,331,3,0,0.0,0.0,2.0,0.0,0.0,1.0,0.0,1.0,923.0,230.75,0.28398256907629005,0,2690000.0,normal
CR001018,CL00933,2025-02-01,Crédito libre inversión,1650000,12,0.0265,162000,Aliado,781,0.0827,Automática,Finalizado,0,2024-03-24,Atlántico,Barranquilla,22,F,1,Bachiller,Empleado,1960000.0,Call center,575.0,False,2,iOS,hash_318400,314,2,5,0.0,1.0,3.0,0.0,0.0,1.0,0.0,0.0,478.0,95.6,0.41686433707552994,0,1960000.0,normal
CR001019,CL00934,2025-04-09,Crédito libre inversión,5050000,6,0.0258,919000,App,777,0.2908,Automática,Mora severa,1,2023-01-25,Bogotá D.C.,Bogotá,19,M,3,Técnico/Tecnólogo,Independiente,3160000.0,Campaña digital,482.0,False,3,iOS,hash_764573,805,4,2,1.0,1.0,3.0,3.0,0.0,0.0,0.0,0.0,1513.0,189.125,0.7936348338503616,1,3160000.0,normal
CR001020,CL00937,2026-02-27,Crédito libre inversión,4750000,6,0.0283,872000,App,812,0.3028,Automática,Activo,0,2025-11-10,Antioquia,Medellín,26,M,3,Sin información,Conductor/Repartidor,2880000.0,Campaña digital,585.0,True,1,iOS,hash_119674,109,2,4,0.0,2.0,0.0,0.0,0.0,0.0,0.0,0.0,328.0,164.0,0.5415954044480932,1,2880000.0,normal
CR001021,CL00938,2025-12-10,Crédito consumo digital,850000,6,0.0374,161000,Web,791,1.8,Automática,Mora severa,1,2025-04-18,Atlántico,Barranquilla,43,M,4,Técnico/Tecnólogo,Empleado,2450000.0,App orgánico,608.0,True,0,Android,hash_923509,236,12,2,0.0,0.0,8.0,1.0,0.0,1.0,0.0,1.0,1200.0,109.0909090909091,0.6722314509824145,1,2450000.0,normal
CR001022,CL00938,2026-01-15,Microcrédito,1850000,9,0.0301,238000,Aliado,808,0.0971,Automática,Activo,0,2025-04-18,Atlántico,Barranquilla,43,M,4,Técnico/Tecnólogo,Empleado,2450000.0,App orgánico,608.0,True,0,Android,hash_923509,272,1,3,1.0,0.0,8.0,1.0,0.0,1.0,0.0,1.0,1323.0,110.25,0.27195808052376874,0,2450000.0,normal
CR001023,CL00939,2023-12-16,Crédito consumo digital,1800000,6,0.0273,329000,Call center,834,0.0991,Automática,Finalizado,0,2023-03-10,Valle del Cauca,Cali,38,M,1,Universitario,Empleado,3320000.0,App orgánico,587.0,False,0,iOS,hash_473345,281,12,5,1.0,0.0,1.0,0.0,0.0,2.0,0.0,0.0,555.0,138.75,0.43069925334308934,0,3320000.0,normal
CR001024,CL00940,2024-02-17,Avance de nómina,1350000,6,0.0282,248000,Call center,900,0.0482,Automática,Finalizado,0,2023-11-13,Risaralda,Pereira,30,F,4,Sin información,Empleado,5150000.0,Referido,620.0,False,2,Android,hash_443264,96,2,5,0.0,0.0,1.0,2.0,0.0,0.0,0.0,0.0,330.0,110.0,0.17715646640029112,0,5150000.0,normal
CR001025,CL00940,2024-11-28,Crédito consumo digital,2350000,6,0.0345,440000,App,900,0.0854,Automática,Finalizado,0,2023-11-13,Risaralda,Pereira,30,F,4,Sin información,Empleado,5150000.0,Referido,620.0,False,2,Android,hash_443264,381,11,3,0.0,2.0,1.0,2.0,1.0,0.0,0.0,1.0,765.0,109.28571428571429,0.24298357024530945,0,5150000.0,normal
CR001026,CL00941,2024-03-27,Crédito consumo digital,2600000,6,0.0205,465000,App,892,0.1987,Automática,Finalizado,0,2023-12-13,Cundinamarca,Soacha,23,F,3,Universitario,Independiente,2340000.0,App orgánico,615.0,True,2,Android,hash_117985,105,3,2,1.0,0.0,0.0,0.0,0.0,0.0,0.0,0.0,78.0,78.0,0.472528802499282,0,2340000.0,normal
CR001027,CL00941,2025-06-27,Crédito consumo digital,1150000,6,0.0277,211000,App,828,0.0902,Automática,Finalizado,0,2023-12-13,Cundinamarca,Soacha,23,F,3,Universitario,Independiente,2340000.0,App orgánico,615.0,True,2,Android,hash_117985,562,6,4,1.0,3.0,3.0,0.0,1.0,1.0,0.0,0.0,1389.0,154.33333333333334,0.31879028023790684,0,2340000.0,normal
CR001028,CL00942,2026-01-08,Microcrédito,4100000,3,0.0302,1450000,App,856,0.4096,Manual,Activo,0,2025-03-20,Antioquia,Medellín,45,M,3,Técnico/Tecnólogo,Empleado,3540000.0,Campaña digital,673.0,True,2,Android,hash_737696,294,1,3,0.0,1.0,4.0,2.0,0.0,2.0,1.0,0.0,1233.0,123.3,0.4237613621822821,0,3540000.0,normal
CR001029,CL00942,2025-04-27,Crédito libre inversión,5900000,12,0.0226,567000,Aliado,868,0.1602,Automática,Finalizado,0,2025-03-20,Antioquia,Medellín,45,M,3,Técnico/Tecnólogo,Empleado,3540000.0,Campaña digital,673.0,True,2,Android,hash_737696,38,4,6,0.0,0.0,0.0,0.0,0.0,0.0,0.0,0.0,0.0,0.0,0.4001598940886513,0,3540000.0,normal
CR001030,CL00943,2024-10-28,Crédito consumo digital,800000,6,0.0226,144000,App,856,0.0842,Automática,Finalizado,0,2023-09-18,Bogotá D.C.,Bogotá,43,M,2,Bachiller,Empleado,1710000.0,Campaña digital,584.0,True,3,Web,hash_792822,406,10,0,1.0,0.0,1.0,0.0,0.0,0.0,0.0,0.0,377.0,188.5,0.4983691008856189,0,1710000.0,normal
CR001031,CL00944,2024-08-29,Crédito consumo digital,600000,3,0.0356,214000,App,637,0.1399,Automática,Finalizado,0,2023-02-28,Bogotá D.C.,Bogotá,35,F,2,Bachiller,Conductor/Repartidor,1530000.0,Referido,449.0,False,1,Android,hash_170511,548,8,3,1.0,1.0,1.0,1.0,0.0,1.0,0.0,0.0,1113.0,222.6,0.5075251513273941,1,1530000.0,normal
CR001032,CL00944,2023-09-18,Crédito libre inversión,2750000,6,0.0293,506000,App,735,0.3307,Automática,Mora moderada,1,2023-02-28,Bogotá D.C.,Bogotá,35,F,2,Bachiller,Conductor/Repartidor,1530000.0,Referido,449.0,False,1,Android,hash_170511,202,9,0,0.0,1.0,1.0,0.0,0.0,0.0,0.0,0.0,291.0,145.5,0.8484293599706993,1,1530000.0,normal
CR001033,CL00944,2025-07-21,Crédito consumo digital,1200000,3,0.0213,417000,App,844,0.2725,Automática,Mora severa,1,2023-02-28,Bogotá D.C.,Bogotá,35,F,2,Bachiller,Conductor/Repartidor,1530000.0,Referido,449.0,False,1,Android,hash_170511,874,7,0,1.0,1.0,1.0,3.0,0.0,2.0,0.0,0.0,1348.0,168.5,0.6299664904396223,1,1530000.0,normal
CR001034,CL00945,2025-10-21,Microcrédito,2400000,24,0.0295,141000,App,856,0.0472,Automática,Activo,0,2026-01-03,Tolima,Ibagué,54,F,3,Universitario,Empleado,2990000.0,Referido,588.0,False,1,Android,hash_174783,-74,10,1,0.0,0.0,0.0,0.0,0.0,0.0,0.0,0.0,0.0,0.0,0.40623762782139494,0,2990000.0,normal
CR001035,CL00946,2025-10-20,Crédito consumo digital,1550000,12,0.0222,149000,Call center,833,0.0536,Automática,Activo,0,2024-10-28,Meta,Villavicencio,25,F,4,Técnico/Tecnólogo,Microempresario,2780000.0,Campaña digital,586.0,False,0,Android,hash_928267,357,10,0,0.0,1.0,1.0,0.0,2.0,2.0,0.0,0.0,935.0,155.83333333333334,0.37656982833972674,0,2780000.0,normal
CR001036,CL00947,2023-12-24,Crédito consumo digital,4800000,12,0.0285,478000,Aliado,900,0.1037,Automática,Finalizado,0,2023-08-20,Bogotá D.C.,Bogotá,21,F,4,Bachiller,Empleado,4610000.0,Referido,675.0,True,1,Android,hash_832382,126,12,6,0.0,1.0,1.0,0.0,0.0,0.0,0.0,0.0,216.0,108.0,0.3739767997893686,0,4610000.0,normal
CR001037,CL00947,2023-09-18,Crédito consumo digital,2950000,6,0.0341,552000,App,900,0.1197,Automática,Finalizado,0,2023-08-20,Bogotá D.C.,Bogotá,21,F,4,Bachiller,Empleado,4610000.0,Referido,675.0,True,1,Android,hash_832382,29,9,0,0.0,0.0,1.0,0.0,0.0,0.0,0.0,0.0,99.0,99.0,0.2790002819292661,0,4610000.0,normal
CR001038,CL00949,2025-08-08,Crédito consumo digital,1400000,9,0.0366,185000,App,875,0.1076,Automática,Activo,0,2026-01-09,Antioquia,Medellín,36,M,4,Sin información,Pensionado,1720000.0,App orgánico,619.0,False,3,Web,hash_236537,-154,8,4,0.0,0.0,0.0,0.0,0.0,0.0,0.0,0.0,0.0,0.0,0.3508605044602703,0,1720000.0,normal
CR001039,CL00950,2025-07-12,Avance de nómina,500000,6,0.0208,90000,App,876,0.0584,Automática,Mora severa,1,2023-02-09,Bolívar,Cartagena,38,F,3,Técnico/Tecnólogo,Independiente,1540000.0,Campaña digital,452.0,False,1,Android,hash_226892,884,7,5,0.0,2.0,2.0,2.0,1.0,0.0,2.0,1.0,2160.0,216.0,0.6748923603993389,1,1540000.0,normal
CR001040,CL00950,2024-06-17,Avance de nómina,1150000,9,0.0276,146000,Web,766,0.0948,Automática,Mora severa,1,2023-02-09,Bolívar,Cartagena,38,F,3,Técnico/Tecnólogo,Independiente,1540000.0,Campaña digital,452.0,False,1,Android,hash_226892,494,6,0,0.0,2.0,2.0,1.0,0.0,0.0,1.0,1.0,1343.0,191.85714285714286,0.7135875468310344,1,1540000.0,normal
CR001041,CL00951,2026-02-08,Crédito consumo digital,1050000,3,0.025,368000,Web,757,0.1786,Automática,Activo,0,2024-09-29,Bolívar,Cartagena,34,F,4,Universitario,Empleado,2060000.0,Referido,531.0,False,2,Android,hash_829988,497,2,6,3.0,2.0,2.0,0.0,1.0,3.0,1.0,0.0,1841.0,153.41666666666666,0.3013957339628298,0,2060000.0,normal
CR001042,CL00952,2024-01-12,Microcrédito,3900000,6,0.0296,719000,Web,789,0.2643,Automática,Mora moderada,1,2023-06-12,Valle del Cauca,Cali,40,F,1,Universitario,Empleado,2720000.0,Referido,542.0,False,0,Android,hash_741406,214,1,4,0.0,0.0,0.0,0.0,0.0,0.0,0.0,0.0,0.0,0.0,0.6627433767913394,1,2720000.0,normal
CR001043,CL00953,2025-07-23,Crédito libre inversión,1700000,6,0.018,301000,App,807,0.101,Automática,Mora moderada,1,2024-01-24,Bogotá D.C.,Bogotá,23,M,2,Bachiller,Comerciante,2980000.0,Campaña digital,593.0,False,1,Android,hash_447806,546,7,2,0.0,1.0,1.0,1.0,0.0,1.0,0.0,1.0,921.0,184.2,0.48457503319835477,0,2980000.0,normal
CR001044,CL00953,2025-12-23,Crédito consumo digital,1450000,9,0.0273,184000,Aliado,782,0.0617,Automática,Activo,0,2024-01-24,Bogotá D.C.,Bogotá,23,M,2,Bachiller,Comerciante,2980000.0,Campaña digital,593.0,False,1,Android,hash_447806,699,12,1,0.0,2.0,3.0,1.0,0.0,1.0,0.0,1.0,1504.0,188.0,0.31630381483826,0,2980000.0,normal
CR001045,CL00954,2024-11-05,Crédito libre inversión,3000000,12,0.0325,306000,App,900,0.1391,Automática,Finalizado,0,2023-04-03,Bogotá D.C.,Bogotá,50,F,3,Posgrado,Empleado,2200000.0,App orgánico,619.0,False,0,Android,hash_497534,582,11,1,0.0,1.0,3.0,1.0,0.0,1.0,1.0,1.0,1195.0,149.375,0.3021612148660784,0,2200000.0,normal
CR001046,CL00956,2025-08-09,Crédito consumo digital,2150000,18,0.0246,149000,Aliado,900,0.0309,Automática,Activo,0,2024-08-12,Caldas,Manizales,47,F,6,Bachiller,Microempresario,4820000.0,Aliado comercial,799.0,True,2,Android,hash_477186,362,8,5,0.0,0.0,0.0,1.0,0.0,0.0,0.0,0.0,284.0,284.0,0.14131544556959122,0,4820000.0,normal
CR001047,CL00957,2026-03-01,Crédito consumo digital,4850000,12,0.0239,470000,App,876,0.1047,Automática,Activo,0,2024-11-13,Valle del Cauca,Cali,39,M,4,Universitario,Empleado,4490000.0,Campaña digital,698.0,False,1,Android,hash_814814,473,3,6,0.0,2.0,3.0,1.0,0.0,2.0,1.0,2.0,1550.0,140.9090909090909,0.2928641087972939,0,4490000.0,normal
CR001048,CL00958,2025-05-07,Crédito libre inversión,5450000,12,0.0219,521000,App,565,0.1731,Manual,Activo,0,2024-11-21,Antioquia,Medellín,41,F,1,Sin información,Empleado,3010000.0,Aliado comercial,588.0,True,2,Android,hash_830161,167,5,2,0.0,2.0,2.0,0.0,0.0,1.0,1.0,1.0,1228.0,175.42857142857142,0.41030034967228074,0,3010000.0,normal
CR001049,CL00958,2025-12-26,Crédito libre inversión,4850000,3,0.0282,1709000,Aliado,441,0.5678,Excepción,Finalizado,0,2024-11-21,Antioquia,Medellín,41,F,1,Sin información,Empleado,3010000.0,Aliado comercial,588.0,True,2,Android,hash_830161,400,12,4,1.0,7.0,3.0,0.0,0.0,3.0,1.0,2.0,3155.0,185.58823529411765,0.2143796281154461,0,3010000.0,normal
CR001050,CL00958,2025-06-09,Crédito libre inversión,2300000,12,0.0223,221000,App,591,0.0734,Manual,Activo,0,2024-11-21,Antioquia,Medellín,41,F,1,Sin información,Empleado,3010000.0,Aliado comercial,588.0,True,2,Android,hash_830161,200,6,0,0.0,2.0,2.0,0.0,0.0,2.0,1.0,1.0,1407.0,175.875,0.3693290307256674,0,3010000.0,normal
CR001051,CL00960,2024-03-21,Crédito consumo digital,2200000,6,0.035,413000,App,844,0.1229,Automática,Finalizado,0,2023-11-16,Cundinamarca,Soacha,40,F,3,Sin información,Conductor/Repartidor,3360000.0,Referido,552.0,False,0,Android,hash_926152,126,3,3,0.0,0.0,1.0,0.0,0.0,0.0,0.0,0.0,150.0,150.0,0.44946826901334275,0,3360000.0,normal
CR001052,CL00961,2025-06-30,Crédito libre inversión,3050000,12,0.022,292000,App,828,0.1106,Automática,Activo,0,2025-12-04,Antioquia,Medellín,42,F,1,Técnico/Tecnólogo,Comerciante,2640000.0,Campaña digital,575.0,True,1,Android,hash_806691,-157,6,0,0.0,0.0,0.0,0.0,0.0,0.0,0.0,0.0,0.0,0.0,0.6197914631991093,1,2640000.0,normal
CR001053,CL00962,2026-03-06,Crédito libre inversión,5300000,6,0.0182,940000,App,900,0.2919,Automática,Activo,0,2025-12-16,Cundinamarca,Soacha,49,F,2,Bachiller,Empleado,3220000.0,Aliado comercial,708.0,False,0,Android,hash_742699,80,3,4,0.0,0.0,4.0,2.0,0.0,1.0,0.0,1.0,1764.0,220.5,0.22871758905590692,0,3220000.0,normal
CR001054,CL00962,2025-08-16,Crédito consumo digital,1950000,12,0.0256,191000,App,900,0.0593,Automática,Activo,0,2025-12-16,Cundinamarca,Soacha,49,F,2,Bachiller,Empleado,3220000.0,Aliado comercial,708.0,False,0,Android,hash_742699,-122,8,5,0.0,0.0,0.0,0.0,0.0,0.0,0.0,0.0,0.0,0.0,0.1674699610806672,0,3220000.0,normal
CR001055,CL00963,2024-05-29,Crédito libre inversión,3700000,12,0.0189,348000,Aliado,785,0.1822,Automática,Mora moderada,1,2023-10-03,Caldas,Manizales,38,F,1,Técnico/Tecnólogo,Independiente,1910000.0,Aliado comercial,571.0,True,1,Android,hash_422742,239,5,2,0.0,0.0,0.0,1.0,0.0,2.0,0.0,0.0,201.0,67.0,0.7501794674724118,1,1910000.0,normal
CR001056,CL00964,2026-01-03,Crédito consumo digital,1050000,6,0.0314,195000,Web,893,0.101,Automática,Activo,0,2025-12-10,Santander,Bucaramanga,43,F,2,Universitario,Independiente,1930000.0,App orgánico,625.0,False,2,iOS,hash_841277,24,1,5,0.0,0.0,0.0,0.0,0.0,0.0,0.0,1.0,139.0,139.0,0.2986035029499908,0,1930000.0,normal
CR001057,CL00965,2024-04-17,Microcrédito,2600000,18,0.0406,206000,App,801,0.0802,Automática,Mora severa,1,2023-11-09,Risaralda,Pereira,35,F,5,Bachiller,Comerciante,2570000.0,Aliado comercial,557.0,True,3,Android,hash_611213,160,4,2,0.0,1.0,1.0,0.0,0.0,1.0,0.0,0.0,352.0,117.33333333333333,0.7273167918248599,1,2570000.0,normal
CR001058,CL00966,2026-03-12,Crédito consumo digital,950000,6,0.0308,176000,Call center,896,0.0685,Automática,Activo,0,2025-09-26,Risaralda,Pereira,50,F,3,Universitario,Empleado,2570000.0,Aliado comercial,671.0,False,2,Android,hash_180800,167,3,3,1.0,1.0,2.0,1.0,0.0,1.0,1.0,0.0,1553.0,221.85714285714286,0.19613738716473064,0,2570000.0,normal
CR001059,CL00968,2025-05-25,Crédito consumo digital,2300000,9,0.0365,304000,Call center,846,0.1328,Automática,Finalizado,0,2025-08-19,Tolima,Ibagué,54,M,2,Bachiller,Independiente,2290000.0,Aliado comercial,672.0,True,3,Android,hash_124718,-86,5,6,0.0,0.0,0.0,0.0,0.0,0.0,0.0,0.0,0.0,0.0,0.3626363125797248,0,2290000.0,normal
CR001060,CL00969,2024-02-13,Avance de nómina,400000,6,0.0316,74000,App,862,0.0288,Automática,Finalizado,0,2023-03-13,Antioquia,Medellín,36,M,2,Bachiller,Empleado,2570000.0,App orgánico,686.0,False,0,Android,hash_184079,337,2,1,0.0,0.0,1.0,0.0,0.0,0.0,0.0,0.0,90.0,90.0,0.2588901303315087,0,2570000.0,normal
CR001061,CL00970,2026-02-10,Avance de nómina,750000,3,0.095,263000,Aliado,813,0.1185,Automática,Activo,0,2025-06-09,Antioquia,Medellín,22,F,2,Bachiller,Conductor/Repartidor,2220000.0,Campaña digital,508.0,False,1,Android,hash_833413,246,2,1,0.0,2.0,1.0,0.0,1.0,1.0,0.0,2.0,1145.0,163.57142857142858,0.38047500905134435,0,2220000.0,normal
CR001062,CL00971,2026-02-26,Crédito consumo digital,1800000,12,0.0316,183000,Aliado,773,0.0782,Automática,Activo,0,2024-07-10,Atlántico,Barranquilla,37,F,3,Técnico/Tecnólogo,Conductor/Repartidor,2340000.0,Call center,481.0,False,0,Android,hash_605527,596,2,3,0.0,1.0,1.0,0.0,0.0,0.0,1.0,0.0,1012.0,337.3333333333333,0.5254229610214639,1,2340000.0,normal
CR001063,CL00972,2026-01-22,Crédito consumo digital,350000,12,0.0332,36000,App,641,0.0474,Automática,Mora moderada,0,2024-10-21,Bogotá D.C.,Bogotá,29,F,3,Bachiller,Desempleado,760000.0,Aliado comercial,405.0,False,2,Android,hash_533174,458,1,3,0.0,2.0,4.0,1.0,0.0,2.0,0.0,1.0,1421.0,142.1,0.4941425113111557,0,760000.0,normal
CR001064,CL00972,2025-05-15,Crédito consumo digital,450000,6,0.0267,82000,Aliado,792,0.1079,Automática,Mora severa,1,2024-10-21,Bogotá D.C.,Bogotá,29,F,3,Bachiller,Desempleado,760000.0,Aliado comercial,405.0,False,2,Android,hash_533174,206,5,3,0.0,0.0,2.0,1.0,0.0,2.0,0.0,1.0,980.0,163.33333333333334,0.6893868104278298,1,760000.0,normal
CR001065,CL00973,2025-07-16,Avance de nómina,500000,18,0.0259,35000,Call center,893,0.0075,Automática,Activo,0,2025-01-11,Risaralda,Pereira,44,M,5,Técnico/Tecnólogo,Conductor/Repartidor,4660000.0,App orgánico,587.0,False,1,Android,hash_843218,186,7,2,0.0,0.0,0.0,0.0,0.0,0.0,1.0,0.0,156.0,156.0,0.4838344486202353,0,4660000.0,normal
CR001066,CL00973,2025-11-05,Crédito consumo digital,2150000,18,0.0268,152000,Aliado,900,0.0326,Automática,Activo,0,2025-01-11,Risaralda,Pereira,44,M,5,Técnico/Tecnólogo,Conductor/Repartidor,4660000.0,App orgánico,587.0,False,1,Android,hash_843218,298,11,2,1.0,1.0,1.0,1.0,0.0,0.0,1.0,1.0,882.0,147.0,0.3596610777627904,0,4660000.0,normal
CR001067,CL00975,2024-12-10,Crédito consumo digital,1600000,18,0.0348,121000,Call center,752,0.0699,Automática,Mora moderada,1,2023-08-12,Valle del Cauca,Cali,32,F,3,Bachiller,Empleado,1730000.0,Aliado comercial,485.0,False,2,Android,hash_631501,486,12,1,0.0,1.0,0.0,0.0,0.0,0.0,0.0,0.0,338.0,338.0,0.723201922689621,1,1730000.0,normal
CR001068,CL00978,2025-12-07,Crédito consumo digital,1350000,12,0.0317,137000,Call center,780,0.0533,Automática,Activo,0,2024-06-24,Tolima,Ibagué,19,M,2,Sin información,Empleado,2570000.0,App orgánico,576.0,False,1,Android,hash_207904,531,12,6,1.0,3.0,4.0,0.0,0.0,1.0,0.0,0.0,1562.0,173.55555555555554,0.5108328564395943,1,2570000.0,normal
CR001069,CL00978,2025-10-16,Crédito libre inversión,2200000,12,0.0255,215000,Aliado,820,0.0837,Automática,Mora severa,1,2024-06-24,Tolima,Ibagué,19,M,2,Sin información,Empleado,2570000.0,App orgánico,576.0,False,1,Android,hash_207904,479,10,3,1.0,3.0,4.0,0.0,0.0,1.0,0.0,0.0,1562.0,173.55555555555554,0.5890932728877984,1,2570000.0,normal
CR001070,CL00979,2023-11-08,Microcrédito,1700000,18,0.0405,135000,Web,757,0.1071,Automática,Mora severa,1,2023-01-28,Santander,Bucaramanga,20,M,2,Técnico/Tecnólogo,Comerciante,1260000.0,App orgánico,494.0,False,2,Android,hash_861733,284,11,2,0.0,1.0,0.0,1.0,0.0,0.0,0.0,0.0,332.0,166.0,0.8675051018509652,1,1260000.0,normal
CR001071,CL00979,2023-09-06,Crédito libre inversión,2300000,6,0.025,418000,App,773,0.3317,Automática,Mora moderada,1,2023-01-28,Santander,Bucaramanga,20,M,2,Técnico/Tecnólogo,Comerciante,1260000.0,App orgánico,494.0,False,2,Android,hash_861733,221,9,2,0.0,1.0,0.0,1.0,0.0,0.0,0.0,0.0,332.0,166.0,0.7746240303926715,1,1260000.0,normal
CR001072,CL00980,2025-06-28,Crédito consumo digital,1900000,9,0.0248,238000,Web,900,0.0829,Automática,Finalizado,0,2024-12-08,Valle del Cauca,Cali,44,M,5,Universitario,Empleado,2870000.0,Campaña digital,673.0,True,3,Android,hash_311980,202,6,5,0.0,0.0,2.0,0.0,0.0,0.0,0.0,1.0,469.0,156.33333333333334,0.35665581212421676,0,2870000.0,normal
CR001073,CL00981,2025-11-03,Crédito consumo digital,3000000,9,0.0224,372000,Aliado,852,0.0869,Automática,Mora moderada,1,2024-04-03,Bogotá D.C.,Bogotá,44,M,3,Técnico/Tecnólogo,Comerciante,4280000.0,App orgánico,694.0,False,0,Android,hash_634228,579,11,0,1.0,0.0,4.0,1.0,0.0,3.0,0.0,0.0,1713.0,190.33333333333334,0.41633930751907583,0,4280000.0,normal
CR001074,CL00982,2025-10-31,Crédito libre inversión,2400000,3,0.0199,832000,App,786,0.4597,Manual,Finalizado,0,2023-07-26,Valle del Cauca,Cali,40,M,1,Universitario,Empleado,1810000.0,App orgánico,554.0,False,0,iOS,hash_432783,828,10,4,2.0,2.0,1.0,3.0,0.0,0.0,0.0,3.0,2455.0,223.1818181818182,0.35379037187081186,0,1810000.0,normal
CR001075,CL00983,2025-06-29,Microcrédito,3850000,3,0.031,1364000,App,840,0.4624,Manual,Finalizado,0,2024-10-22,Santander,Bucaramanga,26,M,4,Universitario,Independiente,2950000.0,Campaña digital,569.0,False,1,iOS,hash_689413,250,6,6,0.0,0.0,4.0,0.0,0.0,0.0,0.0,2.0,996.0,166.0,0.40717252832674405,0,2950000.0,normal
CR001076,CL00984,2024-03-12,Crédito libre inversión,2500000,3,0.0311,886000,App,795,0.4497,Manual,Finalizado,0,2024-02-07,Antioquia,Medellín,36,F,2,Técnico/Tecnólogo,Estudiante,1970000.0,App orgánico,539.0,False,1,iOS,hash_984847,34,3,1,0.0,0.0,0.0,0.0,0.0,0.0,0.0,0.0,0.0,0.0,0.5093818402368143,1,1970000.0,normal
CR001077,CL00985,2026-03-07,Crédito consumo digital,1450000,6,0.0317,269000,App,708,0.1234,Automática,Activo,0,2025-12-15,Antioquia,Medellín,36,F,4,Bachiller,Comerciante,2180000.0,Aliado comercial,461.0,True,2,Android,hash_651936,82,3,5,0.0,1.0,1.0,0.0,0.0,2.0,1.0,0.0,620.0,124.0,0.5604093784759338,1,2180000.0,normal
CR001078,CL00986,2025-08-11,Crédito consumo digital,1200000,12,0.0356,125000,App,587,0.0638,Manual,Activo,0,2024-05-04,Bolívar,Cartagena,24,M,2,Universitario,Independiente,1960000.0,App orgánico,588.0,True,0,Android,hash_188327,464,8,0,0.0,1.0,4.0,0.0,0.0,4.0,1.0,0.0,1079.0,107.9,0.5092255861229474,1,1960000.0,normal
CR001079,CL00986,2024-11-21,Crédito consumo digital,700000,24,0.0311,42000,Aliado,616,0.0214,Manual,Mora severa,1,2024-05-04,Bolívar,Cartagena,24,M,2,Universitario,Independiente,1960000.0,App orgánico,588.0,True,0,Android,hash_188327,201,11,3,0.0,0.0,1.0,0.0,0.0,1.0,0.0,0.0,411.0,205.5,0.6169890274185923,1,1960000.0,normal
CR001080,CL00987,2025-12-03,Crédito consumo digital,400000,3,0.0361,143000,App,900,0.0633,Automática,Mora severa,1,2025-07-12,Cundinamarca,Soacha,51,F,2,Técnico/Tecnólogo,Empleado,2260000.0,Referido,661.0,False,2,Android,hash_211113,144,12,2,1.0,0.0,3.0,0.0,0.0,2.0,0.0,1.0,688.0,98.28571428571429,0.23638711270970506,0,2260000.0,normal
CR001081,CL00988,2025-11-14,Microcrédito,5900000,12,0.0297,592000,App,824,0.1741,Automática,Activo,0,2024-12-24,Valle del Cauca,Cali,45,M,2,Universitario,Pensionado,3400000.0,Referido,555.0,False,3,Android,hash_974479,325,11,4,0.0,3.0,3.0,4.0,0.0,2.0,1.0,2.0,2666.0,177.73333333333332,0.35388857876119917,0,3400000.0,normal
CR001082,CL00988,2025-12-01,Avance de nómina,1350000,6,0.0294,249000,App,786,0.0732,Automática,Activo,0,2024-12-24,Valle del Cauca,Cali,45,M,2,Universitario,Pensionado,3400000.0,Referido,555.0,False,3,Android,hash_974479,342,12,0,0.0,3.0,3.0,4.0,0.0,2.0,1.0,2.0,2666.0,177.73333333333332,0.3590096465985192,0,3400000.0,normal
CR001083,CL00989,2025-08-04,Microcrédito,1100000,12,0.0277,109000,App,800,0.044,Automática,Activo,0,2024-08-14,Bogotá D.C.,Bogotá,34,M,2,Bachiller,Comerciante,2480000.0,App orgánico,582.0,False,0,Android,hash_914155,355,8,0,0.0,1.0,2.0,0.0,0.0,0.0,0.0,2.0,1021.0,204.2,0.5561643753020235,1,2480000.0,normal
CR001084,CL00990,2025-09-26,Crédito libre inversión,1500000,12,0.0327,153000,App,582,0.0677,Manual,Activo,0,2025-11-28,Santander,Bucaramanga,36,M,3,Técnico/Tecnólogo,Empleado,2260000.0,App orgánico,588.0,True,1,Android,hash_608469,-63,9,4,0.0,0.0,0.0,0.0,0.0,0.0,0.0,0.0,0.0,0.0,0.6520904048612575,1,2260000.0,normal
CR001085,CL00991,2024-09-01,Crédito consumo digital,3100000,6,0.0359,584000,Aliado,900,0.1497,Automática,Finalizado,0,2023-06-18,Tolima,Ibagué,38,M,5,Bachiller,Empleado,3900000.0,Aliado comercial,629.0,True,3,Android,hash_609135,441,9,6,0.0,2.0,1.0,1.0,0.0,0.0,0.0,1.0,980.0,196.0,0.2701723823255689,0,3900000.0,normal
CR001086,CL00992,2025-07-06,Crédito consumo digital,1050000,12,0.0336,108000,App,885,0.0403,Automática,Mora severa,1,2024-05-14,Tolima,Ibagué,19,F,3,Universitario,Conductor/Repartidor,2680000.0,Campaña digital,510.0,True,1,Android,hash_283501,418,7,6,0.0,2.0,4.0,2.0,0.0,0.0,0.0,1.0,1601.0,177.88888888888889,0.6549835052474724,1,2680000.0,normal
CR001087,CL00992,2025-10-27,Crédito libre inversión,7550000,24,0.0186,393000,App,876,0.1466,Automática,Activo,0,2024-05-14,Tolima,Ibagué,19,F,3,Universitario,Conductor/Repartidor,2680000.0,Campaña digital,510.0,True,1,Android,hash_283501,531,10,0,0.0,2.0,5.0,2.0,0.0,0.0,0.0,1.0,1808.0,180.8,0.7151748910797311,1,2680000.0,normal
CR001088,CL00992,2025-08-23,Microcrédito,2100000,9,0.0285,268000,Aliado,768,0.1,Automática,Mora severa,1,2024-05-14,Tolima,Ibagué,19,F,3,Universitario,Conductor/Repartidor,2680000.0,Campaña digital,510.0,True,1,Android,hash_283501,466,8,5,0.0,2.0,5.0,2.0,0.0,0.0,0.0,1.0,1808.0,180.8,0.7330352669263265,1,2680000.0,normal
CR001089,CL00994,2025-07-20,Crédito consumo digital,1750000,9,0.0264,221000,App,900,0.0619,Automática,Finalizado,0,2025-01-30,Valle del Cauca,Cali,29,M,3,Universitario,Microempresario,3570000.0,Call center,590.0,True,4,Android,hash_647594,171,7,6,1.0,4.0,0.0,2.0,0.0,0.0,1.0,0.0,1108.0,138.5,0.2318488147524584,0,3570000.0,normal
CR001090,CL00995,2025-06-25,Crédito consumo digital,1000000,12,0.0376,105000,App,705,0.0398,Automática,Activo,0,2025-02-15,Bogotá D.C.,Bogotá,26,F,1,Bachiller,Empleado,2640000.0,Campaña digital,449.0,False,1,Android,hash_211414,130,6,2,0.0,0.0,2.0,1.0,0.0,0.0,0.0,0.0,791.0,263.6666666666667,0.4919530652374933,0,2640000.0,normal
CR001091,CL00995,2025-05-23,Crédito consumo digital,2450000,12,0.0231,236000,App,781,0.0894,Automática,Activo,0,2025-02-15,Bogotá D.C.,Bogotá,26,F,1,Bachiller,Empleado,2640000.0,Campaña digital,449.0,False,1,Android,hash_211414,97,5,4,0.0,0.0,1.0,0.0,0.0,0.0,0.0,0.0,442.0,442.0,0.6662675764156849,1,2640000.0,normal
CR001092,CL00996,2025-06-04,Crédito consumo digital,850000,12,0.0388,90000,Aliado,826,0.0312,Automática,Activo,0,2025-09-12,Risaralda,Pereira,33,M,3,Universitario,Empleado,2880000.0,App orgánico,642.0,False,0,Android,hash_747049,-100,6,2,0.0,0.0,0.0,0.0,0.0,0.0,0.0,0.0,0.0,0.0,0.21205115598583033,0,2880000.0,normal
CR001093,CL00999,2025-10-05,Crédito consumo digital,1200000,18,0.0227,82000,App,877,0.035,Automática,Activo,0,2025-11-02,Bogotá D.C.,Bogotá,30,M,3,Técnico/Tecnólogo,Empleado,2340000.0,Campaña digital,650.0,False,3,Android,hash_757362,-28,10,6,0.0,0.0,0.0,0.0,0.0,0.0,0.0,0.0,0.0,0.0,0.3504008230926729,0,2340000.0,normal
CR001094,CL01000,2025-09-19,Crédito libre inversión,5000000,24,0.0332,306000,App,853,0.0818,Automática,Activo,0,2025-06-19,Bogotá D.C.,Bogotá,42,M,3,Bachiller,Empleado,3740000.0,App orgánico,676.0,False,0,Android,hash_141446,92,9,4,0.0,3.0,1.0,0.0,1.0,0.0,0.0,1.0,764.0,127.33333333333333,0.31961995014696754,0,3740000.0,normal
CR001095,CL01000,2025-12-29,Crédito libre inversión,5950000,9,0.0267,753000,App,900,0.2013,Automática,Activo,0,2025-06-19,Bogotá D.C.,Bogotá,42,M,3,Bachiller,Empleado,3740000.0,App orgánico,676.0,False,0,Android,hash_141446,193,12,0,0.0,4.0,4.0,1.0,1.0,1.0,1.0,4.0,2053.0,128.3125,0.18660136198279176,0,3740000.0,normal
CR001096,CL01000,2025-10-14,Crédito libre inversión,8100000,18,0.026,569000,App,900,0.1521,Automática,Activo,0,2025-06-19,Bogotá D.C.,Bogotá,42,M,3,Bachiller,Empleado,3740000.0,App orgánico,676.0,False,0,Android,hash_141446,117,10,1,0.0,3.0,1.0,1.0,1.0,1.0,0.0,1.0,936.0,117.0,0.3382008045267186,0,3740000.0,normal
CR001097,CL01001,2025-11-03,Crédito consumo digital,5050000,18,0.0203,338000,Web,900,0.0797,Automática,Activo,0,2024-12-06,Cundinamarca,Soacha,50,F,4,Bachiller,Comerciante,4240000.0,Referido,688.0,False,1,Android,hash_634402,332,11,0,1.0,3.0,3.0,2.0,2.0,1.0,0.0,0.0,1354.0,112.83333333333333,0.2161543723799339,0,4240000.0,normal
CR001098,CL01002,2026-03-27,Crédito consumo digital,1450000,12,0.0274,143000,App,769,0.0856,Automática,Activo,0,2025-07-11,Bolívar,Cartagena,45,F,1,Sin información,Microempresario,1670000.0,App orgánico,537.0,False,3,Android,hash_401355,259,3,4,0.0,1.0,2.0,2.0,1.0,1.0,1.0,1.0,1714.0,190.44444444444446,0.4155047200823879,0,1670000.0,normal
CR001099,CL01003,2025-10-19,Crédito consumo digital,6950000,3,0.0328,2470000,App,796,0.8125,Excepción,Finalizado,0,2025-10-05,Antioquia,Medellín,37,M,2,Sin información,Pensionado,3040000.0,Aliado comercial,573.0,False,0,Android,hash_242475,14,10,6,0.0,1.0,0.0,0.0,0.0,0.0,0.0,0.0,30.0,30.0,0.7042369444906343,1,3040000.0,normal
CR001100,CL01003,2025-11-02,Crédito consumo digital,2150000,24,0.0346,133000,App,850,0.0437,Automática,Activo,0,2025-10-05,Antioquia,Medellín,37,M,2,Sin información,Pensionado,3040000.0,Aliado comercial,573.0,False,0,Android,hash_242475,28,11,6,0.0,2.0,0.0,0.0,0.0,0.0,0.0,0.0,284.0,142.0,0.39220785616106923,0,3040000.0,normal
CR001101,CL01004,2025-11-27,Microcrédito,3700000,12,0.0424,400000,App,900,0.0694,Automática,Activo,0,2025-09-07,Bogotá D.C.,Bogotá,30,F,2,Bachiller,Microempresario,5760000.0,App orgánico,634.0,False,0,Android,hash_461116,81,11,3,0.0,3.0,1.0,0.0,0.0,0.0,0.0,0.0,514.0,128.5,0.26736995979592215,0,5760000.0,normal
CR001102,CL01005,2025-01-03,Crédito consumo digital,950000,6,0.0305,176000,App,900,0.083,Automática,Finalizado,0,2023-02-25,Antioquia,Medellín,43,F,2,Técnico/Tecnólogo,Independiente,2120000.0,Aliado comercial,564.0,False,0,Android,hash_485905,678,1,4,0.0,0.0,0.0,0.0,0.0,1.0,2.0,0.0,642.0,214.0,0.41579369699448104,0,2120000.0,normal
CR001103,CL01006,2025-11-12,Crédito consumo digital,3550000,3,0.025,1243000,App,827,0.3482,Automática,Finalizado,0,2024-03-20,Bogotá D.C.,Bogotá,40,F,2,Universitario,Independiente,3570000.0,App orgánico,532.0,True,4,Android,hash_654868,602,11,2,0.0,2.0,3.0,4.0,1.0,0.0,0.0,1.0,2234.0,203.0909090909091,0.3788451323940264,0,3570000.0,normal
CR001104,CL01006,2024-04-20,Microcrédito,7450000,6,0.0359,1402000,Aliado,787,0.3927,Manual,Mora moderada,0,2024-03-20,Bogotá D.C.,Bogotá,40,F,2,Universitario,Independiente,3570000.0,App orgánico,532.0,True,4,Android,hash_654868,31,4,5,0.0,0.0,1.0,0.0,0.0,0.0,0.0,0.0,164.0,164.0,0.7075837411941617,1,3570000.0,normal
CR001105,CL01007,2024-10-05,Crédito consumo digital,800000,9,0.0231,99000,Web,794,0.0471,Automática,Finalizado,0,2023-08-02,Risaralda,Pereira,45,F,4,Universitario,Empleado,2100000.0,Campaña digital,585.0,True,0,Android,hash_808636,430,10,5,1.0,0.0,4.0,0.0,0.0,1.0,0.0,2.0,1297.0,162.125,0.39950986947030465,0,2100000.0,normal
CR001106,CL01007,2025-08-01,Crédito consumo digital,1150000,12,0.0336,118000,Call center,851,0.0562,Automática,Mora moderada,1,2023-08-02,Risaralda,Pereira,45,F,4,Universitario,Empleado,2100000.0,Campaña digital,585.0,True,0,Android,hash_808636,730,8,4,1.0,0.0,5.0,1.0,0.0,2.0,0.0,2.0,1547.0,140.63636363636363,0.44093989720972326,0,2100000.0,normal
CR001107,CL01009,2025-05-18,Crédito libre inversión,2700000,9,0.0277,343000,App,786,0.1916,Automática,Finalizado,0,2024-09-25,Atlántico,Barranquilla,46,F,4,Bachiller,Conductor/Repartidor,1790000.0,Campaña digital,634.0,True,2,Android,hash_170509,235,5,6,0.0,1.0,2.0,1.0,0.0,0.0,0.0,1.0,1103.0,220.6,0.41066606057520094,0,1790000.0,normal
CR001108,CL01010,2025-10-19,Avance de nómina,500000,6,0.0272,91000,Aliado,784,0.0548,Automática,Mora severa,1,2024-12-07,Bogotá D.C.,Medellín,31,M,1,Técnico/Tecnólogo,Empleado,1660000.0,Campaña digital,488.0,True,1,iOS,hash_517065,316,10,6,0.0,2.0,2.0,0.0,0.0,0.0,0.0,0.0,620.0,155.0,0.6822164638278434,1,1660000.0,normal
CR001109,CL01012,2026-02-20,Crédito libre inversión,2750000,12,0.0234,265000,Web,847,1.2,Automática,Mora moderada,1,2025-04-03,Antioquia,Medellín,38,F,1,Sin información,Empleado,3270000.0,Campaña digital,609.0,False,0,Android,hash_820980,323,2,4,2.0,1.0,2.0,0.0,0.0,1.0,1.0,0.0,912.0,130.28571428571428,0.6601211797494813,1,3270000.0,normal
CR001110,CL01013,2026-01-18,Crédito libre inversión,6750000,12,0.0175,629000,App,863,0.2132,Automática,Activo,0,2024-11-21,Bolívar,Cartagena,57,F,3,Universitario,Independiente,2950000.0,Campaña digital,634.0,False,2,Web,hash_407522,423,1,6,0.0,5.0,2.0,0.0,1.0,3.0,0.0,2.0,2299.0,176.84615384615384,0.2614127380828975,0,2950000.0,normal
CR001111,CL01013,2026-02-27,Microcrédito,3600000,3,0.0252,1261000,App,900,0.4275,Manual,Activo,0,2024-11-21,Bolívar,Cartagena,57,F,3,Universitario,Independiente,2950000.0,Campaña digital,634.0,False,2,Web,hash_407522,463,2,4,0.0,6.0,3.0,0.0,1.0,3.0,0.0,2.0,2930.0,195.33333333333334,0.1849765595379493,0,2950000.0,normal
CR001112,CL01013,2025-09-18,Crédito libre inversión,6150000,6,0.0231,1110000,App,836,0.3763,Manual,Finalizado,0,2024-11-21,Bolívar,Cartagena,57,F,3,Universitario,Independiente,2950000.0,Campaña digital,634.0,False,2,Web,hash_407522,301,9,3,0.0,4.0,2.0,0.0,0.0,2.0,0.0,1.0,1362.0,151.33333333333334,0.31006876255966,0,2950000.0,normal
CR001113,CL01014,2023-07-18,Crédito consumo digital,1050000,12,0.0365,110000,App,783,0.0775,Automática,Mora severa,1,2023-02-16,Bogotá D.C.,Bogotá,29,M,1,Bachiller,Independiente,1420000.0,Referido,500.0,False,0,iOS,hash_160941,152,7,1,0.0,0.0,0.0,1.0,0.0,0.0,0.0,0.0,80.0,80.0,0.84905453862941,1,1420000.0,normal
CR001114,CL01015,2025-07-27,Crédito libre inversión,2700000,6,0.0281,495000,Web,571,0.7984,Excepción,Mora moderada,1,2025-03-15,Caldas,Manizales,53,F,3,Universitario,Desempleado,620000.0,Campaña digital,538.0,False,0,Android,hash_363575,134,7,6,0.0,2.0,2.0,0.0,0.0,0.0,0.0,1.0,370.0,74.0,0.8258286903354591,1,620000.0,normal
CR001115,CL01015,2025-07-14,Crédito libre inversión,1950000,9,0.018,237000,App,585,0.3823,Manual,Mora severa,1,2025-03-15,Caldas,Manizales,53,F,3,Universitario,Desempleado,620000.0,Campaña digital,538.0,False,0,Android,hash_363575,121,7,0,0.0,2.0,2.0,0.0,0.0,0.0,0.0,1.0,370.0,74.0,0.7740015805550553,1,620000.0,normal
CR001116,CL01016,2025-09-06,Crédito libre inversión,3250000,12,0.0182,304000,Web,900,0.0498,Automática,Activo,0,2025-04-06,Valle del Cauca,Cali,38,F,4,Universitario,Empleado,6110000.0,Campaña digital,711.0,True,0,iOS,hash_397214,153,9,5,0.0,2.0,0.0,0.0,0.0,1.0,0.0,1.0,572.0,143.0,0.2055196582854461,0,6110000.0,normal
CR001117,CL01017,2024-09-16,Crédito libre inversión,2600000,6,0.0178,461000,App,742,0.2058,Automática,Mora moderada,1,2024-08-16,Bogotá D.C.,Bogotá,29,M,1,Universitario,Conductor/Repartidor,2240000.0,Campaña digital,436.0,False,2,iOS,hash_990432,31,9,0,0.0,0.0,0.0,0.0,0.0,0.0,0.0,0.0,0.0,0.0,0.8126240122519578,1,2240000.0,normal
CR001118,CL01018,2024-08-11,Crédito consumo digital,750000,12,0.0255,73000,Aliado,868,0.0315,Automática,Finalizado,0,2024-02-09,Bolívar,Cartagena,82,F,2,Bachiller,Empleado,2320000.0,App orgánico,719.0,False,0,Android,hash_642358,184,8,6,0.0,0.0,0.0,0.0,0.0,0.0,0.0,0.0,0.0,0.0,0.26789058058902376,0,2320000.0,normal
CR001119,CL01019,2024-08-22,Microcrédito,4500000,24,0.0274,258000,App,817,0.1004,Automática,Mora severa,1,2024-04-10,Atlántico,Barranquilla,33,M,2,Bachiller,Empleado,2570000.0,App orgánico,547.0,True,2,Android,hash_336424,134,8,3,0.0,1.0,2.0,0.0,0.0,0.0,0.0,0.0,668.0,222.66666666666666,0.6247537991379617,1,2570000.0,normal
CR001120,CL01019,2025-11-09,Avance de nómina,500000,6,0.0279,92000,App,779,0.0358,Automática,Activo,0,2024-04-10,Atlántico,Barranquilla,33,M,2,Bachiller,Empleado,2570000.0,App orgánico,547.0,True,2,Android,hash_336424,578,11,6,0.0,3.0,3.0,2.0,0.0,1.0,1.0,2.0,1814.0,151.16666666666666,0.39926571855580917,0,2570000.0,normal
CR001121,CL01020,2026-01-04,Crédito consumo digital,1300000,12,0.0342,134000,Aliado,853,0.0381,Automática,Activo,0,2024-12-27,Bogotá D.C.,Bogotá,40,M,4,Sin información,Empleado,3520000.0,App orgánico,592.0,False,2,Android,hash_397691,373,1,6,0.0,3.0,1.0,1.0,0.0,2.0,0.0,1.0,1462.0,182.75,0.13326940452015495,0,3520000.0,normal
CR001122,CL01021,2025-12-02,Crédito libre inversión,6450000,18,0.026,453000,Aliado,840,0.2004,Automática,Activo,0,2025-10-10,Santander,Bucaramanga,41,M,2,Bachiller,Independiente,2260000.0,Campaña digital,504.0,True,2,Android,hash_459271,53,12,1,1.0,1.0,2.0,1.0,0.0,0.0,0.0,1.0,872.0,145.33333333333334,0.6065475453285684,1,2260000.0,normal
CR001123,CL01022,2025-01-29,Crédito consumo digital,2250000,6,0.0336,420000,App,900,0.0959,Automática,Finalizado,0,2023-07-05,Cundinamarca,Soacha,30,F,3,Sin información,Microempresario,4380000.0,Aliado comercial,747.0,False,3,Android,hash_967414,574,1,2,0.0,1.0,3.0,0.0,1.0,2.0,0.0,0.0,1179.0,168.42857142857142,0.1904993270563493,0,4380000.0,normal
CR001124,CL01025,2025-12-01,Crédito libre inversión,5700000,6,0.0321,1059000,Call center,900,0.2179,Automática,Activo,0,2025-08-12,Bogotá D.C.,Bogotá,53,M,5,Técnico/Tecnólogo,Microempresario,4860000.0,Campaña digital,675.0,True,1,Android,hash_912082,111,12,0,0.0,1.0,0.0,2.0,0.0,2.0,0.0,0.0,875.0,175.0,0.260687987540473,0,4860000.0,normal
CR001125,CL01026,2024-09-18,Crédito consumo digital,4750000,6,0.03,877000,App,900,0.1491,Automática,Finalizado,0,2023-04-12,Bogotá D.C.,Bogotá,40,M,4,Técnico/Tecnólogo,Independiente,5880000.0,Referido,766.0,False,1,Web,hash_804825,525,9,2,0.0,3.0,0.0,0.0,0.0,0.0,0.0,1.0,855.0,213.75,0.49687882479392287,0,5880000.0,normal
CR001126,CL01028,2025-01-27,Crédito libre inversión,1900000,9,0.0196,232000,App,799,0.1536,Automática,Finalizado,0,2023-07-30,Antioquia,Medellín,37,M,1,Universitario,Empleado,1510000.0,Campaña digital,591.0,True,3,Android,hash_810787,547,1,0,0.0,0.0,0.0,0.0,1.0,1.0,0.0,0.0,874.0,437.0,0.3397404550431237,0,1510000.0,normal
CR001127,CL01029,2025-06-08,Crédito libre inversión,7550000,6,0.0272,1381000,Web,725,0.4384,Manual,Finalizado,0,2023-12-15,Norte de Santander,Cúcuta,42,M,3,Bachiller,Microempresario,3150000.0,Call center,577.0,False,0,Web,hash_712274,541,6,6,0.0,0.0,2.0,0.0,1.0,2.0,0.0,0.0,493.0,98.6,0.5300917499554612,1,3150000.0,normal
CR001128,CL01030,2025-07-13,Crédito consumo digital,600000,6,0.0267,110000,Aliado,756,0.0759,Automática,Finalizado,0,2025-05-31,Bogotá D.C.,Bogotá,26,F,3,Técnico/Tecnólogo,Independiente,1450000.0,Campaña digital,550.0,True,2,Web,hash_595446,43,7,6,0.0,0.0,0.0,0.0,0.0,1.0,0.0,1.0,255.0,127.5,0.6456157196794593,1,1450000.0,normal
CR001129,CL01031,2025-11-24,Crédito consumo digital,1750000,6,0.0258,319000,App,802,0.1208,Automática,Activo,0,2024-01-14,Santander,Bucaramanga,33,F,3,Técnico/Tecnólogo,Comerciante,2640000.0,Call center,516.0,False,4,Android,hash_300229,680,11,0,0.0,1.0,2.0,1.0,0.0,1.0,0.0,1.0,984.0,164.0,0.5208985528801646,1,2640000.0,normal
CR001130,CL01032,2024-10-10,Crédito libre inversión,8000000,24,0.0252,448000,App,862,0.1082,Automática,Mora severa,1,2024-06-14,Antioquia,Medellín,19,M,3,Bachiller,Conductor/Repartidor,4140000.0,Campaña digital,557.0,False,4,Android,hash_975534,118,10,3,0.0,0.0,1.0,0.0,0.0,1.0,0.0,0.0,327.0,163.5,0.7787220928205885,1,4140000.0,normal
CR001131,CL01032,2025-11-11,Microcrédito,2800000,12,0.0438,305000,Web,900,0.0737,Automática,Activo,0,2024-06-14,Antioquia,Medellín,19,M,3,Bachiller,Conductor/Repartidor,4140000.0,Campaña digital,557.0,False,4,Android,hash_975534,515,11,1,0.0,0.0,2.0,4.0,1.0,2.0,1.0,0.0,1795.0,179.5,0.6258758224608851,1,4140000.0,normal
CR001132,CL01033,2024-11-18,Microcrédito,1450000,12,0.0258,142000,Aliado,692,0.1203,Automática,Mora severa,1,2024-01-31,Santander,Bucaramanga,40,F,1,Bachiller,Conductor/Repartidor,1180000.0,Call center,383.0,False,0,Android,hash_312690,292,11,0,0.0,2.0,3.0,0.0,0.0,0.0,0.0,0.0,1074.0,214.8,0.7109932768582888,1,1180000.0,normal
CR001133,CL01033,2025-11-21,Avance de nómina,400000,6,0.0237,72000,Aliado,661,0.061,Automática,Activo,0,2024-01-31,Santander,Bucaramanga,40,F,1,Bachiller,Conductor/Repartidor,1180000.0,Call center,383.0,False,0,Android,hash_312690,660,11,4,0.0,2.0,6.0,2.0,0.0,0.0,0.0,1.0,1830.0,166.36363636363637,0.5526159116444725,1,1180000.0,normal
CR001134,CL01035,2025-07-22,Crédito consumo digital,600000,9,0.0259,76000,Web,785,0.0455,Automática,Finalizado,0,2024-10-16,Atlántico,Barranquilla,31,M,2,Bachiller,Pensionado,1670000.0,Aliado comercial,543.0,False,1,Android,hash_299460,279,7,1,0.0,1.0,1.0,1.0,0.0,0.0,0.0,0.0,484.0,161.33333333333334,0.6007271822690793,1,1670000.0,normal
CR001135,CL01036,2025-02-25,Crédito libre inversión,2150000,6,0.0321,400000,App,695,0.5714,Excepción,Mora moderada,1,2023-10-18,Cundinamarca,Soacha,52,M,4,Universitario,Desempleado,700000.0,App orgánico,562.0,False,0,Android,hash_880143,496,2,1,0.0,2.0,3.0,0.0,0.0,1.0,0.0,1.0,1312.0,187.42857142857142,0.6826026151205907,1,700000.0,normal
CR001136,CL01037,2026-01-10,Crédito libre inversión,1900000,9,0.0285,242000,App,788,0.1551,Automática,Activo,0,2024-03-29,Valle del Cauca,Cali,24,F,2,Posgrado,Comerciante,1560000.0,App orgánico,601.0,True,2,Android,hash_977112,652,1,5,0.0,1.0,1.0,0.0,0.0,1.0,1.0,0.0,496.0,124.0,0.41917594419164494,0,1560000.0,normal
CR001137,CL01038,2024-05-10,Crédito consumo digital,750000,6,0.0208,134000,Web,729,0.2,Automática,Mora severa,1,2023-05-13,Atlántico,Barranquilla,21,F,1,Universitario,Estudiante,670000.0,App orgánico,395.0,False,3,iOS,hash_290563,363,5,4,0.0,0.0,1.0,0.0,0.0,1.0,0.0,1.0,446.0,148.66666666666666,0.7509752185281889,1,670000.0,normal
CR001138,CL01040,2026-02-01,Crédito libre inversión,4700000,6,0.021,842000,Call center,881,0.2934,Automática,Activo,0,2025-03-06,Atlántico,Barranquilla,46,M,4,Técnico/Tecnólogo,Empleado,2870000.0,Referido,717.0,False,1,iOS,hash_814355,332,2,6,2.0,1.0,0.0,0.0,0.0,1.0,0.0,0.0,400.0,100.0,0.3233337270572097,0,2870000.0,normal
CR001139,CL01041,2025-04-16,Crédito libre inversión,4300000,12,0.0295,431000,App,849,0.189,Automática,Finalizado,0,2024-03-22,Atlántico,Barranquilla,53,F,1,Universitario,Empleado,2280000.0,Referido,616.0,False,1,Android,hash_663723,390,4,2,0.0,0.0,2.0,0.0,0.0,0.0,1.0,0.0,650.0,216.66666666666666,0.47378037970859127,0,2280000.0,normal
CR001140,CL01043,2024-10-30,Crédito libre inversión,1700000,24,0.0295,100000,App,886,0.0392,Automática,Mora moderada,1,2024-03-27,Bogotá D.C.,Bogotá,47,F,5,Bachiller,Conductor/Repartidor,2550000.0,Campaña digital,526.0,False,1,Android,hash_255562,217,10,2,0.0,1.0,2.0,0.0,0.0,0.0,2.0,0.0,865.0,173.0,0.712916927360343,1,2550000.0,normal
CR001141,CL01043,2025-01-24,Crédito consumo digital,2850000,6,0.0204,510000,Aliado,795,0.2,Automática,Mora severa,1,2024-03-27,Bogotá D.C.,Bogotá,47,F,5,Bachiller,Conductor/Repartidor,2550000.0,Campaña digital,526.0,False,1,Android,hash_255562,303,1,4,0.0,1.0,2.0,1.0,0.0,0.0,2.0,0.0,870.0,145.0,0.43876457248547923,0,2550000.0,normal
CR001142,CL01043,2025-12-04,Avance de nómina,450000,9,0.0211,55000,Aliado,786,0.0216,Automática,Activo,0,2024-03-27,Bogotá D.C.,Bogotá,47,F,5,Bachiller,Conductor/Repartidor,2550000.0,Campaña digital,526.0,False,1,Android,hash_255562,617,12,3,1.0,2.0,3.0,3.0,0.0,0.0,2.0,0.0,1497.0,136.0909090909091,0.49580719538063756,0,2550000.0,normal
CR001143,CL01044,2024-08-12,Crédito libre inversión,5200000,9,0.0275,660000,App,804,0.2568,Automática,Mora severa,1,2024-02-27,Antioquia,Medellín,36,M,2,Bachiller,Empleado,2570000.0,Aliado comercial,537.0,False,1,iOS,hash_605365,167,8,0,0.0,0.0,0.0,0.0,1.0,0.0,0.0,0.0,406.0,406.0,0.5848886514825735,1,2570000.0,normal
CR001144,CL01045,2025-08-05,Crédito libre inversión,3250000,3,0.032,1153000,App,803,0.4486,Manual,Finalizado,0,2023-03-16,Antioquia,Medellín,34,F,4,Universitario,Independiente,2570000.0,App orgánico,627.0,True,0,Android,hash_993708,873,8,1,0.0,2.0,1.0,1.0,0.0,1.0,0.0,1.0,637.0,106.16666666666667,0.4063685268764086,0,2570000.0,normal
CR001145,CL01046,2025-04-16,Crédito libre inversión,13050000,6,0.0292,2403000,Call center,900,0.4401,Manual,Finalizado,0,2023-06-29,Atlántico,Barranquilla,45,M,5,Sin información,Independiente,5460000.0,Campaña digital,777.0,False,0,iOS,hash_513997,657,4,2,1.0,0.0,4.0,0.0,0.0,1.0,0.0,0.0,1320.0,220.0,0.4133455892462767,0,5460000.0,normal
CR001146,CL01047,2025-02-10,Avance de nómina,1450000,6,0.0282,266000,App,805,0.1035,Automática,Finalizado,0,2023-09-27,Bogotá D.C.,Bogotá,43,M,3,Técnico/Tecnólogo,Comerciante,2570000.0,Campaña digital,612.0,False,3,iOS,hash_314075,502,2,0,0.0,1.0,0.0,2.0,0.0,0.0,0.0,0.0,595.0,198.33333333333334,0.32488614591326526,0,2570000.0,normal
CR001147,CL01048,2025-05-11,Avance de nómina,900000,18,0.0252,63000,App,767,0.0364,Automática,Mora severa,1,2025-10-24,Santander,Bucaramanga,20,F,2,Bachiller,Independiente,1730000.0,App orgánico,488.0,False,0,Android,hash_768234,-166,5,6,0.0,0.0,0.0,0.0,0.0,0.0,0.0,0.0,0.0,0.0,0.7858154844735127,1,1730000.0,normal
CR001148,CL01051,2023-07-31,Microcrédito,1350000,24,0.0393,88000,Aliado,730,0.0807,Automática,Mora severa,1,2023-02-14,Antioquia,Medellín,30,M,2,Bachiller,Independiente,1090000.0,Campaña digital,448.0,True,0,Android,hash_371993,167,7,0,0.0,1.0,0.0,0.0,0.0,0.0,0.0,0.0,198.0,198.0,0.8788346462906345,1,1090000.0,normal
CR001149,CL01053,2025-11-04,Crédito consumo digital,800000,12,0.026,78000,App,789,0.0375,Automática,Mora moderada,1,2025-08-07,Bogotá D.C.,Bogotá,41,M,3,Técnico/Tecnólogo,Empleado,2080000.0,App orgánico,558.0,False,1,Android,hash_497774,89,11,1,0.0,1.0,0.0,1.0,0.0,1.0,0.0,0.0,558.0,186.0,0.569221805797638,1,2080000.0,normal
CR001150,CL01054,2025-10-04,Crédito libre inversión,2450000,9,0.0286,313000,App,891,0.119,Automática,Activo,0,2025-11-11,Valle del Cauca,Cali,39,F,3,Sin información,Pensionado,2630000.0,Campaña digital,622.0,False,3,Web,hash_438233,-38,10,5,0.0,0.0,0.0,0.0,0.0,0.0,0.0,0.0,0.0,0.0,0.3729595429491966,0,2630000.0,normal
CR001151,CL01055,2026-02-13,Microcrédito,2250000,6,0.0276,412000,Web,769,0.1839,Automática,Activo,0,2024-08-09,Bolívar,Cartagena,30,M,2,Universitario,Comerciante,2240000.0,App orgánico,486.0,False,2,Android,hash_567741,553,2,4,1.0,0.0,1.0,0.0,0.0,1.0,0.0,2.0,504.0,100.8,0.6375290229944949,1,2240000.0,normal
CR001152,CL01056,2023-09-29,Microcrédito,1450000,6,0.0399,277000,Aliado,715,0.1937,Automática,Mora severa,1,2023-09-12,Antioquia,Medellín,29,F,4,Técnico/Tecnólogo,Independiente,1430000.0,App orgánico,574.0,False,3,Android,hash_526375,17,9,4,0.0,0.0,0.0,0.0,0.0,0.0,0.0,0.0,0.0,0.0,0.6743648761718493,1,1430000.0,normal
CR001153,CL01058,2023-12-20,Crédito consumo digital,250000,9,0.0261,32000,Call center,777,0.0492,Automática,Mora moderada,1,2023-04-30,Antioquia,Medellín,48,M,3,Bachiller,Desempleado,650000.0,Campaña digital,488.0,False,1,Android,hash_112741,234,12,2,0.0,0.0,1.0,0.0,0.0,0.0,0.0,0.0,77.0,77.0,0.8425106611489119,1,650000.0,normal
CR001154,CL01059,2024-12-05,Crédito consumo digital,1550000,9,0.0214,191000,Web,900,0.0408,Automática,Finalizado,0,2023-09-25,Atlántico,Barranquilla,41,M,3,Sin información,Empleado,4680000.0,Call center,667.0,False,1,Android,hash_613207,437,12,3,0.0,1.0,3.0,1.0,0.0,0.0,0.0,0.0,898.0,179.6,0.27797716257764016,0,4680000.0,normal
CR001155,CL01061,2025-10-01,Crédito consumo digital,850000,9,0.037,113000,App,845,0.0897,Automática,Activo,0,2025-01-08,Norte de Santander,Cúcuta,44,F,2,Bachiller,Independiente,1260000.0,Referido,570.0,True,4,Android,hash_406732,266,10,2,2.0,3.0,0.0,1.0,1.0,0.0,2.0,0.0,1117.0,124.11111111111111,0.4416367113251754,0,1260000.0,normal
CR001156,CL01062,2025-07-07,Crédito consumo digital,1350000,18,0.0254,94000,App,867,0.0503,Automática,Mora moderada,1,2025-01-10,Bogotá D.C.,Bogotá,19,M,2,Técnico/Tecnólogo,Empleado,1870000.0,App orgánico,543.0,True,2,Android,hash_222082,178,7,0,0.0,1.0,0.0,0.0,0.0,0.0,0.0,0.0,222.0,222.0,0.6607812805925511,1,1870000.0,normal
CR001157,CL01063,2024-07-05,Crédito consumo digital,1350000,12,0.0309,136000,App,852,0.0422,Automática,Finalizado,0,2024-05-28,Meta,Villavicencio,47,M,4,Bachiller,Independiente,3220000.0,Aliado comercial,630.0,False,1,Web,hash_508107,38,7,4,0.0,0.0,0.0,0.0,0.0,0.0,0.0,0.0,0.0,0.0,0.2199378998615907,0,3220000.0,normal
CR001158,CL01064,2024-04-29,Crédito consumo digital,950000,6,0.0235,172000,App,830,0.0623,Automática,Finalizado,0,2024-01-06,Bogotá D.C.,Bogotá,19,F,2,Universitario,Empleado,2760000.0,Referido,711.0,False,0,iOS,hash_746905,114,4,0,0.0,0.0,0.0,0.0,0.0,0.0,0.0,0.0,0.0,0.0,0.3025074978697275,0,2760000.0,normal
CR001159,CL01065,2024-10-10,Crédito consumo digital,1750000,18,0.0382,136000,App,869,0.0971,Automática,Mora moderada,1,2024-04-06,Atlántico,Barranquilla,32,F,3,Universitario,Conductor/Repartidor,1400000.0,Referido,596.0,False,2,Android,hash_801983,187,10,3,0.0,1.0,1.0,0.0,0.0,0.0,0.0,1.0,217.0,72.33333333333333,0.6275942476337583,1,1400000.0,normal
CR001160,CL01066,2025-10-03,Avance de nómina,450000,12,0.0268,44000,App,859,0.0155,Automática,Activo,0,2025-03-03,Valle del Cauca,Cali,25,M,4,Bachiller,Pensionado,2840000.0,Aliado comercial,576.0,True,0,Android,hash_331059,214,10,4,0.0,1.0,0.0,0.0,0.0,0.0,0.0,1.0,881.0,440.5,0.40971003379509924,0,2840000.0,normal
CR001161,CL01067,2024-04-26,Microcrédito,2550000,6,0.0449,494000,Call center,793,0.2245,Automática,Finalizado,0,2023-11-17,Bolívar,Cartagena,23,F,3,Universitario,Empleado,2200000.0,Campaña digital,575.0,False,1,Android,hash_989920,161,4,4,0.0,0.0,1.0,0.0,0.0,1.0,0.0,0.0,511.0,255.5,0.5159594353695662,1,2200000.0,normal
CR001162,CL01070,2026-02-15,Crédito libre inversión,12450000,12,0.0233,1202000,App,900,0.3284,Automática,Activo,0,2024-03-08,Bogotá D.C.,Bogotá,39,F,3,Universitario,Microempresario,3660000.0,Aliado comercial,720.0,False,1,Android,hash_279598,709,2,6,1.0,3.0,6.0,1.0,0.0,2.0,2.0,3.0,3486.0,193.66666666666666,0.3261464656638789,0,3660000.0,normal
CR001163,CL01070,2025-02-08,Crédito consumo digital,1900000,6,0.0254,345000,App,900,0.0943,Automática,Finalizado,0,2024-03-08,Bogotá D.C.,Bogotá,39,F,3,Universitario,Microempresario,3660000.0,Aliado comercial,720.0,False,1,Android,hash_279598,337,2,5,0.0,1.0,1.0,0.0,0.0,2.0,2.0,1.0,1405.0,200.71428571428572,0.2889812345206755,0,3660000.0,normal
CR001164,CL01071,2026-03-07,Crédito consumo digital,1000000,6,0.0317,186000,Web,900,0.0637,Automática,Activo,0,2025-05-23,Risaralda,Pereira,36,F,6,Técnico/Tecnólogo,Independiente,2920000.0,Campaña digital,696.0,False,1,iOS,hash_128082,288,3,5,0.0,1.0,2.0,0.0,0.0,0.0,0.0,1.0,567.0,141.75,0.2228050690253185,0,2920000.0,normal
CR001165,CL01071,2026-02-01,Avance de nómina,500000,12,0.0212,48000,Aliado,900,0.0164,Automática,Activo,0,2025-05-23,Risaralda,Pereira,36,F,6,Técnico/Tecnólogo,Independiente,2920000.0,Campaña digital,696.0,False,1,iOS,hash_128082,254,2,6,0.0,1.0,2.0,0.0,0.0,0.0,0.0,1.0,567.0,141.75,0.2501661440876094,0,2920000.0,normal
CR001166,CL01072,2025-11-22,Crédito libre inversión,9700000,18,0.0335,726000,Aliado,873,0.1729,Automática,Activo,0,2023-11-06,Valle del Cauca,Cali,41,M,5,Técnico/Tecnólogo,Empleado,4200000.0,Aliado comercial,626.0,False,1,Android,hash_113882,747,11,5,0.0,4.0,2.0,0.0,0.0,0.0,1.0,0.0,914.0,130.57142857142858,0.22746366564386822,0,4200000.0,normal
CR001167,CL01073,2026-01-04,Crédito libre inversión,2200000,9,0.0301,283000,App,841,0.2081,Automática,Activo,0,2025-02-16,Norte de Santander,Cúcuta,37,M,3,Técnico/Tecnólogo,Comerciante,1360000.0,Referido,601.0,False,1,Android,hash_747786,322,1,6,0.0,0.0,3.0,2.0,0.0,3.0,0.0,2.0,1793.0,179.3,0.254661189096986,0,1360000.0,normal
CR001168,CL01075,2024-11-05,Crédito consumo digital,3700000,3,0.0224,1289000,App,900,0.1876,Automática,Finalizado,0,2023-09-25,Bogotá D.C.,Bogotá,46,M,4,Técnico/Tecnólogo,Empleado,6870000.0,Campaña digital,799.0,False,1,Android,hash_324903,407,11,1,0.0,4.0,1.0,1.0,0.0,0.0,0.0,0.0,836.0,139.33333333333334,0.128255224432354,0,6870000.0,normal
CR001169,CL01078,2025-01-09,Crédito consumo digital,3150000,6,0.0251,572000,Web,893,0.1238,Automática,Finalizado,0,2024-11-15,Norte de Santander,Cúcuta,32,M,3,Universitario,Empleado,4620000.0,Campaña digital,613.0,False,2,Android,hash_487581,55,1,3,1.0,0.0,0.0,0.0,0.0,0.0,1.0,0.0,520.0,260.0,0.2698193995730425,0,4620000.0,normal
CR001170,CL01080,2025-05-14,Microcrédito,1850000,9,0.0349,243000,App,876,0.0745,Automática,Mora severa,1,2025-08-19,Bogotá D.C.,Bogotá,45,F,2,Técnico/Tecnólogo,Independiente,3260000.0,App orgánico,637.0,True,1,iOS,hash_540769,-97,5,2,0.0,0.0,0.0,0.0,0.0,0.0,0.0,0.0,0.0,0.0,0.2621982884403431,0,3260000.0,normal
CR001171,CL01082,2025-04-22,Crédito libre inversión,2050000,12,0.0276,203000,Web,831,0.0668,Automática,Mora severa,1,2023-06-28,Caldas,Manizales,33,M,2,Técnico/Tecnólogo,Comerciante,3040000.0,Campaña digital,507.0,False,2,Android,hash_677076,664,4,1,0.0,0.0,2.0,3.0,0.0,2.0,0.0,1.0,1280.0,160.0,0.6220958484732191,1,3040000.0,normal
CR001172,CL01083,2024-11-07,Avance de nómina,350000,9,0.0239,44000,Web,779,0.0333,Automática,Mora severa,1,2023-09-17,Cundinamarca,Soacha,33,F,2,Técnico/Tecnólogo,Empleado,1320000.0,Aliado comercial,494.0,True,2,Android,hash_373827,417,11,3,0.0,1.0,2.0,0.0,1.0,1.0,0.0,0.0,497.0,99.4,0.6650122014968324,1,1320000.0,normal
CR001173,CL01083,2024-08-28,Crédito libre inversión,1700000,24,0.0178,88000,App,849,0.0667,Automática,Mora moderada,1,2023-09-17,Cundinamarca,Soacha,33,F,2,Técnico/Tecnólogo,Empleado,1320000.0,Aliado comercial,494.0,True,2,Android,hash_373827,346,8,2,0.0,1.0,1.0,0.0,1.0,1.0,0.0,0.0,338.0,84.5,0.7160651306781791,1,1320000.0,normal
CR001174,CL01084,2026-03-08,Crédito libre inversión,2300000,18,0.0264,162000,Web,747,0.0871,Automática,Activo,0,2024-04-21,Santander,Bucaramanga,57,F,2,Sin información,Pensionado,1860000.0,Aliado comercial,553.0,False,0,iOS,hash_983951,686,3,6,0.0,5.0,3.0,1.0,0.0,2.0,0.0,3.0,2130.0,152.14285714285714,0.2222697703788491,0,1860000.0,normal
CR001175,CL01084,2025-10-10,Crédito consumo digital,450000,9,0.0276,57000,Web,829,0.0306,Automática,Activo,0,2024-04-21,Santander,Bucaramanga,57,F,2,Sin información,Pensionado,1860000.0,Aliado comercial,553.0,False,0,iOS,hash_983951,537,10,4,0.0,4.0,3.0,1.0,0.0,1.0,0.0,3.0,1622.0,135.16666666666666,0.19069617311005216,0,1860000.0,normal
CR001176,CL01086,2023-10-05,Crédito consumo digital,800000,6,0.0343,150000,Call center,816,0.1027,Automática,Finalizado,0,2023-05-12,Valle del Cauca,Cali,40,M,1,Universitario,Conductor/Repartidor,1460000.0,Aliado comercial,365.0,False,4,Android,hash_874393,146,10,3,0.0,0.0,0.0,0.0,0.0,0.0,0.0,1.0,93.0,93.0,0.7814123575372356,1,1460000.0,normal
CR001177,CL01087,2023-07-02,Microcrédito,3600000,24,0.041,238000,App,883,0.0645,Automática,Finalizado,0,2023-02-23,Bogotá D.C.,Bogotá,46,M,5,Bachiller,Comerciante,3690000.0,Campaña digital,703.0,False,1,Android,hash_265961,129,7,6,0.0,0.0,1.0,0.0,0.0,0.0,0.0,0.0,121.0,121.0,0.2996700725244619,0,3690000.0,normal
CR001178,CL01087,2023-05-15,Microcrédito,1500000,9,0.0382,200000,App,868,0.0542,Automática,Finalizado,0,2023-02-23,Bogotá D.C.,Bogotá,46,M,5,Bachiller,Comerciante,3690000.0,Campaña digital,703.0,False,1,Android,hash_265961,81,5,0,0.0,0.0,1.0,0.0,0.0,0.0,0.0,0.0,121.0,121.0,0.21006488781184182,0,3690000.0,normal
CR001179,CL01089,2024-06-07,Crédito consumo digital,850000,9,0.0383,113000,Call center,695,0.0876,Automática,Mora moderada,1,2024-04-25,Bogotá D.C.,Bogotá,33,M,1,Posgrado,Estudiante,1290000.0,App orgánico,504.0,True,0,Android,hash_409345,43,6,4,0.0,0.0,0.0,0.0,0.0,0.0,0.0,0.0,0.0,0.0,0.675680987665741,1,1290000.0,normal
CR001180,CL01089,2025-12-11,Crédito consumo digital,600000,9,0.036,79000,App,785,0.0612,Automática,Activo,0,2024-04-25,Bogotá D.C.,Bogotá,33,M,1,Posgrado,Estudiante,1290000.0,App orgánico,504.0,True,0,Android,hash_409345,595,12,3,0.0,3.0,1.0,1.0,0.0,3.0,0.0,0.0,1674.0,209.25,0.47539741571092303,0,1290000.0,normal
CR001181,CL01093,2025-04-19,Crédito consumo digital,2850000,12,0.0358,296000,Call center,885,0.0753,Automática,Finalizado,0,2024-10-19,Cundinamarca,Soacha,43,M,4,Universitario,Empleado,3930000.0,Referido,589.0,True,2,Android,hash_606911,182,4,5,0.0,0.0,0.0,0.0,0.0,0.0,0.0,0.0,0.0,0.0,0.38384725470843856,0,3930000.0,normal
CR001182,CL01095,2023-08-03,Crédito consumo digital,1250000,12,0.0245,121000,App,829,0.0442,Automática,Finalizado,0,2023-02-03,Valle del Cauca,Cali,43,F,3,Técnico/Tecnólogo,Empleado,2740000.0,Call center,615.0,True,0,Android,hash_912026,181,8,3,1.0,1.0,2.0,1.0,0.0,1.0,0.0,0.0,777.0,129.5,0.3900641902011306,0,2740000.0,normal
CR001183,CL01095,2024-12-03,Microcrédito,6500000,6,0.043,1252000,Aliado,777,0.4569,Manual,Mora severa,1,2023-02-03,Valle del Cauca,Cali,43,F,3,Técnico/Tecnólogo,Empleado,2740000.0,Call center,615.0,True,0,Android,hash_912026,669,12,1,1.0,3.0,4.0,2.0,0.0,1.0,0.0,0.0,1146.0,104.18181818181819,0.5133375047248355,1,2740000.0,normal
CR001184,CL01096,2025-01-18,Microcrédito,1000000,12,0.0308,101000,Call center,780,0.0687,Automática,Finalizado,0,2023-09-30,Valle del Cauca,Cali,35,F,2,Universitario,Comerciante,1470000.0,Aliado comercial,555.0,False,2,Android,hash_816748,476,1,5,1.0,3.0,3.0,0.0,0.0,1.0,0.0,0.0,1552.0,194.0,0.38263901792502364,0,1470000.0,normal
CR001185,CL01096,2025-09-10,Crédito libre inversión,1100000,12,0.0295,110000,Aliado,802,0.0748,Automática,Activo,0,2023-09-30,Valle del Cauca,Cali,35,F,2,Universitario,Comerciante,1470000.0,Aliado comercial,555.0,False,2,Android,hash_816748,711,9,2,1.0,4.0,3.0,0.0,0.0,1.0,1.0,1.0,2158.0,196.1818181818182,0.46189079278084183,0,1470000.0,normal
CR001186,CL01097,2025-11-24,Crédito libre inversión,1100000,12,0.03,111000,App,765,0.038,Automática,Activo,0,2024-09-23,Bolívar,Cartagena,37,M,3,Bachiller,Comerciante,2920000.0,Campaña digital,583.0,False,0,iOS,hash_374006,427,11,0,1.0,1.0,3.0,0.0,2.0,2.0,0.0,0.0,825.0,91.66666666666667,0.47327754142784356,0,2920000.0,normal
CR001187,CL01098,2025-12-23,Crédito consumo digital,550000,6,0.0296,101000,App,840,0.0488,Automática,Activo,0,2025-10-04,Valle del Cauca,Cali,19,M,3,Técnico/Tecnólogo,Comerciante,2070000.0,App orgánico,561.0,False,2,iOS,hash_371759,80,12,1,0.0,0.0,1.0,1.0,0.0,1.0,1.0,0.0,762.0,190.5,0.531510127432663,1,2070000.0,normal
CR001188,CL01099,2025-10-31,Avance de nómina,500000,3,0.0223,174000,App,868,0.1689,Automática,Finalizado,0,2025-11-09,Bogotá D.C.,Bogotá,45,M,1,Bachiller,Empleado,1030000.0,App orgánico,523.0,False,0,Android,hash_520647,-9,10,4,0.0,0.0,0.0,0.0,0.0,0.0,0.0,0.0,0.0,0.0,0.4431362114688282,0,1030000.0,normal
CR001189,CL01099,2025-07-11,Crédito libre inversión,800000,6,0.0184,142000,Aliado,777,0.1379,Automática,Mora severa,1,2025-11-09,Bogotá D.C.,Bogotá,45,M,1,Bachiller,Empleado,1030000.0,App orgánico,523.0,False,0,Android,hash_520647,-121,7,4,0.0,0.0,0.0,0.0,0.0,0.0,0.0,0.0,0.0,0.0,0.6757771294457351,1,1030000.0,normal
CR001190,CL01100,2025-09-01,Avance de nómina,3950000,6,0.0202,706000,Aliado,900,0.0767,Automática,Finalizado,0,2025-05-14,Valle del Cauca,Cali,39,F,4,Técnico/Tecnólogo,Empleado,9200000.0,Campaña digital,812.0,False,1,Android,hash_751110,110,9,0,1.0,0.0,3.0,1.0,0.0,0.0,1.0,1.0,1499.0,214.14285714285714,0.1761213136683979,0,7082400.000000003,outlier_real
CR001191,CL01100,2026-01-10,Crédito libre inversión,9600000,6,0.0237,1735000,Aliado,900,0.1886,Automática,Activo,0,2025-05-14,Valle del Cauca,Cali,39,F,4,Técnico/Tecnólogo,Empleado,9200000.0,Campaña digital,812.0,False,1,Android,hash_751110,241,1,5,1.0,3.0,4.0,1.0,0.0,1.0,1.0,1.0,2422.0,201.83333333333334,0.18043517008619575,0,7082400.000000003,outlier_real
CR001192,CL01101,2025-07-17,Crédito libre inversión,1350000,12,0.028,134000,App,792,0.0713,Automática,Mora severa,1,2024-02-20,Bogotá D.C.,Bogotá,46,F,5,Posgrado,Desempleado,1880000.0,Aliado comercial,616.0,True,1,Web,hash_925307,513,7,3,1.0,2.0,5.0,0.0,0.0,1.0,0.0,0.0,1115.0,123.88888888888889,0.4548140715482832,0,1880000.0,normal
CR001193,CL01101,2024-11-30,Microcrédito,1500000,12,0.028,149000,App,770,0.0793,Automática,Mora severa,1,2024-02-20,Bogotá D.C.,Bogotá,46,F,5,Posgrado,Desempleado,1880000.0,Aliado comercial,616.0,True,1,Web,hash_925307,284,11,5,0.0,1.0,1.0,0.0,0.0,1.0,0.0,0.0,502.0,167.33333333333334,0.5226588254416326,1,1880000.0,normal
CR001194,CL01102,2026-03-01,Crédito libre inversión,3100000,18,0.0277,221000,App,679,0.159,Automática,Activo,0,2025-12-30,Santander,Bucaramanga,19,M,2,Técnico/Tecnólogo,Conductor/Repartidor,1390000.0,Referido,446.0,False,1,Android,hash_231866,61,3,6,0.0,1.0,1.0,1.0,0.0,1.0,0.0,1.0,1154.0,230.8,0.55524113451004,1,1390000.0,normal
CR001195,CL01103,2025-10-21,Avance de nómina,1150000,12,0.0183,108000,App,848,0.0262,Automática,Activo,0,2025-08-27,Atlántico,Barranquilla,57,M,2,Universitario,Conductor/Repartidor,4130000.0,App orgánico,668.0,True,1,Android,hash_515844,55,10,1,0.0,0.0,1.0,0.0,0.0,0.0,0.0,1.0,462.0,231.0,0.29609735394544584,0,4130000.0,normal
CR001196,CL01104,2023-05-17,Crédito libre inversión,1050000,18,0.0271,75000,App,787,0.0636,Automática,Mora severa,1,2023-04-17,Bogotá D.C.,Bogotá,35,F,2,Técnico/Tecnólogo,Independiente,1180000.0,App orgánico,484.0,False,0,Android,hash_823163,30,5,2,0.0,0.0,0.0,0.0,0.0,0.0,0.0,0.0,0.0,0.0,0.8459121381785782,1,1180000.0,normal
CR001197,CL01106,2025-08-16,Microcrédito,1300000,3,0.0369,466000,Aliado,779,0.3128,Automática,Mora moderada,1,2025-09-14,Atlántico,Barranquilla,26,M,2,Técnico/Tecnólogo,Conductor/Repartidor,1490000.0,Campaña digital,469.0,False,2,Android,hash_262814,-29,8,5,0.0,0.0,0.0,0.0,0.0,0.0,0.0,0.0,0.0,0.0,0.7233660447873568,1,1490000.0,normal
CR001198,CL01107,2024-01-06,Microcrédito,1350000,12,0.0325,138000,Call center,779,0.1211,Automática,Mora severa,1,2023-02-18,Bogotá D.C.,Bogotá,42,M,2,Sin información,Conductor/Repartidor,1140000.0,Campaña digital,567.0,False,0,Android,hash_226026,322,1,5,0.0,1.0,0.0,0.0,0.0,0.0,1.0,1.0,380.0,126.66666666666667,0.6193413186048496,1,1140000.0,normal
CR001199,CL01108,2023-05-18,Crédito consumo digital,450000,12,0.0322,46000,App,741,0.039,Automática,Mora moderada,1,2023-03-17,Atlántico,Barranquilla,25,M,2,Universitario,Estudiante,1180000.0,Campaña digital,488.0,True,1,iOS,hash_348433,62,5,3,0.0,0.0,0.0,0.0,0.0,0.0,0.0,0.0,0.0,0.0,0.7219435388696395,1,1180000.0,normal
CR001200,CL01109,2025-02-01,Microcrédito,4850000,12,0.0354,503000,Web,666,0.2177,Automática,Finalizado,0,2023-06-04,Valle del Cauca,Cali,30,F,2,Universitario,Empleado,2310000.0,Campaña digital,588.0,False,0,Android,hash_579757,608,2,5,0.0,2.0,5.0,0.0,1.0,0.0,0.0,0.0,780.0,97.5,0.269129342390827,0,2310000.0,normal
CR001201,CL01111,2025-09-20,Crédito libre inversión,4500000,3,0.0172,1552000,App,760,0.7838,Excepción,Mora severa,1,2025-05-07,Antioquia,Medellín,34,M,2,Universitario,Independiente,1980000.0,Referido,398.0,True,1,Android,hash_827814,136,9,5,1.0,2.0,1.0,0.0,0.0,0.0,1.0,0.0,539.0,107.8,0.8286468875265189,1,1980000.0,normal
CR001202,CL01111,2025-10-24,Microcrédito,1500000,3,0.0328,533000,App,688,0.2692,Automática,Mora moderada,1,2025-05-07,Antioquia,Medellín,34,M,2,Universitario,Independiente,1980000.0,Referido,398.0,True,1,Android,hash_827814,170,10,4,1.0,3.0,1.0,0.0,0.0,0.0,1.0,0.0,769.0,128.16666666666666,0.5588652028334219,1,1980000.0,normal
CR001203,CL01112,2026-02-17,Crédito libre inversión,2100000,18,0.0249,146000,Web,704,0.0834,Automática,Activo,0,2025-09-17,Bogotá D.C.,Bogotá,38,F,2,Técnico/Tecnólogo,Empleado,1750000.0,Referido,469.0,False,4,Android,hash_249389,153,2,1,0.0,1.0,7.0,1.0,1.0,3.0,0.0,0.0,1993.0,153.30769230769232,0.3783809703051966,0,1750000.0,normal
CR001204,CL01113,2026-03-15,Avance de nómina,2450000,3,0.0184,847000,Call center,900,0.1149,Automática,Activo,0,2025-02-03,Cundinamarca,Soacha,45,M,4,Bachiller,Empleado,7370000.0,Referido,850.0,False,1,iOS,hash_516219,405,3,6,0.0,3.0,2.0,2.0,1.0,1.0,1.0,0.0,1676.0,167.6,0.16570029488852353,0,7082400.000000003,outlier_real
CR001205,CL01114,2025-12-12,Crédito libre inversión,4750000,12,0.0332,486000,Web,755,0.1442,Automática,Activo,0,2026-01-14,Cundinamarca,Soacha,41,M,2,Universitario,Empleado,3370000.0,Referido,527.0,False,1,Android,hash_492838,-33,12,4,0.0,0.0,0.0,0.0,0.0,0.0,0.0,0.0,0.0,0.0,0.625183837476132,1,3370000.0,normal
CR001206,CL01115,2023-11-24,Crédito consumo digital,1500000,12,0.0235,145000,App,653,0.0662,Automática,Mora severa,1,2023-04-27,Norte de Santander,Cúcuta,38,M,2,Universitario,Independiente,2190000.0,Campaña digital,535.0,False,1,Android,hash_245942,211,11,4,0.0,0.0,2.0,0.0,0.0,0.0,1.0,0.0,557.0,185.66666666666666,0.7711736567293342,1,2190000.0,normal
CR001207,CL01116,2024-11-25,Microcrédito,2900000,6,0.0409,555000,App,679,0.216,Automática,Mora moderada,1,2024-04-22,Bogotá D.C.,Bogotá,40,M,2,Universitario,Estudiante,2570000.0,Campaña digital,449.0,True,2,Android,hash_770792,217,11,0,0.0,1.0,0.0,0.0,0.0,2.0,0.0,1.0,556.0,139.0,0.6672914536815527,1,2570000.0,normal
CR001208,CL01116,2025-10-03,Microcrédito,2200000,9,0.0446,302000,App,720,0.1175,Automática,Mora severa,1,2024-04-22,Bogotá D.C.,Bogotá,40,M,2,Universitario,Estudiante,2570000.0,Campaña digital,449.0,True,2,Android,hash_770792,529,10,4,0.0,2.0,2.0,0.0,1.0,3.0,1.0,1.0,1603.0,160.3,0.47505983022093795,0,2570000.0,normal
CR001209,CL01117,2024-07-14,Microcrédito,3400000,3,0.039,1223000,App,798,0.4873,Manual,Mora moderada,0,2023-11-08,Antioquia,Medellín,60,F,3,Técnico/Tecnólogo,Conductor/Repartidor,2510000.0,Referido,576.0,False,2,Android,hash_865962,249,7,6,0.0,0.0,0.0,0.0,0.0,0.0,0.0,0.0,0.0,0.0,0.6032984964491865,1,2510000.0,normal
CR001210,CL01117,2025-08-26,Microcrédito,2950000,6,0.0438,570000,App,754,0.2271,Automática,Mora moderada,1,2023-11-08,Antioquia,Medellín,60,F,3,Técnico/Tecnólogo,Conductor/Repartidor,2510000.0,Referido,576.0,False,2,Android,hash_865962,657,8,1,0.0,2.0,2.0,0.0,0.0,0.0,0.0,0.0,958.0,239.5,0.6222007443752746,1,2510000.0,normal
CR001211,CL01118,2024-12-06,Microcrédito,900000,3,0.0312,319000,Aliado,726,0.1933,Automática,Mora severa,1,2023-06-10,Atlántico,Barranquilla,35,F,2,Universitario,Comerciante,1650000.0,App orgánico,573.0,False,2,Android,hash_664501,545,12,4,0.0,0.0,0.0,0.0,1.0,0.0,0.0,0.0,124.0,124.0,0.5841459564149141,1,1650000.0,normal
CR001212,CL01119,2026-02-06,Crédito consumo digital,650000,18,0.0334,49000,App,749,0.0521,Automática,Mora moderada,1,2025-06-18,Valle del Cauca,Cali,38,M,2,Técnico/Tecnólogo,Desempleado,940000.0,Aliado comercial,531.0,False,1,iOS,hash_306802,233,2,4,0.0,0.0,6.0,1.0,0.0,0.0,0.0,0.0,1710.0,244.28571428571428,0.5527421865639154,1,940000.0,normal
CR001213,CL01120,2024-12-07,Crédito consumo digital,650000,12,0.0267,64000,App,730,0.0464,Automática,Mora severa,1,2023-08-25,Antioquia,Medellín,47,No informa,1,Técnico/Tecnólogo,Comerciante,1380000.0,Campaña digital,533.0,True,4,iOS,hash_974966,470,12,5,0.0,1.0,1.0,1.0,0.0,0.0,0.0,0.0,1004.0,334.6666666666667,0.6973960419248129,1,1380000.0,normal
CR001214,CL01121,2025-07-27,Crédito consumo digital,600000,9,0.0384,80000,App,852,0.0452,Automática,Finalizado,0,2023-08-06,Antioquia,Medellín,47,M,3,Técnico/Tecnólogo,Conductor/Repartidor,1770000.0,Campaña digital,547.0,False,1,Android,hash_293654,721,7,6,0.0,1.0,4.0,1.0,0.0,2.0,1.0,2.0,903.0,82.0909090909091,0.4579232230269814,0,1770000.0,normal
CR001215,CL01121,2024-03-02,Crédito consumo digital,1350000,6,0.0271,247000,App,900,0.1395,Automática,Finalizado,0,2023-08-06,Antioquia,Medellín,47,M,3,Técnico/Tecnólogo,Conductor/Repartidor,1770000.0,Campaña digital,547.0,False,1,Android,hash_293654,209,3,5,0.0,1.0,0.0,1.0,0.0,0.0,1.0,1.0,279.0,69.75,0.5685641786580151,1,1770000.0,normal
CR001216,CL01122,2024-02-03,Crédito libre inversión,2250000,12,0.0262,221000,Web,623,0.1381,Automática,Mora severa,1,2023-10-30,Bogotá D.C.,Bogotá,36,M,3,Bachiller,Estudiante,1600000.0,App orgánico,359.0,False,2,Android,hash_888005,96,2,5,0.0,0.0,0.0,0.0,0.0,0.0,0.0,0.0,0.0,0.0,0.7527058357630438,1,1600000.0,normal
CR001217,CL01123,2026-01-02,Crédito libre inversión,6500000,18,0.0231,445000,Web,900,0.0873,Automática,Activo,0,2024-10-31,Bogotá D.C.,Bogotá,42,M,6,Sin información,Empleado,5100000.0,App orgánico,738.0,False,2,iOS,hash_977714,428,1,4,0.0,2.0,3.0,1.0,0.0,1.0,0.0,0.0,1101.0,157.28571428571428,0.2060506422010826,0,5100000.0,normal
CR001218,CL01124,2023-06-21,Crédito libre inversión,1400000,9,0.0257,176000,Call center,833,0.0786,Automática,Finalizado,0,2023-05-01,Tolima,Ibagué,25,F,3,Técnico/Tecnólogo,Independiente,2240000.0,App orgánico,545.0,True,1,Android,hash_694105,51,6,2,0.0,0.0,0.0,0.0,0.0,0.0,0.0,0.0,0.0,0.0,0.5834271848027955,1,2240000.0,normal
CR001219,CL01124,2025-05-28,Avance de nómina,1800000,6,0.0287,331000,App,899,0.1478,Automática,Mora moderada,1,2023-05-01,Tolima,Ibagué,25,F,3,Técnico/Tecnólogo,Independiente,2240000.0,App orgánico,545.0,True,1,Android,hash_694105,758,5,2,0.0,2.0,2.0,2.0,2.0,1.0,0.0,1.0,1692.0,169.2,0.40128370946550757,0,2240000.0,normal
CR001220,CL01124,2023-11-16,Crédito consumo digital,1150000,6,0.0217,206000,Aliado,802,0.092,Automática,Finalizado,0,2023-05-01,Tolima,Ibagué,25,F,3,Técnico/Tecnólogo,Independiente,2240000.0,App orgánico,545.0,True,1,Android,hash_694105,199,11,3,0.0,0.0,1.0,2.0,0.0,0.0,0.0,0.0,662.0,220.66666666666666,0.3572966684961783,0,2240000.0,normal
CR001221,CL01125,2024-07-23,Crédito consumo digital,2750000,18,0.0376,213000,App,885,0.0819,Automática,Finalizado,0,2023-10-16,Antioquia,Medellín,52,M,5,Técnico/Tecnólogo,Independiente,2600000.0,App orgánico,646.0,True,2,Android,hash_599668,281,7,1,0.0,1.0,0.0,1.0,0.0,2.0,0.0,0.0,907.0,226.75,0.3436829543413218,0,2600000.0,normal
CR001222,CL01127,2025-06-29,Avance de nómina,500000,12,0.0296,50000,App,885,0.02,Automática,Activo,0,2025-05-08,Bogotá D.C.,Bogotá,39,F,4,Técnico/Tecnólogo,Comerciante,2500000.0,Aliado comercial,635.0,False,3,Android,hash_157942,52,6,6,0.0,1.0,2.0,0.0,0.0,0.0,0.0,0.0,600.0,200.0,0.3616070376351009,0,2500000.0,normal
CR001223,CL01127,2025-06-12,Microcrédito,4450000,3,0.095,1615000,App,871,0.646,Excepción,Mora moderada,1,2025-05-08,Bogotá D.C.,Bogotá,39,F,4,Técnico/Tecnólogo,Comerciante,2500000.0,Aliado comercial,635.0,False,3,Android,hash_157942,35,6,3,0.0,1.0,1.0,0.0,0.0,0.0,0.0,0.0,331.0,165.5,0.776194534368291,1,2500000.0,normal
CR001224,CL01128,2024-09-17,Crédito libre inversión,5300000,6,0.017,937000,App,900,0.3052,Automática,Finalizado,0,2024-08-04,Bogotá D.C.,Bogotá,28,F,2,Sin información,Empleado,3070000.0,App orgánico,654.0,True,3,Android,hash_898086,44,9,1,0.0,0.0,0.0,0.0,0.0,0.0,0.0,0.0,0.0,0.0,0.47964858080253603,0,3070000.0,normal
CR001225,CL01130,2023-04-17,Crédito consumo digital,4700000,9,0.0223,582000,Web,900,0.1302,Automática,Mora severa,1,2023-01-22,Valle del Cauca,Cali,39,F,3,Técnico/Tecnólogo,Pensionado,4470000.0,Campaña digital,730.0,False,3,Android,hash_508195,85,4,0,0.0,0.0,0.0,1.0,1.0,0.0,0.0,0.0,568.0,284.0,0.36424823008294704,0,4470000.0,normal
CR001226,CL01132,2025-12-26,Crédito consumo digital,1900000,9,0.0224,235000,App,763,0.0936,Automática,Activo,0,2024-11-14,Atlántico,Barranquilla,40,M,3,Técnico/Tecnólogo,Empleado,2510000.0,Referido,614.0,True,1,iOS,hash_717769,407,12,4,1.0,3.0,0.0,1.0,0.0,0.0,0.0,0.0,551.0,110.2,0.43015407874951866,0,2510000.0,normal
CR001227,CL01133,2026-02-07,Microcrédito,3500000,6,0.0395,667000,App,845,0.2417,Automática,Activo,0,2025-08-26,Bogotá D.C.,Bogotá,52,M,1,Universitario,Microempresario,2760000.0,Campaña digital,668.0,True,2,Android,hash_528718,165,2,5,0.0,0.0,0.0,1.0,0.0,1.0,0.0,0.0,428.0,214.0,0.22404802795635828,0,2760000.0,normal
CR001228,CL01134,2025-06-19,Crédito consumo digital,4600000,3,0.0257,1613000,App,835,0.4234,Manual,Finalizado,0,2024-11-28,Bogotá D.C.,Bogotá,41,F,3,Técnico/Tecnólogo,Microempresario,3810000.0,App orgánico,619.0,False,4,Android,hash_363929,203,6,3,0.0,0.0,1.0,0.0,0.0,0.0,1.0,0.0,323.0,161.5,0.411084381484213,0,3810000.0,normal
CR001229,CL01135,2024-11-04,Crédito consumo digital,1050000,18,0.0285,75000,Web,847,0.0357,Automática,Activo,0,2023-02-10,Antioquia,Medellín,34,F,3,Sin información,Empleado,2100000.0,Call center,532.0,False,0,iOS,hash_441977,633,11,0,0.0,2.0,2.0,2.0,2.0,1.0,0.0,0.0,1668.0,185.33333333333334,0.40164174860932156,0,2100000.0,normal
CR001230,CL01136,2024-12-21,Crédito consumo digital,1350000,18,0.0221,92000,Web,888,0.0358,Automática,Activo,0,2024-03-30,Bogotá D.C.,Bogotá,46,M,3,Posgrado,Microempresario,2570000.0,App orgánico,644.0,False,0,iOS,hash_137880,266,12,5,0.0,3.0,1.0,0.0,0.0,0.0,1.0,0.0,793.0,158.6,0.21880579020271865,0,2570000.0,normal
CR001231,CL01136,2025-06-28,Crédito libre inversión,3250000,18,0.0206,218000,App,864,0.0848,Automática,Mora moderada,1,2024-03-30,Bogotá D.C.,Bogotá,46,M,3,Posgrado,Microempresario,2570000.0,App orgánico,644.0,False,0,iOS,hash_137880,455,6,5,0.0,5.0,2.0,1.0,0.0,0.0,1.0,0.0,1868.0,207.55555555555554,0.1345568250869649,0,2570000.0,normal
CR001232,CL01137,2024-01-07,Crédito libre inversión,3450000,24,0.0335,212000,Web,769,0.1134,Automática,Mora severa,1,2023-09-02,Antioquia,Medellín,48,M,3,Técnico/Tecnólogo,Empleado,1870000.0,App orgánico,482.0,False,3,Android,hash_600314,127,1,6,0.0,0.0,1.0,0.0,0.0,0.0,0.0,0.0,19.0,19.0,0.7341179467665812,1,1870000.0,normal
CR001233,CL01137,2024-09-15,Crédito consumo digital,1000000,9,0.0216,123000,Web,805,0.0658,Automática,Finalizado,0,2023-09-02,Antioquia,Medellín,48,M,3,Técnico/Tecnólogo,Empleado,1870000.0,App orgánico,482.0,False,3,Android,hash_600314,379,9,6,1.0,0.0,2.0,0.0,0.0,0.0,0.0,0.0,419.0,139.66666666666666,0.6044160076617395,1,1870000.0,normal
CR001234,CL01138,2025-07-07,Crédito consumo digital,1350000,12,0.0366,141000,App,862,0.0515,Automática,Activo,0,2025-12-13,Meta,Villavicencio,24,F,1,Universitario,Empleado,2740000.0,Call center,555.0,False,1,Android,hash_410748,-159,7,0,0.0,0.0,0.0,0.0,0.0,0.0,0.0,0.0,0.0,0.0,0.44894373880470206,0,2740000.0,normal
CR001235,CL01138,2025-12-30,Crédito consumo digital,1050000,12,0.0211,100000,App,805,0.0365,Automática,Activo,0,2025-12-13,Meta,Villavicencio,24,F,1,Universitario,Empleado,2740000.0,Call center,555.0,False,1,Android,hash_410748,17,12,1,0.0,0.0,0.0,0.0,0.0,0.0,0.0,0.0,0.0,0.0,0.47331507646016185,0,2740000.0,normal
CR001236,CL01139,2025-06-04,Avance de nómina,300000,12,0.0262,29000,App,838,0.023,Automática,Activo,0,2024-02-05,Valle del Cauca,Cali,42,M,3,Bachiller,Independiente,1260000.0,Campaña digital,441.0,True,0,Android,hash_622881,485,6,2,0.0,1.0,3.0,0.0,0.0,1.0,0.0,1.0,627.0,104.5,0.7052260864976939,1,1260000.0,normal
CR001237,CL01140,2024-08-25,Crédito libre inversión,3900000,18,0.02,260000,Call center,797,0.1187,Automática,Finalizado,0,2023-03-16,Cundinamarca,Soacha,43,F,3,Técnico/Tecnólogo,Empleado,2190000.0,Call center,556.0,True,1,Android,hash_133033,528,8,6,0.0,0.0,1.0,2.0,0.0,0.0,0.0,1.0,1176.0,294.0,0.6048376807942413,1,2190000.0,normal
CR001238,CL01141,2025-11-13,Crédito consumo digital,2050000,9,0.03,263000,App,842,0.0802,Automática,Activo,0,2023-06-13,Valle del Cauca,Cali,33,F,5,Universitario,Independiente,3280000.0,Campaña digital,584.0,False,2,Android,hash_502867,884,11,3,0.0,5.0,4.0,2.0,0.0,2.0,0.0,1.0,2639.0,188.5,0.25762578357497684,0,3280000.0,normal
CR001239,CL01141,2023-11-18,Crédito consumo digital,1650000,18,0.0322,122000,Aliado,888,0.0372,Automática,Mora moderada,1,2023-06-13,Valle del Cauca,Cali,33,F,5,Universitario,Independiente,3280000.0,Campaña digital,584.0,False,2,Android,hash_502867,158,11,5,0.0,2.0,1.0,0.0,0.0,1.0,0.0,0.0,801.0,200.25,0.36877730284504123,0,3280000.0,normal
CR001240,CL01142,2023-05-14,Crédito consumo digital,1250000,9,0.0341,164000,App,873,0.0522,Automática,Finalizado,0,2023-03-05,Atlántico,Barranquilla,50,M,3,Técnico/Tecnólogo,Comerciante,3140000.0,App orgánico,594.0,False,3,Web,hash_772051,70,5,6,0.0,0.0,0.0,0.0,0.0,0.0,1.0,0.0,171.0,171.0,0.41275931027717444,0,3140000.0,normal
CR001241,CL01142,2023-12-07,Crédito consumo digital,1350000,9,0.0376,180000,App,852,0.0573,Automática,Finalizado,0,2023-03-05,Atlántico,Barranquilla,50,M,3,Técnico/Tecnólogo,Comerciante,3140000.0,App orgánico,594.0,False,3,Web,hash_772051,277,12,3,0.0,0.0,1.0,1.0,0.0,1.0,2.0,0.0,691.0,138.2,0.3293393617973271,0,3140000.0,normal
CR001242,CL01142,2024-10-13,Crédito consumo digital,1200000,18,0.0217,81000,App,870,0.0258,Automática,Finalizado,0,2023-03-05,Atlántico,Barranquilla,50,M,3,Técnico/Tecnólogo,Comerciante,3140000.0,App orgánico,594.0,False,3,Web,hash_772051,588,10,6,0.0,0.0,3.0,2.0,0.0,2.0,2.0,0.0,1209.0,134.33333333333334,0.24639298970122891,0,3140000.0,normal
CR001243,CL01143,2025-05-13,Avance de nómina,650000,9,0.0192,79000,App,900,0.0282,Automática,Mora moderada,1,2023-03-05,Bogotá D.C.,Bogotá,34,M,3,Universitario,Microempresario,2800000.0,Campaña digital,655.0,False,4,Android,hash_405383,800,5,1,0.0,2.0,4.0,1.0,0.0,1.0,1.0,0.0,1371.0,152.33333333333334,0.32680280922762917,0,2800000.0,normal
CR001244,CL01144,2025-12-29,Crédito libre inversión,4400000,9,0.0262,555000,Web,881,0.2382,Automática,Activo,0,2024-10-22,Risaralda,Pereira,37,F,2,Universitario,Empleado,2330000.0,Campaña digital,654.0,True,0,Web,hash_602542,433,12,0,0.0,1.0,4.0,1.0,0.0,3.0,1.0,0.0,1823.0,182.3,0.2935135837035477,0,2330000.0,normal
CR001245,CL01145,2024-03-23,Crédito consumo digital,850000,9,0.0329,111000,Web,736,0.081,Automática,Mora moderada,1,2023-03-23,Cundinamarca,Soacha,34,F,2,Bachiller,Independiente,1370000.0,App orgánico,458.0,False,1,Android,hash_960348,366,3,5,0.0,1.0,0.0,1.0,1.0,0.0,0.0,0.0,624.0,208.0,0.584697525724102,1,1370000.0,normal
CR001246,CL01148,2024-12-06,Crédito consumo digital,4300000,6,0.038,815000,App,810,0.2763,Automática,Finalizado,0,2024-01-17,Caldas,Manizales,22,M,2,Bachiller,Microempresario,2950000.0,App orgánico,464.0,False,2,Android,hash_511913,324,12,4,0.0,0.0,2.0,0.0,0.0,0.0,0.0,1.0,354.0,118.0,0.5851739324773549,1,2950000.0,normal
CR001247,CL01150,2024-06-04,Crédito consumo digital,1200000,6,0.032,223000,App,843,0.1077,Automática,Mora severa,1,2023-04-09,Atlántico,Barranquilla,28,M,3,Universitario,Empleado,2070000.0,Campaña digital,642.0,False,0,Android,hash_557359,422,6,1,0.0,0.0,1.0,2.0,1.0,2.0,1.0,1.0,901.0,112.625,0.4315133974268139,0,2070000.0,normal
CR001248,CL01152,2025-09-09,Avance de nómina,600000,24,0.0189,31000,App,863,0.0128,Automática,Activo,0,2025-07-03,Bogotá D.C.,Bogotá,19,F,5,Universitario,Empleado,2430000.0,Aliado comercial,589.0,False,2,Web,hash_309074,68,9,1,0.0,0.0,1.0,1.0,0.0,0.0,0.0,0.0,114.0,57.0,0.4932029352713029,0,2430000.0,normal
CR001249,CL01153,2024-05-06,Desconocido,3000000,6,0.0358,564000,Aliado,900,0.1253,Automática,Finalizado,0,2023-05-07,Atlántico,Barranquilla,30,F,3,Técnico/Tecnólogo,Empleado,4500000.0,Campaña digital,673.0,False,0,iOS,hash_190930,365,5,0,1.0,1.0,0.0,0.0,0.0,1.0,0.0,0.0,468.0,156.0,0.21616835349777977,0,4500000.0,normal
CR001250,CL01155,2025-08-28,Avance de nómina,950000,9,0.0304,122000,Aliado,770,0.0498,Automática,Mora severa,1,2025-05-06,Risaralda,Pereira,52,M,4,Posgrado,Conductor/Repartidor,2450000.0,Campaña digital,506.0,True,1,iOS,hash_523959,114,8,3,0.0,4.0,2.0,0.0,0.0,0.0,0.0,1.0,831.0,118.71428571428571,0.649455737916573,1,2450000.0,normal
CR001251,CL01155,2026-01-30,Microcrédito,1600000,6,0.0311,296000,Aliado,824,0.1208,Automática,Activo,0,2025-05-06,Risaralda,Pereira,52,M,4,Posgrado,Conductor/Repartidor,2450000.0,Campaña digital,506.0,True,1,iOS,hash_523959,269,1,4,0.0,7.0,4.0,1.0,0.0,1.0,1.0,1.0,1896.0,126.4,0.4002221519139347,0,2450000.0,normal
CR001252,CL01155,2025-06-21,Crédito libre inversión,4700000,18,0.022,319000,Call center,816,0.1302,Automática,Mora severa,1,2025-05-06,Risaralda,Pereira,52,M,4,Posgrado,Conductor/Repartidor,2450000.0,Campaña digital,506.0,True,1,iOS,hash_523959,46,6,5,0.0,1.0,2.0,0.0,0.0,0.0,0.0,1.0,490.0,122.5,0.7676106709119218,1,2450000.0,normal
CR001253,CL01156,2025-05-27,Avance de nómina,1050000,3,0.0287,370000,App,850,0.0976,Automática,Mora severa,1,2023-11-22,Caldas,Manizales,46,F,3,Bachiller,Independiente,3790000.0,App orgánico,526.0,False,0,Android,hash_762588,552,5,1,0.0,3.0,5.0,0.0,0.0,0.0,0.0,0.0,1179.0,147.375,0.5887415699467733,1,3790000.0,normal
CR001254,CL01156,2024-01-27,Crédito libre inversión,4100000,6,0.0307,759000,Web,900,0.2003,Automática,Mora moderada,1,2023-11-22,Caldas,Manizales,46,F,3,Bachiller,Independiente,3790000.0,App orgánico,526.0,False,0,Android,hash_762588,66,1,5,0.0,0.0,0.0,0.0,0.0,0.0,0.0,0.0,0.0,0.0,0.7310955576640497,1,3790000.0,normal
CR001255,CL01156,2024-09-27,Crédito consumo digital,1950000,6,0.0296,359000,Aliado,886,0.0947,Automática,Mora severa,1,2023-11-22,Caldas,Manizales,46,F,3,Bachiller,Independiente,3790000.0,App orgánico,526.0,False,0,Android,hash_762588,310,9,4,0.0,2.0,4.0,0.0,0.0,0.0,0.0,0.0,811.0,135.16666666666666,0.604110477888216,1,3790000.0,normal
CR001256,CL01158,2026-02-23,Crédito consumo digital,2100000,9,0.0346,276000,Aliado,881,0.103,Automática,Activo,0,2025-07-07,Cundinamarca,Soacha,59,M,3,Universitario,Independiente,2680000.0,Referido,559.0,True,2,Android,hash_730094,231,2,0,0.0,2.0,2.0,0.0,0.0,1.0,1.0,1.0,1513.0,216.14285714285714,0.38051778360287664,0,2680000.0,normal
CR001257,CL01159,2024-04-19,Microcrédito,750000,12,0.0301,75000,Aliado,771,0.0551,Automática,Finalizado,0,2023-04-13,Atlántico,Barranquilla,46,M,3,Universitario,Empleado,1360000.0,Aliado comercial,596.0,True,1,Android,hash_279096,372,4,4,0.0,1.0,2.0,2.0,0.0,0.0,0.0,1.0,661.0,110.16666666666667,0.5640523318537318,1,1360000.0,normal
CR001258,CL01160,2024-06-20,Crédito consumo digital,2100000,3,0.0328,746000,App,854,0.1995,Automática,Finalizado,0,2024-03-12,Antioquia,Medellín,33,F,3,Universitario,Comerciante,3740000.0,App orgánico,633.0,False,0,Web,hash_959856,100,6,3,0.0,0.0,0.0,0.0,0.0,0.0,0.0,0.0,0.0,0.0,0.2894916348487416,0,3740000.0,normal
CR001259,CL01161,2025-09-19,Crédito consumo digital,1900000,24,0.032,115000,App,900,0.0294,Automática,Activo,0,2025-03-24,Risaralda,Pereira,19,F,2,Bachiller,Empleado,3910000.0,Aliado comercial,521.0,False,1,Android,hash_782226,179,9,4,1.0,2.0,2.0,0.0,0.0,0.0,0.0,0.0,606.0,121.2,0.5698836353764254,1,3910000.0,normal
CR001260,CL01162,2026-02-16,Microcrédito,1900000,12,0.0255,186000,Aliado,864,0.1005,Automática,Activo,0,2024-08-16,Risaralda,Pereira,59,M,3,Técnico/Tecnólogo,Comerciante,1850000.0,Referido,687.0,False,1,Android,hash_730273,549,2,0,0.0,2.0,2.0,0.0,0.0,0.0,0.0,1.0,565.0,113.0,0.37766304255055233,0,1850000.0,normal
CR001261,CL01165,2024-12-31,Microcrédito,3150000,6,0.0336,588000,Aliado,790,0.3063,Automática,Mora moderada,0,2024-02-20,Bogotá D.C.,Bogotá,46,F,4,Universitario,Independiente,1920000.0,Referido,597.0,False,3,iOS,hash_941618,315,12,1,0.0,1.0,3.0,1.0,0.0,0.0,0.0,2.0,1507.0,215.28571428571428,0.4229142112405032,0,1920000.0,normal
CR001262,CL01165,2025-05-13,Crédito consumo digital,1900000,6,0.0319,353000,App,716,0.1839,Automática,Finalizado,0,2024-02-20,Bogotá D.C.,Bogotá,46,F,4,Universitario,Independiente,1920000.0,Referido,597.0,False,3,iOS,hash_941618,448,5,1,0.0,1.0,3.0,2.0,0.0,0.0,1.0,2.0,1763.0,195.88888888888889,0.38139182222875945,0,1920000.0,normal
CR001263,CL01166,2025-05-15,Crédito libre inversión,5050000,24,0.0238,279000,App,900,0.0779,Automática,Activo,0,2023-06-01,Antioquia,Medellín,60,M,2,Universitario,Comerciante,3580000.0,Campaña digital,696.0,False,2,Android,hash_421044,714,5,3,0.0,0.0,4.0,0.0,0.0,0.0,1.0,0.0,686.0,137.2,0.3406788890561169,0,3580000.0,normal
CR001264,CL01166,2023-10-05,Crédito consumo digital,2600000,3,0.0359,930000,Call center,900,0.2598,Automática,Finalizado,0,2023-06-01,Antioquia,Medellín,60,M,2,Universitario,Comerciante,3580000.0,Campaña digital,696.0,False,2,Android,hash_421044,126,10,3,0.0,0.0,0.0,0.0,0.0,0.0,0.0,0.0,0.0,0.0,0.35087613175430027,0,3580000.0,normal
CR001265,CL01166,2025-04-20,Crédito consumo digital,2600000,24,0.025,145000,Web,900,0.0405,Automática,Activo,0,2023-06-01,Antioquia,Medellín,60,M,2,Universitario,Comerciante,3580000.0,Campaña digital,696.0,False,2,Android,hash_421044,689,4,6,0.0,0.0,4.0,0.0,0.0,0.0,1.0,0.0,686.0,137.2,0.35377433626519317,0,3580000.0,normal
CR001266,CL01168,2025-06-21,Crédito consumo digital,4850000,6,0.0315,900000,App,900,0.163,Automática,Finalizado,0,2025-04-15,Bogotá D.C.,Bogotá,42,F,6,Bachiller,Empleado,5520000.0,Campaña digital,745.0,False,2,iOS,hash_714822,67,6,5,0.0,1.0,1.0,0.0,0.0,0.0,0.0,0.0,206.0,103.0,0.2433556921880014,0,5520000.0,normal
CR001267,CL01169,2024-02-17,Microcrédito,10650000,9,0.0292,1363000,Aliado,900,0.2776,Automática,Finalizado,0,2023-08-07,Cundinamarca,Soacha,42,F,3,Universitario,Comerciante,4910000.0,Call center,740.0,False,2,iOS,hash_693465,194,2,5,0.0,1.0,0.0,0.0,0.0,1.0,0.0,0.0,200.0,100.0,0.2930021826340703,0,4910000.0,normal
CR001268,CL01170,2025-04-07,Crédito consumo digital,2150000,6,0.0287,395000,App,819,0.1091,Automática,Finalizado,0,2023-08-19,Bogotá D.C.,Bogotá,45,M,2,Técnico/Tecnólogo,Microempresario,3620000.0,Campaña digital,624.0,True,3,iOS,hash_266268,597,4,0,0.0,1.0,2.0,1.0,0.0,0.0,0.0,0.0,1048.0,262.0,0.3744735391724478,0,3620000.0,normal
CR001269,CL01171,2025-08-17,Avance de nómina,550000,6,0.0213,99000,App,755,0.0604,Automática,Finalizado,0,2024-11-14,Norte de Santander,Cúcuta,44,F,2,Bachiller,Independiente,1640000.0,Call center,549.0,False,2,iOS,hash_648606,276,8,6,1.0,1.0,0.0,1.0,1.0,1.0,0.0,0.0,548.0,109.6,0.599263415367538,1,1640000.0,normal
CR001270,CL01172,2025-10-15,Desconocido,2000000,9,0.0339,262000,Aliado,733,0.169,Automática,Activo,0,2024-10-28,Santander,Bucaramanga,39,F,4,Universitario,Estudiante,1550000.0,Referido,603.0,False,2,iOS,hash_756734,352,10,2,1.0,1.0,2.0,0.0,0.0,0.0,0.0,1.0,529.0,105.8,0.48640037708464695,0,1550000.0,normal
CR001271,CL01173,2025-05-27,Crédito libre inversión,3000000,3,0.028,1057000,App,707,0.6525,Excepción,Finalizado,0,2025-10-28,Valle del Cauca,Cali,37,M,2,Bachiller,Independiente,1620000.0,Referido,526.0,False,1,Android,hash_776196,-154,5,1,0.0,0.0,0.0,0.0,0.0,0.0,0.0,0.0,0.0,0.0,0.7995729915492128,1,1620000.0,normal
CR001272,CL01174,2024-12-04,Crédito libre inversión,7250000,12,0.023,698000,App,900,0.1772,Automática,Mora moderada,1,2023-02-26,Antioquia,Medellín,35,F,3,Técnico/Tecnólogo,Empleado,3940000.0,Campaña digital,593.0,True,0,Android,hash_255801,647,12,2,0.0,1.0,2.0,1.0,0.0,0.0,0.0,0.0,520.0,130.0,0.5428902283691159,1,3940000.0,normal
CR001273,CL01175,2025-06-13,Crédito libre inversión,3500000,12,0.0251,341000,App,862,0.0808,Automática,Activo,0,2024-09-21,Bogotá D.C.,Bogotá,28,M,1,Universitario,Microempresario,4220000.0,Aliado comercial,594.0,False,4,iOS,hash_140721,265,6,4,1.0,2.0,2.0,2.0,0.0,2.0,1.0,1.0,2000.0,181.8181818181818,0.40203086314287184,0,4220000.0,normal
CR001274,CL01175,2025-05-30,Avance de nómina,900000,9,0.0305,116000,Web,900,0.0275,Automática,Finalizado,0,2024-09-21,Bogotá D.C.,Bogotá,28,M,1,Universitario,Microempresario,4220000.0,Aliado comercial,594.0,False,4,iOS,hash_140721,251,5,4,1.0,2.0,2.0,2.0,0.0,2.0,1.0,1.0,2000.0,181.8181818181818,0.3664839385337272,0,4220000.0,normal
CR001275,CL01175,2024-11-15,Crédito consumo digital,5100000,6,0.0291,939000,App,880,0.2225,Automática,Mora severa,1,2024-09-21,Bogotá D.C.,Bogotá,28,M,1,Universitario,Microempresario,4220000.0,Aliado comercial,594.0,False,4,iOS,hash_140721,55,11,4,0.0,0.0,0.0,0.0,0.0,0.0,0.0,0.0,0.0,0.0,0.5265345552137636,1,4220000.0,normal
CR001276,CL01177,2025-11-11,Crédito libre inversión,1600000,18,0.0294,116000,App,705,0.1234,Automática,Mora severa,1,2024-12-25,Norte de Santander,Cúcuta,19,F,2,Posgrado,Estudiante,940000.0,Campaña digital,492.0,False,1,iOS,hash_273707,321,11,1,0.0,1.0,0.0,0.0,0.0,0.0,0.0,0.0,651.0,651.0,0.7512505887052932,1,940000.0,normal
CR001277,CL01178,2024-08-11,Crédito consumo digital,1150000,6,0.0268,210000,Aliado,889,0.0764,Automática,Finalizado,0,2023-12-23,Atlántico,Barranquilla,35,F,3,Sin información,Comerciante,2750000.0,App orgánico,644.0,True,3,iOS,hash_931653,232,8,6,0.0,1.0,1.0,0.0,1.0,1.0,0.0,0.0,544.0,136.0,0.3287270903494703,0,2750000.0,normal
CR001278,CL01180,2024-04-07,Crédito libre inversión,4800000,18,0.0211,323000,App,900,0.0976,Automática,Mora moderada,1,2023-03-18,Bogotá D.C.,Bogotá,25,M,4,Bachiller,Empleado,3310000.0,Aliado comercial,646.0,False,0,Android,hash_418862,386,4,6,0.0,1.0,0.0,0.0,1.0,1.0,0.0,0.0,587.0,195.66666666666666,0.40304838240229796,0,3310000.0,normal
CR001279,CL01180,2024-07-23,Crédito libre inversión,2750000,9,0.0219,340000,App,892,0.1027,Automática,Finalizado,0,2023-03-18,Bogotá D.C.,Bogotá,25,M,4,Bachiller,Empleado,3310000.0,Aliado comercial,646.0,False,0,Android,hash_418862,493,7,1,0.0,1.0,0.0,0.0,1.0,2.0,0.0,0.0,917.0,229.25,0.3847044675196975,0,3310000.0,normal
CR001280,CL01181,2024-05-06,Microcrédito,2150000,9,0.0434,294000,Web,795,0.1633,Automática,Mora severa,1,2023-07-03,Antioquia,Medellín,38,F,1,Universitario,Empleado,1800000.0,App orgánico,569.0,True,1,Android,hash_849656,308,5,0,1.0,3.0,0.0,0.0,0.0,0.0,0.0,1.0,1176.0,235.2,0.5750293390550135,1,1800000.0,normal
CR001281,CL01182,2026-03-16,Avance de nómina,2150000,6,0.032,399000,App,900,0.0484,Automática,Activo,0,2025-10-06,Antioquia,Medellín,50,F,5,Técnico/Tecnólogo,Empleado,8240000.0,Campaña digital,821.0,False,1,iOS,hash_894360,161,3,0,1.0,1.0,1.0,1.0,0.0,1.0,1.0,1.0,891.0,127.28571428571429,0.13461256111834383,0,7082400.000000003,outlier_real
CR001282,CL01183,2024-03-11,Crédito consumo digital,1150000,18,0.0357,88000,App,792,0.0328,Automática,Mora moderada,1,2024-01-17,Valle del Cauca,Cali,45,M,4,Bachiller,Comerciante,2680000.0,App orgánico,600.0,False,1,Android,hash_865176,54,3,0,0.0,0.0,0.0,0.0,0.0,0.0,0.0,0.0,0.0,0.0,0.604940085533836,1,2680000.0,normal
CR001283,CL01183,2024-02-03,Crédito consumo digital,900000,12,0.022,86000,App,809,0.0321,Automática,Mora severa,1,2024-01-17,Valle del Cauca,Cali,45,M,4,Bachiller,Comerciante,2680000.0,App orgánico,600.0,False,1,Android,hash_865176,17,2,5,0.0,0.0,0.0,0.0,0.0,0.0,0.0,0.0,0.0,0.0,0.5667272964241842,1,2680000.0,normal
CR001284,CL01184,2025-03-29,Crédito consumo digital,850000,6,0.0236,154000,Call center,814,0.1027,Automática,Mora moderada,1,2024-07-01,Bogotá D.C.,Bogotá,20,M,2,Bachiller,Independiente,1500000.0,App orgánico,585.0,False,2,Android,hash_279586,271,3,5,0.0,2.0,3.0,0.0,0.0,4.0,0.0,0.0,2125.0,236.11111111111111,0.2839761335602971,0,1500000.0,normal
CR001285,CL01185,2025-08-12,Crédito libre inversión,5300000,6,0.027,969000,App,703,0.4195,Manual,Mora moderada,1,2025-02-06,Bolívar,Cartagena,26,F,2,Bachiller,Empleado,2310000.0,App orgánico,508.0,False,2,Android,hash_572374,187,8,1,0.0,3.0,2.0,3.0,0.0,0.0,0.0,0.0,1268.0,158.5,0.5518134395494813,1,2310000.0,normal
CR001286,CL01186,2025-07-15,Crédito consumo digital,1400000,6,0.0228,252000,Web,811,0.0969,Automática,Mora severa,1,2025-05-24,Bogotá D.C.,Bogotá,45,M,3,Técnico/Tecnólogo,Empleado,2600000.0,Referido,660.0,False,1,Web,hash_331831,52,7,1,0.0,0.0,0.0,0.0,0.0,1.0,0.0,1.0,388.0,194.0,0.44986919541692655,0,2600000.0,normal
CR001287,CL01187,2026-01-09,Microcrédito,5850000,12,0.0417,629000,Web,840,0.2321,Automática,Activo,0,2023-11-25,Bogotá D.C.,Bogotá,26,M,3,Posgrado,Pensionado,2710000.0,App orgánico,638.0,True,1,iOS,hash_465890,776,1,4,0.0,2.0,7.0,3.0,0.0,3.0,1.0,2.0,2668.0,148.22222222222223,0.23938936642359632,0,2710000.0,normal
CR001288,CL01187,2025-07-18,Crédito libre inversión,2200000,12,0.0179,205000,Aliado,900,0.0756,Automática,Activo,0,2023-11-25,Bogotá D.C.,Bogotá,26,M,3,Posgrado,Pensionado,2710000.0,App orgánico,638.0,True,1,iOS,hash_465890,601,7,4,0.0,1.0,4.0,2.0,0.0,2.0,0.0,1.0,1513.0,151.3,0.31700179668219586,0,2710000.0,normal
CR001289,CL01188,2026-02-03,Crédito libre inversión,3300000,3,0.0308,1169000,App,795,0.4549,Manual,Activo,0,2023-11-06,Santander,Bucaramanga,34,M,1,Bachiller,Comerciante,2570000.0,Campaña digital,519.0,True,0,Android,hash_950531,820,2,1,5.0,1.0,4.0,4.0,0.0,0.0,1.0,1.0,2716.0,169.75,0.25887505454451853,0,2570000.0,normal
CR001290,CL01188,2023-12-31,Crédito consumo digital,1450000,3,0.0309,514000,Web,749,0.2,Automática,Finalizado,0,2023-11-06,Santander,Bucaramanga,34,M,1,Bachiller,Comerciante,2570000.0,Campaña digital,519.0,True,0,Android,hash_950531,55,12,6,0.0,0.0,1.0,0.0,0.0,0.0,0.0,0.0,48.0,48.0,0.4112175726886496,0,2570000.0,normal
CR001291,CL01189,2026-02-03,Microcrédito,250000,9,0.0256,31000,Web,625,0.0721,Automática,Activo,0,2024-09-07,Bogotá D.C.,Bogotá,42,M,4,Bachiller,Desempleado,430000.0,Campaña digital,467.0,True,2,Android,hash_525377,514,2,1,0.0,1.0,5.0,1.0,0.0,2.0,0.0,1.0,1788.0,178.8,0.5011307068164279,1,430000.0,normal
CR001292,CL01190,2024-11-09,Crédito consumo digital,4500000,12,0.0228,433000,Aliado,900,0.0638,Automática,Mora moderada,1,2023-03-24,Bogotá D.C.,Bogotá,26,M,4,Técnico/Tecnólogo,Empleado,6790000.0,Campaña digital,688.0,True,1,Android,hash_680913,596,11,5,2.0,1.0,4.0,3.0,1.0,1.0,1.0,1.0,2387.0,170.5,0.3289317610422164,0,6790000.0,normal
CR001293,CL01190,2024-02-05,Microcrédito,6050000,9,0.0263,764000,Aliado,900,0.1125,Automática,Finalizado,0,2023-03-24,Bogotá D.C.,Bogotá,26,M,4,Técnico/Tecnólogo,Empleado,6790000.0,Campaña digital,688.0,True,1,Android,hash_680913,318,2,0,1.0,0.0,0.0,1.0,0.0,1.0,1.0,0.0,563.0,140.75,0.3775869944248199,0,6790000.0,normal
CR001294,CL01191,2025-10-07,Crédito consumo digital,800000,18,0.0232,55000,Aliado,900,0.0299,Automática,Mora severa,1,2023-09-05,Bogotá D.C.,Bogotá,37,F,4,Bachiller,Pensionado,1840000.0,App orgánico,612.0,False,3,Android,hash_251265,763,10,1,1.0,2.0,3.0,0.0,1.0,1.0,0.0,0.0,1112.0,139.0,0.44733094807196705,0,1840000.0,normal
CR001295,CL01193,2026-02-05,Crédito consumo digital,1200000,12,0.0233,116000,Aliado,866,0.0396,Automática,Activo,0,2024-05-14,Atlántico,Barranquilla,30,F,4,Técnico/Tecnólogo,Independiente,2930000.0,Aliado comercial,695.0,False,1,Android,hash_919282,632,2,3,0.0,1.0,1.0,0.0,0.0,1.0,0.0,2.0,1276.0,255.2,0.27909350874215433,0,2930000.0,normal
CR001296,CL01195,2024-08-07,Crédito consumo digital,1450000,6,0.0375,274000,Aliado,822,0.1015,Automática,Finalizado,0,2023-10-05,Antioquia,Medellín,20,M,5,Universitario,Empleado,2700000.0,Campaña digital,543.0,False,0,Web,hash_725497,307,8,2,0.0,0.0,0.0,0.0,0.0,0.0,0.0,0.0,0.0,0.0,0.5448474944752242,1,2700000.0,normal
CR001297,CL01199,2025-11-25,Avance de nómina,1800000,6,0.024,326000,Aliado,821,0.1331,Automática,Mora moderada,1,2025-07-19,Cundinamarca,Soacha,38,F,4,Universitario,Independiente,2450000.0,Campaña digital,577.0,True,1,Android,hash_453497,129,11,1,1.0,0.0,1.0,0.0,0.0,0.0,0.0,0.0,516.0,258.0,0.5280153683808368,1,2450000.0,normal
CR001298,CL01199,2026-02-12,Microcrédito,1050000,18,0.0,74000,Aliado,863,0.0302,Automática,Activo,0,2025-07-19,Cundinamarca,Soacha,38,F,4,Universitario,Independiente,2450000.0,Campaña digital,577.0,True,1,Android,hash_453497,208,2,3,1.0,0.0,2.0,1.0,0.0,0.0,1.0,0.0,1240.0,248.0,0.21486796465006178,0,2450000.0,normal
CR001299,CL01200,2025-07-26,Microcrédito,950000,12,0.0306,96000,Web,794,0.0578,Automática,Activo,0,2024-12-13,Bogotá D.C.,Bogotá,50,M,2,Universitario,Conductor/Repartidor,1660000.0,App orgánico,555.0,False,2,Android,hash_761818,225,7,5,0.0,2.0,2.0,0.0,0.0,1.0,0.0,0.0,638.0,127.6,0.5730638931698521,1,1660000.0,normal
CR001300,CL01200,2025-12-18,Avance de nómina,350000,18,0.018,23000,App,810,0.0139,Automática,Activo,0,2024-12-13,Bogotá D.C.,Bogotá,50,M,2,Universitario,Conductor/Repartidor,1660000.0,App orgánico,555.0,False,2,Android,hash_761818,370,12,3,0.0,3.0,3.0,0.0,0.0,2.0,0.0,0.0,1092.0,136.5,0.4579484783780287,0,1660000.0,normal
CR001301,CL01201,2025-10-08,Crédito consumo digital,450000,18,0.0322,33000,App,795,0.0136,Automática,Activo,0,2023-08-21,Bogotá D.C.,Bogotá,37,F,2,Técnico/Tecnólogo,Conductor/Repartidor,2430000.0,Referido,547.0,True,1,Android,hash_824331,779,10,2,1.0,0.0,0.0,1.0,0.0,0.0,0.0,0.0,446.0,223.0,0.6008921660981691,1,2430000.0,normal
CR001302,CL01202,2025-11-10,Microcrédito,8600000,3,0.0302,3042000,Aliado,808,0.6805,Excepción,Mora severa,1,2025-12-02,Atlántico,Barranquilla,32,M,4,Bachiller,Microempresario,4470000.0,Aliado comercial,679.0,False,0,Android,hash_560410,-22,11,0,0.0,0.0,0.0,0.0,0.0,0.0,0.0,0.0,0.0,0.0,0.7760096081795971,1,4470000.0,normal
CR001303,CL01203,2025-10-03,Crédito consumo digital,1050000,18,0.0385,82000,Aliado,694,0.1051,Automática,Activo,0,2023-12-15,Tolima,Ibagué,37,M,2,Técnico/Tecnólogo,Desempleado,780000.0,Referido,448.0,False,1,Android,hash_920959,658,10,4,0.0,1.0,1.0,1.0,0.0,4.0,0.0,0.0,1235.0,176.42857142857142,0.5911424654345993,1,780000.0,normal
CR001304,CL01204,2026-01-09,Crédito consumo digital,5600000,18,0.0235,385000,Aliado,829,0.1024,Automática,Activo,0,2025-09-01,Atlántico,Barranquilla,41,F,3,Bachiller,Independiente,3760000.0,Referido,671.0,False,1,iOS,hash_985023,130,1,4,0.0,2.0,2.0,0.0,0.0,0.0,0.0,2.0,1301.0,216.83333333333334,0.3170961759257721,0,3760000.0,normal
CR001305,CL01205,2024-09-10,Crédito libre inversión,3050000,9,0.0186,371000,Web,783,0.1775,Automática,Mora severa,1,2023-06-30,Santander,Bucaramanga,36,F,2,Bachiller,Empleado,2090000.0,App orgánico,568.0,False,1,iOS,hash_950534,438,9,1,1.0,0.0,1.0,0.0,1.0,0.0,0.0,0.0,744.0,248.0,0.6205459265305624,1,2090000.0,normal
CR001306,CL01207,2025-09-19,Crédito libre inversión,2050000,9,0.0315,265000,Web,878,0.096,Automática,Activo,0,2024-05-28,Bogotá D.C.,Bogotá,29,M,4,Técnico/Tecnólogo,Independiente,2760000.0,Aliado comercial,666.0,True,0,Android,hash_736045,479,9,4,1.0,1.0,1.0,2.0,0.0,1.0,0.0,1.0,1576.0,225.14285714285714,0.3501155106068918,0,2760000.0,normal
CR001307,CL01208,2025-05-07,Microcrédito,1700000,3,0.0348,607000,App,682,0.2362,Automática,Finalizado,0,2023-07-08,Bogotá D.C.,Bogotá,29,M,1,Bachiller,Desempleado,2570000.0,Aliado comercial,436.0,False,2,iOS,hash_198525,669,5,2,0.0,0.0,2.0,0.0,0.0,0.0,0.0,0.0,125.0,62.5,0.6513922865065285,1,2570000.0,normal
CR001308,CL01209,2025-04-29,Crédito consumo digital,950000,24,0.0293,56000,App,866,0.0206,Automática,Mora moderada,1,2023-01-23,Bogotá D.C.,Bogotá,22,F,3,Bachiller,Independiente,2720000.0,App orgánico,564.0,True,2,Android,hash_137525,827,4,1,1.0,1.0,7.0,1.0,0.0,1.0,0.0,1.0,1284.0,107.0,0.5105220699717059,1,2720000.0,normal
CR001309,CL01209,2023-09-09,Microcrédito,3150000,3,0.0391,1133000,Aliado,807,0.4165,Manual,Finalizado,0,2023-01-23,Bogotá D.C.,Bogotá,22,F,3,Bachiller,Independiente,2720000.0,App orgánico,564.0,True,2,Android,hash_137525,229,9,5,0.0,0.0,0.0,0.0,0.0,0.0,0.0,1.0,231.0,231.0,0.49833079905338146,0,2720000.0,normal
CR001310,CL01210,2025-12-20,Crédito libre inversión,1100000,24,0.0206,59000,Aliado,732,0.0573,Automática,Activo,0,2025-10-25,Antioquia,Medellín,53,M,1,Universitario,Desempleado,1030000.0,Campaña digital,544.0,False,1,iOS,hash_149190,56,12,5,0.0,1.0,2.0,0.0,0.0,1.0,0.0,0.0,639.0,159.75,0.6847741336244918,1,1030000.0,normal
CR001311,CL01211,2025-03-12,Crédito libre inversión,4450000,9,0.0218,550000,App,753,0.3642,Manual,Mora severa,1,2024-05-26,Bolívar,Cartagena,24,M,3,Universitario,Conductor/Repartidor,1510000.0,App orgánico,499.0,False,1,Android,hash_372460,290,3,2,0.0,1.0,3.0,0.0,0.0,2.0,0.0,0.0,1511.0,251.83333333333334,0.6032843683246267,1,1510000.0,normal
CR001312,CL01211,2025-11-29,Crédito consumo digital,1150000,24,0.0255,65000,App,769,0.043,Automática,Mora moderada,1,2024-05-26,Bolívar,Cartagena,24,M,3,Universitario,Conductor/Repartidor,1510000.0,App orgánico,499.0,False,1,Android,hash_372460,552,11,5,1.0,1.0,5.0,1.0,0.0,2.0,0.0,2.0,2144.0,178.66666666666666,0.6941483293015462,1,1510000.0,normal
CR001313,CL01214,2024-04-26,Avance de nómina,550000,12,0.0308,56000,Web,900,0.0201,Automática,Finalizado,0,2024-01-01,Santander,Bucaramanga,45,M,3,Técnico/Tecnólogo,Empleado,2780000.0,Campaña digital,642.0,False,0,Android,hash_230877,116,4,4,1.0,1.0,2.0,0.0,0.0,1.0,0.0,0.0,673.0,134.6,0.2593107612215012,0,2780000.0,normal
CR001314,CL01214,2026-03-20,Avance de nómina,500000,18,0.0319,37000,App,827,0.0133,Automática,Activo,0,2024-01-01,Santander,Bucaramanga,45,M,3,Técnico/Tecnólogo,Empleado,2780000.0,Campaña digital,642.0,False,0,Android,hash_230877,809,3,4,2.0,6.0,7.0,1.0,0.0,3.0,1.0,0.0,3179.0,158.95,0.11272043257574488,0,2780000.0,normal
CR001315,CL01214,2024-03-04,Crédito consumo digital,1700000,12,0.0253,166000,Aliado,882,0.0597,Automática,Finalizado,0,2024-01-01,Santander,Bucaramanga,45,M,3,Técnico/Tecnólogo,Empleado,2780000.0,Campaña digital,642.0,False,0,Android,hash_230877,63,3,0,1.0,0.0,1.0,0.0,0.0,0.0,0.0,0.0,161.0,80.5,0.24762188302452737,0,2780000.0,normal
CR001316,CL01215,2023-11-16,Crédito libre inversión,2850000,9,0.0263,360000,App,794,0.1731,Automática,Finalizado,0,2023-04-06,Atlántico,Barranquilla,33,F,5,Técnico/Tecnólogo,Independiente,2080000.0,Campaña digital,573.0,True,3,iOS,hash_720630,224,11,3,0.0,0.0,1.0,0.0,0.0,0.0,0.0,0.0,169.0,169.0,0.6250738862218104,1,2080000.0,normal
CR001317,CL01216,2025-08-10,Crédito libre inversión,9800000,9,0.0223,1214000,App,877,0.2836,Automática,Activo,0,2024-11-17,Caldas,Manizales,48,F,5,Técnico/Tecnólogo,Conductor/Repartidor,4280000.0,Campaña digital,621.0,False,1,Android,hash_909977,266,8,6,0.0,2.0,4.0,0.0,0.0,1.0,0.0,0.0,968.0,138.28571428571428,0.40939670327602673,0,4280000.0,normal
CR001318,CL01216,2025-12-28,Microcrédito,3850000,6,0.0386,731000,App,871,0.1708,Automática,Activo,0,2024-11-17,Caldas,Manizales,48,F,5,Técnico/Tecnólogo,Conductor/Repartidor,4280000.0,Campaña digital,621.0,False,1,Android,hash_909977,406,12,6,0.0,4.0,4.0,1.0,0.0,1.0,1.0,0.0,1488.0,135.27272727272728,0.22490953470837208,0,4280000.0,normal
CR001319,CL01217,2025-10-03,Microcrédito,6000000,6,0.0408,1148000,Aliado,765,0.4467,Manual,Finalizado,0,2024-06-27,Cundinamarca,Soacha,29,F,3,Bachiller,Microempresario,2570000.0,Aliado comercial,658.0,False,0,iOS,hash_385954,463,10,4,1.0,0.0,0.0,1.0,0.0,2.0,0.0,0.0,568.0,142.0,0.38788611009611856,0,2570000.0,normal
CR001320,CL01219,2026-01-22,Microcrédito,4450000,9,0.0335,581000,App,900,0.0937,Automática,Mora moderada,1,2025-09-09,Valle del Cauca,Cali,28,F,6,Universitario,Comerciante,6200000.0,Referido,742.0,False,2,Android,hash_662162,135,1,3,1.0,1.0,2.0,2.0,0.0,0.0,3.0,1.0,2163.0,216.3,0.4397087612922606,0,6200000.0,normal
CR001321,CL01219,2025-11-29,Crédito consumo digital,3600000,12,0.0258,353000,Aliado,900,0.0569,Automática,Activo,0,2025-09-09,Valle del Cauca,Cali,28,F,6,Universitario,Comerciante,6200000.0,Referido,742.0,False,2,Android,hash_662162,81,11,5,1.0,1.0,2.0,0.0,0.0,0.0,0.0,1.0,1126.0,225.2,0.2681585865889209,0,6200000.0,normal
CR001322,CL01220,2024-06-06,Crédito consumo digital,500000,12,0.0374,52000,App,705,0.0416,Automática,Mora severa,1,2023-05-02,Antioquia,Medellín,57,M,4,Técnico/Tecnólogo,Desempleado,1250000.0,Referido,518.0,False,3,Android,hash_480031,401,6,3,1.0,1.0,1.0,2.0,0.0,1.0,0.0,0.0,1356.0,226.0,0.6773420543365688,1,1250000.0,normal
CR001323,CL01220,2023-12-25,Crédito consumo digital,900000,9,0.0251,113000,App,723,0.0904,Automática,Mora moderada,1,2023-05-02,Antioquia,Medellín,57,M,4,Técnico/Tecnólogo,Desempleado,1250000.0,Referido,518.0,False,3,Android,hash_480031,237,12,0,1.0,1.0,0.0,2.0,0.0,1.0,0.0,0.0,1266.0,253.2,0.6651789076340778,1,1250000.0,normal
CR001324,CL01221,2023-12-29,Crédito consumo digital,1500000,6,0.0389,285000,Aliado,828,0.0916,Automática,Finalizado,0,2023-07-14,Bogotá D.C.,Bogotá,24,F,3,Universitario,Conductor/Repartidor,3110000.0,App orgánico,575.0,False,0,iOS,hash_112850,168,12,4,0.0,0.0,1.0,0.0,0.0,0.0,0.0,0.0,221.0,221.0,0.4967067882064587,0,3110000.0,normal
CR001325,CL01221,2024-07-25,Crédito consumo digital,1250000,9,0.0287,160000,App,855,0.0514,Automática,Mora moderada,0,2023-07-14,Bogotá D.C.,Bogotá,24,F,3,Universitario,Conductor/Repartidor,3110000.0,App orgánico,575.0,False,0,iOS,hash_112850,377,7,3,0.0,0.0,4.0,0.0,0.0,1.0,0.0,0.0,526.0,105.2,0.44421023327672643,0,3110000.0,normal
CR001326,CL01222,2025-04-16,Microcrédito,850000,6,0.0362,160000,App,699,0.1649,Automática,Finalizado,0,2024-05-18,Santander,Bucaramanga,39,F,4,Técnico/Tecnólogo,Desempleado,970000.0,Referido,501.0,False,1,iOS,hash_864236,333,4,2,2.0,1.0,1.0,0.0,1.0,2.0,1.0,1.0,981.0,109.0,0.6150518483081188,1,970000.0,normal
CR001327,CL01224,2025-01-11,Crédito consumo digital,300000,12,0.0264,29000,App,766,0.058,Automática,Finalizado,0,2024-12-13,Bogotá D.C.,Bogotá,40,M,2,Técnico/Tecnólogo,Estudiante,500000.0,Campaña digital,477.0,False,1,Android,hash_884642,29,1,5,0.0,0.0,1.0,0.0,0.0,0.0,1.0,0.0,264.0,132.0,0.6776602857667068,1,500000.0,normal
CR001328,CL01225,2025-07-25,Crédito consumo digital,1850000,6,0.0276,339000,Aliado,523,0.1389,Excepción,Finalizado,0,2025-06-28,Bolívar,Cartagena,34,M,3,Técnico/Tecnólogo,Empleado,2440000.0,Aliado comercial,588.0,True,3,Android,hash_831951,27,7,4,0.0,0.0,0.0,0.0,0.0,0.0,0.0,0.0,0.0,0.0,0.571816426672008,1,2440000.0,normal
CR001329,CL01226,2024-09-05,Crédito consumo digital,1600000,6,0.0265,292000,App,783,0.1321,Automática,Finalizado,0,2023-02-08,Bogotá D.C.,Bogotá,35,M,2,Universitario,Empleado,2210000.0,Campaña digital,508.0,False,2,Android,hash_922343,575,9,3,1.0,0.0,2.0,1.0,0.0,0.0,0.0,0.0,825.0,206.25,0.54856003967559,1,2210000.0,normal
CR001330,CL01227,2024-01-16,Microcrédito,1800000,18,0.0333,135000,Call center,810,0.0443,Automática,Mora severa,1,2023-05-26,Cundinamarca,Soacha,36,M,4,Posgrado,Empleado,3050000.0,Campaña digital,581.0,True,3,Web,hash_224559,235,1,1,0.0,0.0,0.0,0.0,0.0,1.0,0.0,0.0,103.0,103.0,0.5022158154255016,1,3050000.0,normal
CR001331,CL01228,2024-12-14,Microcrédito,700000,12,0.0383,74000,App,692,0.1156,Automática,Finalizado,0,2024-06-04,Antioquia,Medellín,35,M,1,Universitario,Estudiante,640000.0,Aliado comercial,457.0,False,4,Android,hash_935209,193,12,5,0.0,0.0,0.0,1.0,1.0,0.0,0.0,0.0,336.0,168.0,0.656127065478898,1,640000.0,normal
CR001332,CL01229,2026-01-04,Crédito libre inversión,3400000,3,0.0204,1180000,App,873,0.3907,Manual,Finalizado,0,2024-12-22,Bogotá D.C.,Bogotá,46,F,2,Bachiller,Empleado,3020000.0,Aliado comercial,665.0,False,4,Android,hash_155421,378,1,6,0.0,1.0,1.0,0.0,0.0,0.0,0.0,0.0,926.0,463.0,0.1672741886991481,0,3020000.0,normal
CR001333,CL01230,2024-09-22,Microcrédito,5300000,6,0.0265,967000,Call center,779,0.3996,Manual,Mora moderada,1,2023-05-11,Valle del Cauca,Cali,58,F,2,Sin información,Empleado,2420000.0,Campaña digital,592.0,False,0,Android,hash_652845,500,9,6,0.0,1.0,6.0,1.0,0.0,0.0,0.0,0.0,1109.0,138.625,0.5711350940328052,1,2420000.0,normal
CR001334,CL01230,2023-10-01,Crédito libre inversión,5400000,24,0.0202,286000,Aliado,897,0.1182,Automática,Mora moderada,1,2023-05-11,Valle del Cauca,Cali,58,F,2,Sin información,Empleado,2420000.0,Campaña digital,592.0,False,0,Android,hash_652845,143,10,6,0.0,1.0,4.0,0.0,0.0,0.0,0.0,0.0,646.0,129.2,0.5052468244275691,1,2420000.0,normal
CR001335,CL01233,2024-11-14,Crédito consumo digital,1150000,24,0.0351,72000,App,900,0.0321,Automática,Activo,0,2024-10-23,Santander,Bucaramanga,75,F,3,Bachiller,Empleado,2240000.0,Campaña digital,705.0,True,0,iOS,hash_409169,22,11,3,0.0,0.0,0.0,0.0,0.0,0.0,0.0,0.0,0.0,0.0,0.22346971993912756,0,2240000.0,normal
CR001336,CL01234,2025-04-12,Crédito consumo digital,2350000,6,0.032,437000,App,783,0.1917,Automática,Finalizado,0,2025-01-19,Bogotá D.C.,Bogotá,62,M,1,Bachiller,Microempresario,2280000.0,Aliado comercial,598.0,False,0,Web,hash_814129,83,4,5,0.0,0.0,2.0,1.0,0.0,0.0,0.0,0.0,837.0,279.0,0.4266322138742425,0,2280000.0,normal
CR001337,CL01234,2025-12-13,Crédito consumo digital,1850000,24,0.0384,119000,Aliado,850,0.0522,Automática,Activo,0,2025-01-19,Bogotá D.C.,Bogotá,62,M,1,Bachiller,Microempresario,2280000.0,Aliado comercial,598.0,False,0,Web,hash_814129,328,12,5,0.0,1.0,7.0,3.0,0.0,4.0,0.0,0.0,3196.0,213.06666666666666,0.33761914395834164,0,2280000.0,normal
CR001338,CL01235,2025-01-18,Crédito libre inversión,2600000,3,0.0307,920000,Aliado,852,0.3206,Automática,Finalizado,0,2024-06-17,Santander,Bucaramanga,28,M,3,Universitario,Empleado,2870000.0,Referido,635.0,False,3,Android,hash_940777,215,1,5,0.0,1.0,2.0,0.0,0.0,2.0,0.0,0.0,610.0,122.0,0.40903201238451076,0,2870000.0,normal
CR001339,CL01235,2026-02-11,Crédito consumo digital,2200000,6,0.037,416000,Call center,817,0.1449,Automática,Activo,0,2024-06-17,Santander,Bucaramanga,28,M,3,Universitario,Empleado,2870000.0,Referido,635.0,False,3,Android,hash_940777,604,2,2,0.0,3.0,5.0,0.0,0.0,3.0,1.0,0.0,1381.0,115.08333333333333,0.2725699353665882,0,2870000.0,normal
CR001340,CL01236,2025-05-22,Crédito consumo digital,550000,9,0.0214,68000,App,698,0.1046,Automática,Mora severa,1,2024-05-24,Bogotá D.C.,Bogotá,52,M,3,Técnico/Tecnólogo,Estudiante,650000.0,App orgánico,586.0,False,1,Android,hash_721436,363,5,3,1.0,2.0,2.0,0.0,0.0,0.0,0.0,1.0,571.0,95.16666666666667,0.5176497468543811,1,650000.0,normal
CR001341,CL01237,2025-07-12,Crédito consumo digital,2150000,6,0.0266,392000,App,900,0.1037,Automática,Finalizado,0,2025-12-10,Valle del Cauca,Cali,53,F,3,Técnico/Tecnólogo,Empleado,3780000.0,Campaña digital,703.0,True,2,Android,hash_590226,-151,7,5,0.0,0.0,0.0,0.0,0.0,0.0,0.0,0.0,0.0,0.0,0.24468501113151556,0,3780000.0,normal
CR001342,CL01237,2025-08-02,Microcrédito,3600000,6,0.0409,689000,App,889,0.1823,Automática,Finalizado,0,2025-12-10,Valle del Cauca,Cali,53,F,3,Técnico/Tecnólogo,Empleado,3780000.0,Campaña digital,703.0,True,2,Android,hash_590226,-130,8,5,0.0,0.0,0.0,0.0,0.0,0.0,0.0,0.0,0.0,0.0,0.21052749047129485,0,3780000.0,normal
CR001343,CL01238,2025-04-30,Crédito consumo digital,1600000,6,0.0215,287000,App,900,0.0744,Automática,Finalizado,0,2024-03-29,Valle del Cauca,Cali,30,M,4,Técnico/Tecnólogo,Empleado,3860000.0,Campaña digital,649.0,False,0,Android,hash_172928,397,4,2,1.0,3.0,0.0,0.0,0.0,4.0,1.0,0.0,1785.0,198.33333333333334,0.2337038704402748,0,3860000.0,normal
CR001344,CL01239,2025-09-21,Crédito consumo digital,950000,6,0.024,172000,Web,900,0.0669,Automática,Finalizado,0,2025-06-27,Valle del Cauca,Cali,42,F,3,Bachiller,Empleado,2570000.0,Aliado comercial,652.0,False,2,iOS,hash_484562,86,9,6,0.0,0.0,0.0,0.0,0.0,2.0,0.0,0.0,398.0,199.0,0.26037195304147515,0,2570000.0,normal
CR001345,CL01240,2025-10-28,Microcrédito,2700000,3,0.0369,967000,App,782,0.3719,Manual,Mora moderada,0,2025-12-20,Antioquia,Medellín,52,No informa,1,Bachiller,Comerciante,2600000.0,Campaña digital,576.0,False,1,Web,hash_150375,-53,10,1,0.0,0.0,0.0,0.0,0.0,0.0,0.0,0.0,0.0,0.0,0.5476814066781018,1,2600000.0,normal
CR001346,CL01240,2025-09-07,Crédito consumo digital,1050000,9,0.0379,140000,App,825,0.0538,Automática,Mora moderada,1,2025-12-20,Antioquia,Medellín,52,No informa,1,Bachiller,Comerciante,2600000.0,Campaña digital,576.0,False,1,Web,hash_150375,-104,9,6,0.0,0.0,0.0,0.0,0.0,0.0,0.0,0.0,0.0,0.0,0.5409817564072277,1,2600000.0,normal
CR001347,CL01241,2024-07-11,Microcrédito,1900000,9,0.0392,255000,Web,758,0.1294,Automática,Finalizado,0,2023-05-13,Bogotá D.C.,Bogotá,32,F,3,Posgrado,Comerciante,1970000.0,Referido,565.0,False,2,iOS,hash_492445,425,7,3,1.0,2.0,1.0,2.0,0.0,1.0,0.0,0.0,853.0,121.85714285714286,0.5306132731574441,1,1970000.0,normal
CR001348,CL01242,2023-12-18,Microcrédito,1500000,3,0.0407,541000,Aliado,698,0.2245,Automática,Finalizado,0,2023-07-07,Antioquia,Medellín,34,M,1,Bachiller,Empleado,2410000.0,Campaña digital,474.0,False,1,iOS,hash_355223,164,12,0,0.0,1.0,1.0,0.0,0.0,0.0,0.0,0.0,174.0,87.0,0.49907442311368166,0,2410000.0,normal
CR001349,CL01243,2025-06-13,Crédito libre inversión,3050000,9,0.0315,394000,App,856,0.1615,Automática,Mora moderada,1,2025-05-19,Bolívar,Cartagena,30,F,1,Bachiller,Empleado,2440000.0,Referido,561.0,False,0,Web,hash_529318,25,6,4,0.0,0.0,0.0,0.0,0.0,1.0,0.0,0.0,231.0,231.0,0.5957210614005851,1,2440000.0,normal
CR001350,CL01244,2023-04-11,Microcrédito,2250000,3,0.0379,808000,App,748,0.4321,Manual,Mora moderada,1,2023-03-05,Bogotá D.C.,Bogotá,26,M,1,Posgrado,Independiente,1870000.0,Aliado comercial,564.0,False,3,Android,hash_174992,37,4,1,0.0,0.0,0.0,0.0,0.0,0.0,0.0,0.0,0.0,0.0,0.6269842547959279,1,1870000.0,normal
CR001351,CL01244,2023-06-04,Crédito libre inversión,3600000,12,0.0288,359000,Web,794,0.192,Automática,Mora moderada,1,2023-03-05,Bogotá D.C.,Bogotá,26,M,1,Posgrado,Independiente,1870000.0,Aliado comercial,564.0,False,3,Android,hash_174992,91,6,6,0.0,0.0,0.0,0.0,0.0,0.0,0.0,0.0,0.0,0.0,0.7394411437595831,1,1870000.0,normal
CR001352,CL01246,2025-11-08,Avance de nómina,700000,6,0.0216,126000,App,820,0.049,Automática,Activo,0,2024-04-21,Bogotá D.C.,Bogotá,24,M,2,Sin información,Empleado,2570000.0,App orgánico,526.0,True,4,Android,hash_938915,566,11,5,0.0,4.0,6.0,1.0,0.0,0.0,1.0,3.0,1718.0,114.53333333333333,0.27789777965310863,0,2570000.0,normal
CR001353,CL01246,2024-08-18,Microcrédito,1650000,9,0.0375,219000,App,751,0.0852,Automática,Finalizado,0,2024-04-21,Bogotá D.C.,Bogotá,24,M,2,Sin información,Empleado,2570000.0,App orgánico,526.0,True,4,Android,hash_938915,119,8,6,0.0,1.0,3.0,1.0,0.0,0.0,0.0,0.0,588.0,117.6,0.5836564191625946,1,2570000.0,normal
CR001354,CL01246,2024-05-27,Microcrédito,3000000,3,0.0352,1071000,App,706,0.4167,Manual,Finalizado,0,2024-04-21,Bogotá D.C.,Bogotá,24,M,2,Sin información,Empleado,2570000.0,App orgánico,526.0,True,4,Android,hash_938915,36,5,0,0.0,0.0,2.0,0.0,0.0,0.0,0.0,0.0,64.0,32.0,0.452250223053054,0,2570000.0,normal
CR001355,CL01247,2024-04-17,Crédito consumo digital,650000,12,0.0306,66000,App,856,0.0282,Automática,Mora moderada,1,2023-06-11,Atlántico,Barranquilla,36,M,1,Universitario,Empleado,2340000.0,Referido,596.0,True,2,Android,hash_656000,311,4,2,0.0,0.0,1.0,0.0,1.0,0.0,0.0,0.0,504.0,252.0,0.5412760607245264,1,2340000.0,normal
CR001356,CL01249,2023-05-17,Microcrédito,1350000,18,0.0372,104000,App,726,0.0963,Automática,Mora severa,1,2023-02-23,Bogotá D.C.,Bogotá,38,M,5,Bachiller,Desempleado,1080000.0,App orgánico,544.0,True,0,Android,hash_459348,83,5,2,0.0,0.0,1.0,0.0,0.0,0.0,0.0,0.0,122.0,122.0,0.8500446989487782,1,1080000.0,normal
CR001357,CL01249,2025-03-23,Crédito libre inversión,650000,12,0.0179,61000,App,744,0.0565,Automática,Finalizado,0,2023-02-23,Bogotá D.C.,Bogotá,38,M,5,Bachiller,Desempleado,1080000.0,App orgánico,544.0,True,0,Android,hash_459348,759,3,6,0.0,1.0,4.0,0.0,0.0,2.0,0.0,1.0,1156.0,144.5,0.5163778044975769,1,1080000.0,normal
CR001358,CL01250,2026-02-12,Crédito consumo digital,950000,6,0.0253,173000,App,609,0.0896,Manual,Activo,0,2025-11-02,Antioquia,Medellín,20,F,2,Técnico/Tecnólogo,Empleado,1930000.0,Referido,588.0,False,2,Web,hash_951787,102,2,3,0.0,1.0,3.0,0.0,0.0,0.0,0.0,0.0,516.0,129.0,0.3650186055516961,0,1930000.0,normal
CR001359,CL01252,2025-11-11,Microcrédito,1400000,9,0.0376,186000,Web,790,0.0974,Automática,Activo,0,2025-03-27,Norte de Santander,Cúcuta,44,M,2,Técnico/Tecnólogo,Empleado,1910000.0,Referido,514.0,False,1,Web,hash_289939,229,11,1,0.0,1.0,1.0,0.0,0.0,1.0,1.0,0.0,379.0,94.75,0.5328932590689479,1,1910000.0,normal
CR001360,CL01252,2025-10-30,Crédito consumo digital,1150000,6,0.0324,214000,App,900,0.112,Automática,Finalizado,0,2025-03-27,Norte de Santander,Cúcuta,44,M,2,Técnico/Tecnólogo,Empleado,1910000.0,Referido,514.0,False,1,Web,hash_289939,217,10,3,0.0,1.0,0.0,0.0,0.0,1.0,1.0,0.0,321.0,107.0,0.5176591770739,1,1910000.0,normal
CR001361,CL01253,2024-02-16,Crédito consumo digital,1050000,6,0.0377,199000,Aliado,814,0.0732,Automática,Finalizado,0,2023-09-29,Valle del Cauca,Cali,19,F,2,Universitario,Empleado,2720000.0,Campaña digital,685.0,False,2,iOS,hash_826844,140,2,4,0.0,1.0,0.0,0.0,0.0,0.0,1.0,0.0,252.0,126.0,0.21475460757372666,0,2720000.0,normal
CR001362,CL01254,2025-03-24,Microcrédito,2550000,12,0.0286,254000,Web,853,0.0638,Automática,Mora moderada,1,2023-08-31,Valle del Cauca,Cali,40,F,2,Universitario,Microempresario,3980000.0,Aliado comercial,644.0,False,3,Android,hash_334891,571,3,0,1.0,2.0,1.0,1.0,0.0,0.0,1.0,1.0,819.0,117.0,0.37593637164414667,0,3980000.0,normal
CR001363,CL01256,2023-04-28,Avance de nómina,2200000,6,0.0256,400000,App,849,0.125,Automática,Finalizado,0,2023-04-04,Antioquia,Medellín,24,F,3,Bachiller,Conductor/Repartidor,3200000.0,App orgánico,580.0,True,2,Android,hash_292848,24,4,4,0.0,0.0,0.0,0.0,0.0,0.0,0.0,0.0,0.0,0.0,0.5043270417384278,1,3200000.0,normal
CR001364,CL01258,2024-03-17,Avance de nómina,700000,6,0.0269,128000,App,795,0.1,Automática,Finalizado,0,2023-08-02,Bolívar,Cartagena,40,M,3,Bachiller,Independiente,1280000.0,Aliado comercial,517.0,False,3,iOS,hash_585089,228,3,6,0.0,0.0,2.0,0.0,0.0,0.0,0.0,0.0,386.0,193.0,0.6553650554454293,1,1280000.0,normal
CR001365,CL01259,2025-05-31,Crédito consumo digital,4900000,12,0.0332,502000,Call center,900,0.0864,Automática,Activo,0,2024-08-13,Bogotá D.C.,Bogotá,29,M,3,Bachiller,Conductor/Repartidor,5810000.0,Campaña digital,707.0,False,0,Android,hash_670845,291,5,5,1.0,0.0,0.0,0.0,0.0,0.0,0.0,0.0,323.0,323.0,0.4578039311248175,0,5810000.0,normal
CR001366,CL01260,2025-08-05,Crédito libre inversión,2650000,18,0.02,177000,App,900,0.043,Automática,Activo,0,2025-08-19,Valle del Cauca,Cali,35,M,4,Sin información,Comerciante,4120000.0,Referido,694.0,False,0,iOS,hash_821180,-14,8,1,0.0,0.0,0.0,0.0,0.0,0.0,0.0,0.0,0.0,0.0,0.3566564336649277,0,4120000.0,normal
CR001367,CL01260,2026-01-26,Crédito consumo digital,1150000,12,0.037,120000,Aliado,900,0.0291,Automática,Activo,0,2025-08-19,Valle del Cauca,Cali,35,M,4,Sin información,Comerciante,4120000.0,Referido,694.0,False,0,iOS,hash_821180,160,1,0,0.0,1.0,6.0,3.0,1.0,0.0,0.0,0.0,1959.0,178.0909090909091,0.16582761939029045,0,4120000.0,normal
CR001368,CL01260,2025-07-25,Crédito libre inversión,10400000,6,0.0309,1926000,App,825,0.4675,Manual,Finalizado,0,2025-08-19,Valle del Cauca,Cali,35,M,4,Sin información,Comerciante,4120000.0,Referido,694.0,False,0,iOS,hash_821180,-25,7,4,0.0,0.0,0.0,0.0,0.0,0.0,0.0,0.0,0.0,0.0,0.4580158218027169,0,4120000.0,normal
CR001369,CL01261,2024-03-10,Crédito consumo digital,1750000,12,0.0297,175000,App,837,0.0745,Automática,Mora severa,1,2023-09-26,Antioquia,Medellín,42,F,3,Técnico/Tecnólogo,Microempresario,2350000.0,App orgánico,536.0,False,3,iOS,hash_151940,166,3,6,0.0,1.0,1.0,0.0,0.0,0.0,1.0,0.0,651.0,217.0,0.4303048651730186,0,2350000.0,normal
CR001370,CL01262,2025-08-04,Crédito consumo digital,4750000,6,0.0275,870000,App,900,0.1299,Automática,Finalizado,0,2024-09-11,Antioquia,Medellín,37,F,5,Técnico/Tecnólogo,Empleado,6700000.0,Campaña digital,806.0,False,1,Android,hash_228491,327,8,0,1.0,1.0,3.0,0.0,0.0,2.0,0.0,2.0,1189.0,132.11111111111111,0.22417678173185585,0,6700000.0,normal
CR001371,CL01262,2025-12-15,Microcrédito,2600000,24,0.0299,153000,Call center,900,0.0228,Automática,Activo,0,2024-09-11,Antioquia,Medellín,37,F,5,Técnico/Tecnólogo,Empleado,6700000.0,Campaña digital,806.0,False,1,Android,hash_228491,460,12,0,1.0,1.0,5.0,3.0,0.0,2.0,0.0,3.0,2317.0,154.46666666666667,0.18782586383096786,0,6700000.0,normal
CR001372,CL01263,2025-06-16,Crédito consumo digital,2200000,12,0.0345,227000,App,855,0.0692,Automática,Activo,0,2023-09-12,Cundinamarca,Soacha,41,No informa,4,Sin información,Conductor/Repartidor,3280000.0,Aliado comercial,539.0,True,4,Android,hash_553192,643,6,0,1.0,0.0,1.0,1.0,0.0,0.0,0.0,0.0,697.0,232.33333333333334,0.542452799971514,1,3280000.0,normal
CR001373,CL01264,2026-01-21,Crédito consumo digital,1000000,9,0.0267,126000,App,816,0.067,Automática,Activo,0,2024-08-18,Bolívar,Cartagena,27,F,1,Bachiller,Empleado,1880000.0,Campaña digital,617.0,False,1,Android,hash_412279,521,1,2,0.0,2.0,1.0,0.0,0.0,1.0,0.0,0.0,397.0,99.25,0.3372782348734874,0,1880000.0,normal
CR001374,CL01266,2025-10-02,Crédito libre inversión,5650000,9,0.0174,684000,Aliado,844,0.2288,Automática,Mora severa,1,2024-07-25,Antioquia,Medellín,22,M,2,Universitario,Empleado,2990000.0,App orgánico,500.0,False,2,iOS,hash_698685,434,10,3,0.0,1.0,4.0,1.0,2.0,1.0,0.0,2.0,1984.0,180.36363636363637,0.5271401445387376,1,2990000.0,normal
CR001375,CL01266,2025-04-07,Crédito consumo digital,1750000,18,0.0353,133000,Call center,845,0.0445,Automática,Activo,0,2024-07-25,Antioquia,Medellín,22,M,2,Universitario,Empleado,2990000.0,App orgánico,500.0,False,2,iOS,hash_698685,256,4,0,0.0,1.0,1.0,1.0,0.0,1.0,0.0,2.0,766.0,127.66666666666667,0.4306436792019447,0,2990000.0,normal
CR001376,CL01267,2025-12-26,Crédito consumo digital,2950000,18,0.0266,208000,App,865,0.0448,Automática,Activo,0,2024-06-13,Cundinamarca,Soacha,35,M,5,Bachiller,Microempresario,4640000.0,Campaña digital,637.0,False,1,Android,hash_642086,561,12,4,0.0,4.0,3.0,0.0,1.0,1.0,0.0,1.0,1603.0,160.3,0.09939571733474341,0,4640000.0,normal
CR001377,CL01268,2025-12-26,Crédito libre inversión,6350000,18,0.0216,429000,Web,873,0.1292,Automática,Mora moderada,1,2024-03-31,Bolívar,Cartagena,27,M,2,Sin información,Independiente,3320000.0,Aliado comercial,599.0,False,0,iOS,hash_714505,635,12,4,0.0,1.0,1.0,1.0,1.0,1.0,1.0,1.0,1320.0,188.57142857142858,0.4235475758831546,0,3320000.0,normal
CR001378,CL01269,2024-09-07,Crédito consumo digital,400000,12,0.0229,39000,Aliado,749,0.0513,Automática,Finalizado,0,2023-08-02,Caldas,Manizales,29,F,3,Universitario,Desempleado,760000.0,App orgánico,505.0,False,1,Android,hash_301168,402,9,5,0.0,1.0,4.0,0.0,0.0,0.0,0.0,0.0,1044.0,208.8,0.69685053826627,1,760000.0,normal
CR001379,CL01270,2025-01-08,Crédito consumo digital,3400000,24,0.0311,203000,Aliado,900,0.0505,Automática,Activo,0,2024-01-31,Bogotá D.C.,Bogotá,48,M,3,Técnico/Tecnólogo,Microempresario,4020000.0,Campaña digital,704.0,False,2,iOS,hash_132894,343,1,2,0.0,1.0,0.0,0.0,0.0,0.0,0.0,0.0,194.0,194.0,0.1976249323744627,0,4020000.0,normal
CR001380,CL01270,2025-11-18,Crédito consumo digital,2100000,6,0.0296,387000,App,900,0.0963,Automática,Activo,0,2024-01-31,Bogotá D.C.,Bogotá,48,M,3,Técnico/Tecnólogo,Microempresario,4020000.0,Campaña digital,704.0,False,2,iOS,hash_132894,657,11,1,0.0,2.0,1.0,0.0,1.0,0.0,0.0,1.0,810.0,162.0,0.31614660236447023,0,4020000.0,normal
CR001381,CL01271,2025-07-14,Microcrédito,4700000,6,0.035,882000,App,900,0.1913,Automática,Finalizado,0,2023-01-29,Bogotá D.C.,Bogotá,47,M,2,Sin información,Comerciante,4610000.0,Aliado comercial,704.0,True,2,Android,hash_846958,897,7,0,0.0,1.0,2.0,2.0,0.0,1.0,0.0,0.0,1290.0,215.0,0.2474624077491504,0,4610000.0,normal
CR001382,CL01272,2024-04-25,Crédito libre inversión,2150000,6,0.0298,397000,Web,737,0.3254,Automática,Mora severa,1,2023-04-17,Bolívar,Cartagena,42,F,2,Técnico/Tecnólogo,Estudiante,1220000.0,App orgánico,540.0,True,2,iOS,hash_261754,374,4,3,0.0,3.0,0.0,0.0,0.0,0.0,0.0,1.0,574.0,143.5,0.6345901873221669,1,1220000.0,normal
CR001383,CL01273,2025-02-12,Crédito consumo digital,950000,18,0.0201,63000,App,900,0.0227,Automática,Activo,0,2024-01-04,Bogotá D.C.,Bogotá,25,F,2,Bachiller,Conductor/Repartidor,2770000.0,Campaña digital,580.0,True,2,Android,hash_125294,405,2,2,0.0,2.0,3.0,1.0,0.0,2.0,0.0,2.0,1293.0,129.3,0.22907176027883863,0,2770000.0,normal
CR001384,CL01273,2025-07-13,Crédito consumo digital,2050000,18,0.0348,155000,App,900,0.056,Automática,Activo,0,2024-01-04,Bogotá D.C.,Bogotá,25,F,2,Bachiller,Conductor/Repartidor,2770000.0,Campaña digital,580.0,True,2,Android,hash_125294,556,7,6,0.0,3.0,7.0,1.0,0.0,2.0,0.0,2.0,2433.0,162.2,0.3780974615762051,0,2770000.0,normal
CR001385,CL01273,2025-12-23,Microcrédito,1600000,18,0.0293,116000,App,767,0.0419,Automática,Activo,0,2024-01-04,Bogotá D.C.,Bogotá,25,F,2,Bachiller,Conductor/Repartidor,2770000.0,Campaña digital,580.0,True,2,Android,hash_125294,719,12,1,0.0,3.0,8.0,1.0,0.0,3.0,0.0,2.0,2713.0,159.58823529411765,0.38163327986264745,0,2770000.0,normal
CR001386,CL01274,2025-10-26,Crédito libre inversión,2950000,3,0.0266,1036000,App,776,0.3754,Manual,Finalizado,0,2025-01-13,Norte de Santander,Cúcuta,33,F,4,Técnico/Tecnólogo,Independiente,2760000.0,Aliado comercial,663.0,False,3,iOS,hash_891815,286,10,6,0.0,4.0,3.0,1.0,1.0,0.0,0.0,2.0,1462.0,132.9090909090909,0.26223017146076055,0,2760000.0,normal
CR001387,CL01275,2024-02-07,Crédito libre inversión,1800000,9,0.0215,222000,Aliado,866,0.0851,Automática,Finalizado,0,2023-03-07,Caldas,Manizales,48,M,4,Bachiller,Comerciante,2610000.0,Campaña digital,697.0,True,1,Android,hash_864510,337,2,2,0.0,0.0,2.0,0.0,0.0,1.0,0.0,0.0,761.0,253.66666666666666,0.31071336358753104,0,2610000.0,normal
CR001388,CL01275,2024-10-27,Crédito libre inversión,5550000,12,0.0278,550000,Aliado,824,0.2107,Automática,Finalizado,0,2023-03-07,Caldas,Manizales,48,M,4,Bachiller,Comerciante,2610000.0,Campaña digital,697.0,True,1,Android,hash_864510,600,10,6,0.0,0.0,4.0,0.0,0.0,2.0,0.0,0.0,1422.0,237.0,0.2554002456999831,0,2610000.0,normal
CR001389,CL01276,2025-12-17,Microcrédito,2950000,6,0.0291,543000,Call center,832,0.1296,Automática,Activo,0,2025-07-02,Bogotá D.C.,Bogotá,37,F,3,Bachiller,Empleado,4190000.0,App orgánico,551.0,False,3,Web,hash_718644,168,12,2,0.0,3.0,2.0,3.0,0.0,0.0,0.0,0.0,1359.0,169.875,0.37112524625743043,0,4190000.0,normal
CR001390,CL01277,2025-07-23,Avance de nómina,300000,3,0.0216,104000,App,758,0.1405,Automática,Mora severa,1,2024-01-07,Santander,Bucaramanga,59,M,3,Bachiller,Pensionado,740000.0,Referido,545.0,False,4,Web,hash_518494,563,7,2,1.0,1.0,4.0,0.0,0.0,1.0,0.0,1.0,1346.0,168.25,0.5689389253817109,1,740000.0,normal
CR001391,CL01279,2025-11-02,Microcrédito,1750000,12,0.0402,187000,Aliado,755,0.1062,Automática,Mora moderada,1,2025-09-09,Antioquia,Medellín,38,M,3,Técnico/Tecnólogo,Pensionado,1760000.0,Referido,521.0,False,0,Android,hash_101076,54,11,6,0.0,0.0,0.0,0.0,0.0,0.0,0.0,0.0,0.0,0.0,0.6724052858651626,1,1760000.0,normal
CR001392,CL01280,2026-03-17,Microcrédito,2700000,18,0.0255,189000,App,900,0.0387,Automática,Activo,0,2025-07-22,Cundinamarca,Soacha,33,M,3,Posgrado,Empleado,4880000.0,Campaña digital,609.0,False,0,Android,hash_637636,238,3,1,0.0,1.0,1.0,0.0,1.0,0.0,0.0,2.0,606.0,121.2,0.25768642587127455,0,4880000.0,normal
CR001393,CL01282,2025-11-12,Crédito libre inversión,1950000,9,0.0269,247000,Web,574,0.358,Manual,Mora moderada,1,2024-02-01,Santander,Bucaramanga,34,M,2,Sin información,Desempleado,690000.0,Aliado comercial,397.0,False,1,Android,hash_671097,650,11,2,2.0,1.0,1.0,0.0,0.0,1.0,1.0,0.0,981.0,163.5,0.7304133923298619,1,690000.0,normal
CR001394,CL01283,2026-03-23,Crédito consumo digital,1600000,9,0.0355,211000,Aliado,767,0.1128,Automática,Activo,0,2025-11-17,Valle del Cauca,Cali,43,F,3,Técnico/Tecnólogo,Empleado,1870000.0,Campaña digital,527.0,False,0,Android,hash_237011,126,3,0,1.0,2.0,4.0,1.0,0.0,1.0,0.0,2.0,2034.0,184.9090909090909,0.30308558168422656,0,1870000.0,normal
CR001395,CL01283,2025-09-29,Crédito consumo digital,1300000,6,0.0235,235000,App,766,0.1257,Automática,Finalizado,0,2025-11-17,Valle del Cauca,Cali,43,F,3,Técnico/Tecnólogo,Empleado,1870000.0,Campaña digital,527.0,False,0,Android,hash_237011,-49,9,0,0.0,0.0,0.0,0.0,0.0,0.0,0.0,0.0,0.0,0.0,0.6012143725134727,1,1870000.0,normal
CR001396,CL01284,2025-08-01,Crédito consumo digital,4150000,24,0.0237,229000,App,900,0.0631,Automática,Activo,0,2023-03-17,Bogotá D.C.,Bogotá,46,F,1,Universitario,Empleado,3630000.0,Aliado comercial,702.0,False,1,Android,hash_765916,868,8,4,1.0,5.0,2.0,1.0,0.0,1.0,0.0,4.0,1977.0,141.21428571428572,0.13573699635280057,0,3630000.0,normal
CR001397,CL01284,2025-01-18,Crédito libre inversión,7150000,12,0.0257,700000,Call center,890,0.1928,Automática,Finalizado,0,2023-03-17,Bogotá D.C.,Bogotá,46,F,1,Universitario,Empleado,3630000.0,Aliado comercial,702.0,False,1,Android,hash_765916,673,1,5,1.0,5.0,2.0,1.0,0.0,0.0,0.0,3.0,1842.0,153.5,0.12231468463695183,0,3630000.0,normal
CR001398,CL01285,2025-11-28,Crédito libre inversión,4150000,6,0.033,774000,Aliado,895,0.2037,Automática,Activo,0,2025-04-13,Bogotá D.C.,Bogotá,28,M,3,Bachiller,Comerciante,3800000.0,Referido,656.0,False,0,Android,hash_168858,229,11,4,0.0,3.0,2.0,2.0,0.0,1.0,0.0,0.0,1486.0,185.75,0.36556269824573734,0,3800000.0,normal
CR001399,CL01285,2025-09-22,Avance de nómina,1500000,3,0.0199,520000,App,900,0.1368,Automática,Finalizado,0,2025-04-13,Bogotá D.C.,Bogotá,28,M,3,Bachiller,Comerciante,3800000.0,Referido,656.0,False,0,Android,hash_168858,162,9,0,0.0,2.0,1.0,2.0,0.0,0.0,0.0,0.0,904.0,180.8,0.2152022145641625,0,3800000.0,normal
CR001400,CL01286,2026-01-08,Crédito libre inversión,1450000,12,0.0265,143000,App,857,0.0556,Automática,Activo,0,2025-03-09,Bogotá D.C.,Bogotá,23,F,2,Bachiller,Empleado,2570000.0,Call center,505.0,True,2,Android,hash_533995,305,1,3,0.0,2.0,3.0,0.0,0.0,4.0,0.0,0.0,1515.0,168.33333333333334,0.3932029723493851,0,2570000.0,normal
CR001401,CL01287,2025-09-14,Crédito consumo digital,1750000,6,0.0331,326000,App,792,0.1567,Automática,Mora moderada,1,2023-09-04,Antioquia,Medellín,19,M,1,Universitario,Conductor/Repartidor,2080000.0,App orgánico,496.0,False,1,Android,hash_115009,741,9,6,0.0,0.0,2.0,2.0,0.0,0.0,0.0,1.0,1462.0,292.4,0.7077624011130849,1,2080000.0,normal
CR001402,CL01288,2026-03-13,Crédito consumo digital,1500000,6,0.0298,277000,Aliado,900,0.0949,Automática,Activo,0,2025-08-04,Norte de Santander,Cúcuta,41,M,3,Posgrado,Microempresario,2920000.0,App orgánico,597.0,False,0,Android,hash_245939,221,3,4,0.0,3.0,7.0,0.0,1.0,1.0,1.0,1.0,2121.0,151.5,0.15988466136183185,0,2920000.0,normal
CR001403,CL01288,2025-10-05,Crédito consumo digital,2050000,6,0.0361,386000,App,803,0.1322,Automática,Finalizado,0,2025-08-04,Norte de Santander,Cúcuta,41,M,3,Posgrado,Microempresario,2920000.0,App orgánico,597.0,False,0,Android,hash_245939,62,10,6,0.0,0.0,0.0,0.0,1.0,1.0,1.0,0.0,331.0,110.33333333333333,0.4017804953119896,0,2920000.0,normal
CR001404,CL01289,2026-01-21,Crédito libre inversión,2700000,3,0.0308,956000,App,646,0.6978,Excepción,Finalizado,0,2025-02-11,Bogotá D.C.,Bogotá,25,F,1,Bachiller,Comerciante,1370000.0,App orgánico,457.0,False,1,Android,hash_592558,344,1,2,0.0,0.0,2.0,0.0,0.0,0.0,0.0,2.0,625.0,156.25,0.7650481193142332,1,1370000.0,normal
CR001405,CL01290,2025-08-04,Crédito consumo digital,850000,12,0.0214,81000,Call center,733,0.0455,Automática,Mora severa,1,2023-05-06,Bolívar,Cartagena,19,M,2,Bachiller,Conductor/Repartidor,1780000.0,App orgánico,370.0,False,2,Web,hash_823911,821,8,0,0.0,0.0,2.0,1.0,0.0,6.0,1.0,2.0,2354.0,196.16666666666666,0.7559433819319047,1,1780000.0,normal
CR001406,CL01290,2024-09-17,Microcrédito,3000000,18,0.0407,238000,Web,694,0.1337,Automática,Mora moderada,1,2023-05-06,Bolívar,Cartagena,19,M,2,Bachiller,Conductor/Repartidor,1780000.0,App orgánico,370.0,False,2,Web,hash_823911,500,9,1,0.0,0.0,1.0,0.0,0.0,2.0,0.0,1.0,796.0,199.0,0.8410970487585542,1,1780000.0,normal
CR001407,CL01291,2025-09-23,Avance de nómina,250000,9,0.0234,31000,App,739,0.05,Automática,Activo,0,2025-04-04,Santander,Bucaramanga,40,F,2,Bachiller,Desempleado,620000.0,App orgánico,524.0,False,3,Android,hash_735536,172,9,1,0.0,0.0,3.0,2.0,1.0,1.0,0.0,0.0,1368.0,195.42857142857142,0.5610920529995269,1,620000.0,normal
CR001408,CL01294,2025-05-23,Microcrédito,850000,12,0.025,83000,Aliado,724,0.0585,Automática,Activo,0,2025-07-25,Bogotá D.C.,Bogotá,44,M,2,Universitario,Estudiante,1420000.0,App orgánico,521.0,False,1,Android,hash_853222,-63,5,4,0.0,0.0,0.0,0.0,0.0,0.0,0.0,0.0,0.0,0.0,0.7141717065825919,1,1420000.0,normal
CR001409,CL01294,2025-05-31,Avance de nómina,650000,6,0.0223,117000,Web,787,0.0824,Automática,Finalizado,0,2025-07-25,Bogotá D.C.,Bogotá,44,M,2,Universitario,Estudiante,1420000.0,App orgánico,521.0,False,1,Android,hash_853222,-55,5,5,0.0,0.0,0.0,0.0,0.0,0.0,0.0,0.0,0.0,0.0,0.612352168696492,1,1420000.0,normal
CR001410,CL01294,2025-10-20,Crédito libre inversión,3700000,9,0.0295,474000,App,751,0.3338,Automática,Mora moderada,1,2025-07-25,Bogotá D.C.,Bogotá,44,M,2,Universitario,Estudiante,1420000.0,App orgánico,521.0,False,1,Android,hash_853222,87,10,0,0.0,2.0,0.0,1.0,0.0,2.0,0.0,1.0,963.0,160.5,0.6892882190657525,1,1420000.0,normal
CR001411,CL01295,2024-12-31,Crédito consumo digital,1600000,12,0.02,151000,App,891,0.0377,Automática,Finalizado,0,2023-05-08,Atlántico,Barranquilla,37,F,2,Bachiller,Empleado,4010000.0,Referido,606.0,False,2,Android,hash_647403,603,12,1,1.0,1.0,0.0,0.0,0.0,1.0,0.0,1.0,747.0,186.75,0.35171015076443984,0,4010000.0,normal
CR001412,CL01296,2025-10-25,Crédito consumo digital,2200000,6,0.0361,414000,App,810,0.124,Automática,Finalizado,0,2024-07-20,Atlántico,Barranquilla,35,F,2,Técnico/Tecnólogo,Empleado,3340000.0,App orgánico,543.0,True,0,Android,hash_991293,462,10,5,0.0,1.0,0.0,1.0,0.0,2.0,2.0,1.0,790.0,112.85714285714286,0.43281415819095853,0,3340000.0,normal
CR001413,CL01297,2025-08-19,Crédito consumo digital,700000,18,0.0259,49000,Web,798,0.0462,Automática,Activo,0,2024-09-01,Cundinamarca,Soacha,45,M,3,Universitario,Empleado,1060000.0,Call center,577.0,False,0,Web,hash_720877,352,8,1,1.0,0.0,2.0,0.0,0.0,1.0,0.0,0.0,834.0,208.5,0.5338726514138936,1,1060000.0,normal
CR001414,CL01299,2025-12-08,Crédito libre inversión,2150000,6,0.0318,399000,App,848,0.1669,Automática,Activo,0,2024-08-09,Valle del Cauca,Cali,39,F,3,Sin información,Empleado,2390000.0,Campaña digital,579.0,False,1,Android,hash_677697,486,12,0,1.0,1.0,0.0,0.0,1.0,0.0,0.0,0.0,384.0,128.0,0.5273948253278117,1,2390000.0,normal
CR001415,CL01300,2025-12-21,Crédito libre inversión,2150000,9,0.0182,261000,Web,760,0.3262,Automática,Mora moderada,1,2025-03-18,Bogotá D.C.,Bogotá,39,M,2,Bachiller,Independiente,800000.0,App orgánico,502.0,False,2,Android,hash_170160,278,12,6,1.0,1.0,4.0,3.0,0.0,0.0,0.0,2.0,1894.0,172.1818181818182,0.7021005655718429,1,800000.0,normal
CR001416,CL01300,2026-03-18,Crédito consumo digital,250000,9,0.0304,32000,Aliado,828,0.04,Automática,Activo,0,2025-03-18,Bogotá D.C.,Bogotá,39,M,2,Bachiller,Independiente,800000.0,App orgánico,502.0,False,2,Android,hash_170160,365,3,2,1.0,4.0,5.0,3.0,0.0,0.0,0.0,2.0,2578.0,171.86666666666667,0.43898215930610623,0,800000.0,normal
CR001417,CL01302,2025-05-15,Avance de nómina,1000000,6,0.0263,182000,Aliado,855,0.0613,Automática,Mora moderada,1,2024-05-22,Norte de Santander,Cúcuta,46,F,4,Bachiller,Conductor/Repartidor,2970000.0,Campaña digital,609.0,False,1,Android,hash_841693,358,5,3,0.0,1.0,0.0,0.0,0.0,0.0,0.0,0.0,118.0,118.0,0.49699550777229873,0,2970000.0,normal
CR001418,CL01303,2025-08-26,Avance de nómina,750000,6,0.0277,137000,Web,755,0.0617,Automática,Mora moderada,1,2023-08-09,Santander,Bucaramanga,34,F,3,Técnico/Tecnólogo,Empleado,2220000.0,App orgánico,518.0,True,3,Android,hash_357177,748,8,1,0.0,4.0,5.0,0.0,0.0,2.0,1.0,0.0,1744.0,145.33333333333334,0.3714279386839343,0,2220000.0,normal
CR001419,CL01303,2024-01-04,Crédito libre inversión,6250000,6,0.0333,1166000,App,827,0.5252,Manual,Mora moderada,1,2023-08-09,Santander,Bucaramanga,34,F,3,Técnico/Tecnólogo,Empleado,2220000.0,App orgánico,518.0,True,3,Android,hash_357177,148,1,3,0.0,2.0,3.0,0.0,0.0,1.0,0.0,0.0,987.0,164.5,0.5538289916997322,1,2220000.0,normal
CR001420,CL01303,2025-07-05,Crédito consumo digital,1650000,12,0.0308,167000,Web,824,0.0752,Automática,Activo,0,2023-08-09,Santander,Bucaramanga,34,F,3,Técnico/Tecnólogo,Empleado,2220000.0,App orgánico,518.0,True,3,Android,hash_357177,696,7,5,0.0,4.0,5.0,0.0,0.0,2.0,1.0,0.0,1744.0,145.33333333333334,0.25795693107441925,0,2220000.0,normal
CR001421,CL01304,2025-08-14,Microcrédito,2700000,9,0.0427,368000,Web,721,0.1432,Automática,Mora moderada,1,2024-03-05,Bogotá D.C.,Bogotá,28,M,3,Sin información,Desempleado,2570000.0,Campaña digital,490.0,False,1,Android,hash_570258,527,8,3,1.0,1.0,1.0,1.0,0.0,3.0,0.0,0.0,1044.0,149.14285714285714,0.73473026678761,1,2570000.0,normal
CR001422,CL01306,2025-08-08,Avance de nómina,1450000,12,0.0291,145000,Web,846,0.0363,Automática,Activo,0,2025-09-26,Cundinamarca,Soacha,27,M,5,Universitario,Empleado,3990000.0,App orgánico,623.0,False,1,Android,hash_713143,-49,8,4,0.0,0.0,0.0,0.0,0.0,0.0,0.0,0.0,0.0,0.0,0.22025907108575513,0,3990000.0,normal
CR001423,CL01306,2025-12-09,Crédito consumo digital,2500000,9,0.0355,329000,App,900,0.0825,Automática,Activo,0,2025-09-26,Cundinamarca,Soacha,27,M,5,Universitario,Empleado,3990000.0,App orgánico,623.0,False,1,Android,hash_713143,74,12,1,1.0,1.0,1.0,0.0,0.0,0.0,0.0,0.0,670.0,223.33333333333334,0.27582017112166474,0,3990000.0,normal
CR001424,CL01307,2025-07-02,Crédito consumo digital,500000,6,0.0252,91000,Web,829,0.0548,Automática,Mora moderada,1,2023-08-19,Santander,Bucaramanga,36,F,2,Técnico/Tecnólogo,Independiente,1660000.0,Campaña digital,561.0,True,1,iOS,hash_638363,683,7,2,0.0,2.0,1.0,0.0,0.0,1.0,0.0,0.0,441.0,110.25,0.523840052165738,1,1660000.0,normal
CR001425,CL01308,2025-09-21,Avance de nómina,2200000,12,0.0251,215000,Aliado,807,0.0551,Automática,Activo,0,2023-12-08,Antioquia,Medellín,36,M,5,Bachiller,Comerciante,3900000.0,Campaña digital,595.0,False,0,Android,hash_717722,653,9,6,0.0,1.0,2.0,1.0,0.0,3.0,2.0,0.0,1417.0,157.44444444444446,0.30062664663611777,0,3900000.0,normal
CR001426,CL01308,2024-03-24,Crédito libre inversión,4500000,12,0.0236,435000,Aliado,824,0.1115,Automática,Finalizado,0,2023-12-08,Antioquia,Medellín,36,M,5,Bachiller,Comerciante,3900000.0,Campaña digital,595.0,False,0,Android,hash_717722,107,3,6,0.0,0.0,0.0,0.0,0.0,2.0,1.0,0.0,528.0,176.0,0.47770288197467864,0,3900000.0,normal
CR001427,CL01309,2025-07-18,Crédito consumo digital,2350000,9,0.0389,315000,App,805,0.1514,Automática,Finalizado,0,2025-03-26,Antioquia,Medellín,47,M,3,Posgrado,Independiente,2080000.0,Campaña digital,655.0,True,0,Android,hash_589554,114,7,4,0.0,2.0,0.0,0.0,0.0,0.0,0.0,1.0,988.0,329.3333333333333,0.33347750870839304,0,2080000.0,normal
CR001428,CL01310,2026-02-06,Crédito consumo digital,1250000,9,0.0387,167000,App,827,0.0839,Automática,Mora moderada,1,2025-08-05,Antioquia,Medellín,41,F,3,Posgrado,Conductor/Repartidor,1990000.0,Call center,525.0,False,2,Web,hash_473254,185,2,4,0.0,1.0,1.0,0.0,0.0,1.0,0.0,0.0,303.0,101.0,0.7222499360084567,1,1990000.0,normal
CR001429,CL01311,2026-01-23,Crédito consumo digital,750000,18,0.0253,52000,App,732,0.0473,Automática,Activo,0,2025-10-06,Norte de Santander,Cúcuta,36,M,4,Universitario,Estudiante,1100000.0,App orgánico,542.0,False,1,Android,hash_185263,109,1,4,0.0,1.0,2.0,1.0,1.0,0.0,0.0,0.0,1011.0,202.2,0.4069778054931768,0,1100000.0,normal
CR001430,CL01312,2025-06-25,Crédito consumo digital,950000,9,0.0342,124000,Aliado,831,0.053,Automática,Finalizado,0,2024-08-09,Bogotá D.C.,Bogotá,44,M,3,Sin información,Conductor/Repartidor,2340000.0,App orgánico,567.0,False,0,Android,hash_209777,320,6,2,0.0,3.0,1.0,2.0,2.0,2.0,1.0,0.0,2520.0,229.0909090909091,0.3690239267588663,0,2340000.0,normal
CR001431,CL01312,2025-03-20,Crédito consumo digital,750000,18,0.0279,54000,App,900,0.0231,Automática,Mora moderada,1,2024-08-09,Bogotá D.C.,Bogotá,44,M,3,Sin información,Conductor/Repartidor,2340000.0,App orgánico,567.0,False,0,Android,hash_209777,223,3,3,0.0,2.0,0.0,1.0,1.0,2.0,1.0,0.0,1954.0,279.14285714285717,0.3819534030501414,0,2340000.0,normal
CR001432,CL01313,2023-06-29,Crédito libre inversión,7100000,9,0.0306,915000,Aliado,757,0.5027,Manual,Mora moderada,1,2023-02-18,Cundinamarca,Soacha,50,M,1,Bachiller,Empleado,1820000.0,Campaña digital,580.0,False,0,Android,hash_604962,131,6,3,0.0,0.0,0.0,0.0,0.0,0.0,0.0,0.0,0.0,0.0,0.7253575973960159,1,1820000.0,normal
CR001433,CL01313,2023-05-12,Crédito consumo digital,1200000,6,0.0386,228000,App,799,0.1253,Automática,Finalizado,0,2023-02-18,Cundinamarca,Soacha,50,M,1,Bachiller,Empleado,1820000.0,Campaña digital,580.0,False,0,Android,hash_604962,83,5,4,0.0,0.0,0.0,0.0,0.0,0.0,0.0,0.0,0.0,0.0,0.42910386300765974,0,1820000.0,normal
CR001434,CL01313,2024-04-29,Crédito libre inversión,4050000,9,0.0228,503000,App,815,0.2764,Automática,Mora moderada,1,2023-02-18,Cundinamarca,Soacha,50,M,1,Bachiller,Empleado,1820000.0,Campaña digital,580.0,False,0,Android,hash_604962,436,4,0,0.0,0.0,2.0,1.0,0.0,1.0,2.0,0.0,671.0,111.83333333333333,0.5966702614647178,1,1820000.0,normal
CR001435,CL01314,2023-07-04,Crédito consumo digital,1300000,12,0.0254,127000,Web,893,0.0502,Automática,Finalizado,0,2023-04-19,Bogotá D.C.,Bogotá,42,M,4,Posgrado,Conductor/Repartidor,2530000.0,Aliado comercial,606.0,False,0,iOS,hash_253594,76,7,1,0.0,0.0,0.0,0.0,0.0,0.0,0.0,0.0,0.0,0.0,0.5317694194392288,1,2530000.0,normal
CR001436,CL01314,2023-10-20,Avance de nómina,400000,18,0.0247,28000,Call center,900,0.0111,Automática,Mora severa,1,2023-04-19,Bogotá D.C.,Bogotá,42,M,4,Posgrado,Conductor/Repartidor,2530000.0,Aliado comercial,606.0,False,0,iOS,hash_253594,184,10,4,0.0,1.0,0.0,0.0,0.0,1.0,0.0,1.0,449.0,149.66666666666666,0.5076390033955076,1,2530000.0,normal
CR001437,CL01315,2026-02-12,Crédito consumo digital,350000,6,0.0281,64000,App,742,0.0771,Automática,Activo,0,2023-12-27,Bogotá D.C.,Bogotá,36,M,1,Técnico/Tecnólogo,Empleado,830000.0,App orgánico,527.0,False,1,Android,hash_778787,778,2,3,0.0,0.0,3.0,0.0,0.0,1.0,1.0,2.0,876.0,125.14285714285714,0.44964107152419774,0,830000.0,normal
CR001438,CL01316,2025-01-29,Crédito consumo digital,2050000,12,0.0226,197000,Aliado,762,0.0925,Automática,Finalizado,0,2023-04-18,Bogotá D.C.,Bogotá,23,F,5,Bachiller,Estudiante,2130000.0,Aliado comercial,507.0,False,2,Android,hash_284933,652,1,2,0.0,0.0,2.0,2.0,0.0,0.0,0.0,1.0,705.0,141.0,0.4641707225507624,0,2130000.0,normal
CR001439,CL01317,2025-09-18,Crédito consumo digital,5550000,9,0.0338,726000,App,845,0.1429,Automática,Mora moderada,1,2023-06-18,Bogotá D.C.,Bogotá,25,M,3,Bachiller,Empleado,5080000.0,Aliado comercial,531.0,True,1,iOS,hash_338344,823,9,3,2.0,2.0,1.0,0.0,0.0,0.0,0.0,0.0,889.0,177.8,0.5060974145345213,1,5080000.0,normal
CR001440,CL01318,2025-11-06,Microcrédito,2500000,12,0.027,247000,Call center,900,0.0475,Automática,Activo,0,2024-08-16,Atlántico,Barranquilla,33,M,6,Técnico/Tecnólogo,Empleado,5200000.0,App orgánico,753.0,False,3,Android,hash_686834,447,11,3,1.0,2.0,6.0,1.0,0.0,4.0,1.0,1.0,2397.0,149.8125,0.16928057858431605,0,5200000.0,normal
CR001441,CL01318,2026-01-06,Microcrédito,4100000,9,0.0385,548000,App,900,0.1054,Automática,Activo,0,2024-08-16,Atlántico,Barranquilla,33,M,6,Técnico/Tecnólogo,Empleado,5200000.0,App orgánico,753.0,False,3,Android,hash_686834,508,1,1,1.0,2.0,8.0,1.0,0.0,4.0,1.0,1.0,3188.0,177.11111111111111,0.18415008446737996,0,5200000.0,normal
CR001442,CL01319,2025-06-22,Crédito consumo digital,1000000,6,0.0229,180000,Aliado,842,0.07,Automática,Finalizado,0,2025-05-24,Valle del Cauca,Cali,30,M,1,Universitario,Empleado,2570000.0,App orgánico,573.0,False,3,iOS,hash_277980,29,6,6,0.0,0.0,0.0,1.0,0.0,0.0,0.0,0.0,531.0,531.0,0.44950486331603234,0,2570000.0,normal
CR001443,CL01319,2025-11-05,Crédito libre inversión,3400000,9,0.0253,427000,Call center,818,0.1661,Automática,Activo,0,2025-05-24,Valle del Cauca,Cali,30,M,1,Universitario,Empleado,2570000.0,App orgánico,573.0,False,3,iOS,hash_277980,165,11,2,0.0,0.0,1.0,2.0,0.0,0.0,0.0,0.0,941.0,313.6666666666667,0.4903815424600527,0,2570000.0,normal
CR001444,CL01320,2025-03-29,Microcrédito,3250000,6,0.0363,612000,Aliado,847,0.1394,Automática,Finalizado,0,2023-04-15,Bogotá D.C.,Bogotá,34,M,4,Universitario,Independiente,4390000.0,Campaña digital,658.0,False,1,Android,hash_140023,714,3,5,1.0,1.0,10.0,0.0,0.0,3.0,0.0,1.0,2595.0,162.1875,0.29314193176135545,0,4390000.0,normal
CR001445,CL01320,2024-09-13,Microcrédito,3100000,6,0.036,584000,Aliado,879,0.133,Automática,Finalizado,0,2023-04-15,Bogotá D.C.,Bogotá,34,M,4,Universitario,Independiente,4390000.0,Campaña digital,658.0,False,1,Android,hash_140023,517,9,4,0.0,0.0,7.0,0.0,0.0,2.0,0.0,1.0,1739.0,173.9,0.3485267610146678,0,4390000.0,normal
CR001446,CL01320,2024-01-10,Microcrédito,2600000,6,0.0279,477000,App,846,0.1087,Automática,Finalizado,0,2023-04-15,Bogotá D.C.,Bogotá,34,M,4,Universitario,Independiente,4390000.0,Campaña digital,658.0,False,1,Android,hash_140023,270,1,2,0.0,0.0,4.0,0.0,0.0,1.0,0.0,0.0,551.0,110.2,0.4495847526681903,0,4390000.0,normal
CR001447,CL01321,2025-09-24,Crédito libre inversión,5900000,18,0.0184,388000,Aliado,869,0.1687,Automática,Mora severa,1,2024-03-30,Atlántico,Barranquilla,37,F,1,Sin información,Conductor/Repartidor,2300000.0,Campaña digital,510.0,True,4,iOS,hash_591564,543,9,2,0.0,3.0,0.0,1.0,0.0,1.0,0.0,0.0,469.0,93.8,0.776441520407082,1,2300000.0,normal
CR001448,CL01322,2025-06-21,Crédito libre inversión,2900000,3,0.0292,1024000,Call center,795,0.3122,Automática,Finalizado,0,2025-02-02,Antioquia,Medellín,41,F,3,Bachiller,Comerciante,3280000.0,App orgánico,587.0,False,1,iOS,hash_588295,139,6,5,0.0,0.0,0.0,0.0,0.0,0.0,1.0,0.0,222.0,222.0,0.4138168741899845,0,3280000.0,normal
CR001449,CL01323,2025-08-25,Microcrédito,2300000,6,0.0402,439000,Aliado,787,0.1852,Automática,Finalizado,0,2024-10-16,Antioquia,Medellín,35,M,1,Técnico/Tecnólogo,Empleado,2370000.0,App orgánico,573.0,False,0,Android,hash_246874,313,8,0,0.0,1.0,0.0,0.0,0.0,1.0,0.0,0.0,744.0,372.0,0.510802781776341,1,2370000.0,normal
CR001450,CL01325,2024-06-30,Microcrédito,2150000,12,0.0312,218000,Web,725,0.109,Automática,Finalizado,0,2023-09-01,Bogotá D.C.,Bogotá,37,M,4,Sin información,Independiente,2000000.0,App orgánico,542.0,False,1,Android,hash_890099,303,6,6,0.0,0.0,2.0,0.0,0.0,1.0,0.0,0.0,775.0,258.3333333333333,0.7150615359572625,1,2000000.0,normal
CR001451,CL01326,2024-06-04,Crédito consumo digital,600000,12,0.0302,60000,App,551,0.0349,Manual,Mora moderada,1,2023-10-20,Santander,Bucaramanga,19,F,4,Sin información,Estudiante,1720000.0,Referido,588.0,False,1,Android,hash_379818,228,6,1,0.0,1.0,0.0,0.0,0.0,1.0,0.0,0.0,322.0,161.0,0.6426809744651654,1,1720000.0,normal
CR001452,CL01327,2026-01-13,Microcrédito,2300000,24,0.0396,150000,Aliado,900,0.0338,Automática,Activo,0,2024-12-05,Antioquia,Medellín,27,F,3,Bachiller,Empleado,4440000.0,App orgánico,680.0,False,0,Android,hash_170500,404,1,1,1.0,4.0,8.0,0.0,0.0,2.0,0.0,2.0,2078.0,122.23529411764706,0.1144691370068052,0,4440000.0,normal
CR001453,CL01327,2025-11-15,Avance de nómina,1650000,12,0.0245,160000,Call center,860,0.036,Automática,Activo,0,2024-12-05,Antioquia,Medellín,27,F,3,Bachiller,Empleado,4440000.0,App orgánico,680.0,False,0,Android,hash_170500,345,11,5,1.0,3.0,8.0,0.0,0.0,1.0,0.0,1.0,1845.0,131.78571428571428,0.15004348706222173,0,4440000.0,normal
CR001454,CL01328,2025-12-14,Crédito consumo digital,700000,9,0.0378,93000,App,842,0.0592,Automática,Activo,0,2024-10-01,Bogotá D.C.,Bogotá,35,M,1,Técnico/Tecnólogo,Microempresario,1570000.0,Campaña digital,535.0,False,2,Android,hash_520869,439,12,6,0.0,1.0,1.0,1.0,2.0,2.0,0.0,2.0,1229.0,136.55555555555554,0.3617267771054254,0,1570000.0,normal
CR001455,CL01328,2025-10-03,Crédito libre inversión,2450000,12,0.0265,241000,Aliado,759,0.1535,Automática,Mora moderada,1,2024-10-01,Bogotá D.C.,Bogotá,35,M,1,Técnico/Tecnólogo,Microempresario,1570000.0,Campaña digital,535.0,False,2,Android,hash_520869,367,10,4,0.0,1.0,1.0,1.0,1.0,2.0,0.0,1.0,1061.0,151.57142857142858,0.6152364640921739,1,1570000.0,normal
CR001456,CL01328,2025-02-12,Microcrédito,2500000,6,0.0278,458000,Web,834,0.2917,Automática,Mora moderada,1,2024-10-01,Bogotá D.C.,Bogotá,35,M,1,Técnico/Tecnólogo,Microempresario,1570000.0,Campaña digital,535.0,False,2,Android,hash_520869,134,2,2,0.0,0.0,1.0,0.0,0.0,1.0,0.0,0.0,300.0,150.0,0.6883990304707648,1,1570000.0,normal
CR001457,CL01329,2025-05-31,Microcrédito,1450000,6,0.0385,275000,Aliado,900,0.1355,Automática,Finalizado,0,2025-06-02,Bogotá D.C.,Bogotá,24,M,1,Bachiller,Comerciante,2030000.0,Aliado comercial,639.0,False,2,Android,hash_506810,-2,5,5,0.0,0.0,0.0,0.0,0.0,0.0,0.0,0.0,0.0,0.0,0.4843587743155251,0,2030000.0,normal
CR001458,CL01329,2026-02-13,Crédito consumo digital,600000,9,0.0288,77000,App,846,0.0379,Automática,Activo,0,2025-06-02,Bogotá D.C.,Bogotá,24,M,1,Bachiller,Comerciante,2030000.0,Aliado comercial,639.0,False,2,Android,hash_506810,256,2,4,1.0,3.0,3.0,3.0,1.0,2.0,1.0,1.0,2140.0,142.66666666666666,0.2188575999080549,0,2030000.0,normal
CR001459,CL01330,2024-03-28,Crédito consumo digital,1350000,24,0.0277,78000,App,835,0.0316,Automática,Finalizado,0,2023-02-23,Antioquia,Medellín,42,F,3,Técnico/Tecnólogo,Empleado,2470000.0,Campaña digital,601.0,False,4,Android,hash_859950,399,3,3,0.0,1.0,1.0,0.0,0.0,0.0,0.0,0.0,285.0,142.5,0.5182607209749618,1,2470000.0,normal
CR001460,CL01331,2023-06-04,Crédito libre inversión,4500000,12,0.0271,444000,App,844,0.1428,Automática,Finalizado,0,2023-03-05,Antioquia,Medellín,51,M,3,Bachiller,Independiente,3110000.0,Referido,643.0,False,3,Android,hash_704483,91,6,6,0.0,0.0,0.0,0.0,0.0,0.0,0.0,0.0,0.0,0.0,0.38131170314521384,0,3110000.0,normal
CR001461,CL01332,2025-05-16,Microcrédito,2350000,12,0.0422,254000,App,900,0.0966,Automática,Activo,0,2024-09-10,Bogotá D.C.,Bogotá,48,M,2,Universitario,Microempresario,2630000.0,Campaña digital,630.0,False,0,Android,hash_973953,248,5,4,1.0,0.0,2.0,0.0,0.0,0.0,0.0,0.0,727.0,242.33333333333334,0.29414310776259184,0,2630000.0,normal
CR001462,CL01333,2025-12-28,Crédito consumo digital,1850000,3,0.0289,653000,App,867,0.1458,Automática,Finalizado,0,2025-07-15,Atlántico,Barranquilla,34,F,2,Universitario,Empleado,4480000.0,Call center,588.0,False,2,Android,hash_261339,166,12,6,0.0,5.0,0.0,0.0,1.0,0.0,2.0,0.0,836.0,104.5,0.18706858350156294,0,4480000.0,normal
CR001463,CL01334,2026-03-06,Crédito consumo digital,2250000,9,0.0319,292000,Aliado,866,0.0973,Automática,Activo,0,2025-06-21,Valle del Cauca,Cali,51,F,3,Bachiller,Independiente,3000000.0,App orgánico,559.0,False,0,iOS,hash_946261,258,3,4,0.0,4.0,1.0,0.0,0.0,1.0,0.0,0.0,1132.0,188.66666666666666,0.3978846761498603,0,3000000.0,normal
CR001464,CL01335,2025-10-06,Crédito libre inversión,450000,18,0.0321,33000,App,687,0.055,Automática,Activo,0,2024-08-07,Bogotá D.C.,Bogotá,37,M,3,Técnico/Tecnólogo,Estudiante,600000.0,App orgánico,408.0,True,0,iOS,hash_798028,425,10,0,0.0,3.0,2.0,0.0,0.0,0.0,1.0,1.0,1421.0,203.0,0.574399628450966,1,600000.0,normal
CR001465,CL01336,2024-06-26,Avance de nómina,250000,12,0.0286,25000,Aliado,852,0.0234,Automática,Mora severa,1,2023-02-28,Bolívar,Cartagena,33,M,1,Bachiller,Independiente,1070000.0,Aliado comercial,492.0,False,0,Android,hash_713835,484,6,2,0.0,2.0,4.0,1.0,0.0,0.0,0.0,0.0,615.0,87.85714285714286,0.789735390108034,1,1070000.0,normal
CR001466,CL01336,2024-04-19,Crédito consumo digital,250000,24,0.0336,15000,App,799,0.014,Automática,Mora moderada,1,2023-02-28,Bolívar,Cartagena,33,M,1,Bachiller,Independiente,1070000.0,Aliado comercial,492.0,False,0,Android,hash_713835,416,4,4,0.0,2.0,4.0,1.0,0.0,0.0,0.0,0.0,615.0,87.85714285714286,0.8027547500720792,1,1070000.0,normal
CR001467,CL01337,2025-12-02,Crédito libre inversión,7700000,6,0.0227,1387000,App,863,0.352,Manual,Activo,0,2024-03-18,Bogotá D.C.,Bogotá,30,F,2,Técnico/Tecnólogo,Microempresario,3940000.0,Aliado comercial,677.0,False,2,Android,hash_960473,624,12,1,0.0,0.0,1.0,1.0,1.0,0.0,0.0,0.0,365.0,121.66666666666667,0.48099068026391345,0,3940000.0,normal
CR001468,CL01338,2023-09-01,Crédito consumo digital,2100000,24,0.0249,117000,App,686,0.0557,Automática,Mora severa,1,2023-03-10,Atlántico,Barranquilla,33,F,1,Bachiller,Empleado,2100000.0,Campaña digital,590.0,False,2,Android,hash_342070,175,9,4,0.0,0.0,0.0,0.0,0.0,0.0,0.0,0.0,0.0,0.0,0.648786020037197,1,2100000.0,normal
CR001469,CL01339,2023-07-11,Avance de nómina,600000,12,0.0183,56000,App,846,0.0218,Automática,Mora moderada,1,2023-06-02,Cundinamarca,Soacha,36,F,2,Bachiller,Empleado,2570000.0,Aliado comercial,583.0,False,2,Android,hash_585959,39,7,1,0.0,1.0,0.0,0.0,0.0,0.0,0.0,0.0,85.0,85.0,0.5062668984164341,1,2570000.0,normal
CR001470,CL01340,2024-12-12,Crédito libre inversión,5950000,6,0.032,1106000,App,780,0.5317,Manual,Mora moderada,1,2024-07-04,Valle del Cauca,Cali,38,M,1,Técnico/Tecnólogo,Empleado,2080000.0,Referido,579.0,False,0,Web,hash_613060,161,12,3,1.0,0.0,2.0,0.0,0.0,0.0,1.0,0.0,646.0,161.5,0.6663455630501929,1,2080000.0,normal
CR001471,CL01341,2025-08-30,Crédito libre inversión,6350000,3,0.0311,2250000,App,830,0.5952,Excepción,Mora severa,1,2024-04-29,Antioquia,Medellín,38,F,3,Universitario,Comerciante,3780000.0,Referido,642.0,False,0,Android,hash_686623,488,8,5,0.0,0.0,4.0,0.0,0.0,1.0,1.0,1.0,924.0,132.0,0.7312846072565886,1,3780000.0,normal
CR001472,CL01342,2025-10-17,Microcrédito,5000000,12,0.0366,522000,Call center,858,0.1491,Automática,Activo,0,2024-07-23,Santander,Bucaramanga,36,F,3,Bachiller,Empleado,3500000.0,Aliado comercial,588.0,False,0,Android,hash_397535,451,10,4,0.0,6.0,1.0,0.0,0.0,4.0,2.0,1.0,1945.0,138.92857142857142,0.1991935098780707,0,3500000.0,normal
CR001473,CL01342,2025-03-14,Crédito consumo digital,1250000,6,0.0341,234000,App,820,0.0669,Automática,Finalizado,0,2024-07-23,Santander,Bucaramanga,36,F,3,Bachiller,Empleado,3500000.0,Aliado comercial,588.0,False,0,Android,hash_397535,234,3,4,0.0,4.0,0.0,0.0,0.0,3.0,2.0,1.0,1370.0,137.0,0.10139104268839962,0,3500000.0,normal
CR001474,CL01343,2026-02-01,Crédito consumo digital,1800000,9,0.0342,236000,Call center,897,0.0992,Automática,Activo,0,2025-10-28,Bolívar,Cartagena,40,M,1,Técnico/Tecnólogo,Empleado,2380000.0,Aliado comercial,573.0,False,0,iOS,hash_305207,96,2,6,0.0,2.0,3.0,0.0,1.0,2.0,1.0,1.0,1609.0,160.9,0.19262983433936356,0,2380000.0,normal
CR001475,CL01344,2024-08-11,Crédito consumo digital,1250000,3,0.0313,443000,Web,807,0.1765,Automática,Finalizado,0,2023-09-22,Antioquia,Medellín,48,F,1,Universitario,Empleado,2510000.0,Campaña digital,584.0,False,0,Android,hash_885931,324,8,6,0.0,2.0,1.0,1.0,0.0,0.0,0.0,0.0,463.0,115.75,0.3716246769740999,0,2510000.0,normal
CR001476,CL01345,2025-06-01,Crédito libre inversión,2150000,9,0.0291,275000,App,818,0.1239,Automática,Mora moderada,1,2024-08-05,Risaralda,Pereira,45,M,3,Universitario,Empleado,2220000.0,App orgánico,587.0,False,2,Android,hash_697821,300,6,6,0.0,0.0,0.0,0.0,0.0,1.0,0.0,0.0,239.0,239.0,0.6371134001832801,1,2220000.0,normal
CR001477,CL01346,2024-11-27,Crédito libre inversión,750000,9,0.0172,91000,Aliado,798,0.0901,Automática,Mora moderada,1,2024-01-02,Santander,Bucaramanga,21,F,2,Técnico/Tecnólogo,Independiente,1010000.0,Aliado comercial,510.0,False,2,Android,hash_619521,330,11,2,1.0,0.0,0.0,0.0,0.0,2.0,0.0,0.0,595.0,198.33333333333334,0.7139495868774409,1,1010000.0,normal
CR001478,CL01347,2025-07-31,Crédito libre inversión,1500000,6,0.0312,278000,App,779,0.1426,Automática,Finalizado,0,2025-08-28,Antioquia,Medellín,19,M,1,Sin información,Conductor/Repartidor,1950000.0,App orgánico,470.0,False,0,Android,hash_902542,-28,7,3,0.0,0.0,0.0,0.0,0.0,0.0,0.0,0.0,0.0,0.0,0.7862377939377269,1,1950000.0,normal
CR001479,CL01347,2026-02-16,Crédito libre inversión,2450000,12,0.0224,235000,App,752,0.1205,Automática,Activo,0,2025-08-28,Antioquia,Medellín,19,M,1,Sin información,Conductor/Repartidor,1950000.0,App orgánico,470.0,False,0,Android,hash_902542,172,2,0,0.0,2.0,1.0,1.0,0.0,2.0,1.0,0.0,1541.0,220.14285714285714,0.5267831558721205,1,1950000.0,normal
CR001480,CL01349,2026-01-05,Crédito libre inversión,1550000,9,0.0245,194000,Aliado,682,0.2519,Automática,Mora severa,1,2024-12-07,Bogotá D.C.,Bogotá,22,M,2,Bachiller,Desempleado,770000.0,Referido,422.0,True,1,iOS,hash_811865,394,1,0,1.0,2.0,1.0,0.0,1.0,0.0,0.0,2.0,1423.0,203.28571428571428,0.5730832197420423,1,770000.0,normal
CR001481,CL01350,2025-07-06,Microcrédito,2000000,9,0.031,258000,App,848,0.1183,Automática,Mora moderada,0,2025-08-12,Antioquia,Medellín,34,M,3,Técnico/Tecnólogo,Independiente,2180000.0,App orgánico,617.0,True,0,Android,hash_707398,-37,7,6,0.0,0.0,0.0,0.0,0.0,0.0,0.0,0.0,0.0,0.0,0.4634324491488475,0,2180000.0,normal
CR001482,CL01351,2025-10-20,Crédito consumo digital,1550000,6,0.0258,282000,Call center,835,0.1424,Automática,Finalizado,0,2025-04-26,Atlántico,Barranquilla,24,M,1,Universitario,Pensionado,1980000.0,App orgánico,489.0,True,2,Android,hash_965028,177,10,0,0.0,0.0,1.0,0.0,1.0,2.0,0.0,1.0,1646.0,329.2,0.4583140496360786,0,1980000.0,normal
CR001483,CL01351,2025-11-22,Crédito libre inversión,1350000,12,0.0182,126000,App,799,0.0636,Automática,Mora severa,1,2025-04-26,Atlántico,Barranquilla,24,M,1,Universitario,Pensionado,1980000.0,App orgánico,489.0,True,2,Android,hash_965028,210,11,5,1.0,1.0,2.0,0.0,1.0,2.0,1.0,1.0,1873.0,208.11111111111111,0.4926568793724316,0,1980000.0,normal
CR001484,CL01351,2025-08-04,Microcrédito,2800000,12,0.0337,287000,Aliado,758,0.1449,Automática,Mora moderada,0,2025-04-26,Atlántico,Barranquilla,24,M,1,Universitario,Pensionado,1980000.0,App orgánico,489.0,True,2,Android,hash_965028,100,8,0,0.0,0.0,1.0,0.0,0.0,1.0,0.0,0.0,829.0,414.5,0.6622918612933749,1,1980000.0,normal
CR001485,CL01352,2025-02-08,Crédito libre inversión,1450000,3,0.0214,504000,App,743,0.42,Manual,Finalizado,0,2024-01-03,Antioquia,Medellín,19,F,3,Técnico/Tecnólogo,Pensionado,1200000.0,Campaña digital,414.0,False,2,Android,hash_166019,402,2,5,0.0,1.0,2.0,0.0,0.0,0.0,0.0,0.0,542.0,180.66666666666666,0.40884098658501966,0,1200000.0,normal
CR001486,CL01353,2026-01-05,Crédito libre inversión,1450000,6,0.0176,257000,Web,808,0.1152,Automática,Activo,0,2024-12-19,Valle del Cauca,Cali,41,M,2,Universitario,Comerciante,2230000.0,Campaña digital,608.0,False,1,Android,hash_213388,382,1,0,0.0,4.0,1.0,1.0,0.0,2.0,2.0,0.0,1578.0,157.8,0.24001042848276058,0,2230000.0,normal
CR001487,CL01354,2025-09-21,Microcrédito,3500000,6,0.0352,657000,App,835,0.2066,Automática,Mora moderada,0,2024-10-22,Cundinamarca,Soacha,44,M,4,Universitario,Independiente,3180000.0,Campaña digital,603.0,True,3,Android,hash_834755,334,9,6,0.0,1.0,2.0,0.0,0.0,0.0,0.0,0.0,757.0,252.33333333333334,0.4236639408598502,0,3180000.0,normal
CR001488,CL01356,2025-08-29,Microcrédito,4300000,9,0.0373,571000,Aliado,867,0.1252,Automática,Mora moderada,1,2025-07-26,Bogotá D.C.,Bogotá,19,M,5,Técnico/Tecnólogo,Empleado,4560000.0,Referido,696.0,False,0,Android,hash_680340,34,8,4,1.0,0.0,1.0,0.0,1.0,1.0,0.0,0.0,629.0,157.25,0.40262381877724174,0,4560000.0,normal
CR001489,CL01356,2025-11-07,Desconocido,3150000,9,0.0371,418000,App,900,0.0917,Automática,Activo,0,2025-07-26,Bogotá D.C.,Bogotá,19,M,5,Técnico/Tecnólogo,Empleado,4560000.0,Referido,696.0,False,0,Android,hash_680340,104,11,4,1.0,1.0,1.0,1.0,1.0,1.0,0.0,0.0,1016.0,169.33333333333334,0.3344573802430111,0,4560000.0,normal
CR001490,CL01359,2025-12-15,Microcrédito,3000000,18,0.0446,246000,App,751,0.0885,Automática,Mora moderada,1,2024-08-18,Bogotá D.C.,Bogotá,21,M,3,Universitario,Empleado,2780000.0,Call center,575.0,True,0,Web,hash_589775,484,12,0,0.0,2.0,4.0,2.0,1.0,3.0,0.0,0.0,1990.0,165.83333333333334,0.5962930948332168,1,2780000.0,normal
CR001491,CL01359,2025-11-15,Crédito consumo digital,1950000,6,0.025,354000,Call center,842,0.1273,Automática,Mora severa,1,2024-08-18,Bogotá D.C.,Bogotá,21,M,3,Universitario,Empleado,2780000.0,Call center,575.0,True,0,Web,hash_589775,454,11,5,0.0,2.0,3.0,2.0,1.0,3.0,0.0,0.0,1814.0,164.9090909090909,0.5569896498678449,1,2780000.0,normal
CR001492,CL01360,2026-01-17,Crédito consumo digital,750000,12,0.0343,77000,Aliado,588,0.03,Manual,Activo,0,2024-07-21,Bolívar,Cartagena,38,M,2,Técnico/Tecnólogo,Comerciante,2570000.0,Referido,588.0,False,2,iOS,hash_906878,545,1,5,0.0,9.0,1.0,2.0,1.0,3.0,0.0,0.0,2649.0,165.5625,0.1962736379041278,0,2570000.0,normal
CR001493,CL01360,2024-09-25,Crédito consumo digital,700000,9,0.0317,91000,Aliado,603,0.0354,Manual,Mora moderada,1,2024-07-21,Bolívar,Cartagena,38,M,2,Técnico/Tecnólogo,Comerciante,2570000.0,Referido,588.0,False,2,iOS,hash_906878,66,9,2,0.0,3.0,0.0,1.0,1.0,1.0,0.0,0.0,1114.0,185.66666666666666,0.5337378856946944,1,2570000.0,normal
CR001494,CL01362,2025-09-05,Microcrédito,2150000,6,0.0391,409000,App,867,0.1591,Automática,Mora severa,1,2025-12-31,Valle del Cauca,Cali,42,M,3,Bachiller,Empleado,2570000.0,Referido,569.0,True,2,Android,hash_839316,-117,9,4,0.0,0.0,0.0,0.0,0.0,0.0,0.0,0.0,0.0,0.0,0.5520554927668301,1,2570000.0,normal
CR001495,CL01362,2025-11-22,Microcrédito,1050000,6,0.0318,195000,Web,811,0.0759,Automática,Activo,0,2025-12-31,Valle del Cauca,Cali,42,M,3,Bachiller,Empleado,2570000.0,Referido,569.0,True,2,Android,hash_839316,-39,11,5,0.0,0.0,0.0,0.0,0.0,0.0,0.0,0.0,0.0,0.0,0.5575212060108428,1,2570000.0,normal
CR001496,CL01363,2026-03-13,Avance de nómina,1900000,12,0.0299,191000,App,829,0.0541,Automática,Activo,0,2025-03-12,Valle del Cauca,Cali,37,F,1,Sin información,Empleado,3530000.0,Aliado comercial,615.0,False,1,Android,hash_901281,366,3,4,0.0,1.0,1.0,2.0,2.0,1.0,0.0,0.0,1747.0,249.57142857142858,0.19093425045419687,0,3530000.0,normal
CR001497,CL01364,2025-07-12,Crédito consumo digital,1050000,3,0.0362,376000,Aliado,854,0.188,Automática,Finalizado,0,2025-06-02,Bogotá D.C.,Bogotá,26,M,2,Técnico/Tecnólogo,Empleado,2000000.0,App orgánico,617.0,False,0,iOS,hash_976218,40,7,5,0.0,0.0,1.0,0.0,0.0,0.0,0.0,1.0,174.0,87.0,0.2647792213112171,0,2000000.0,normal
CR001498,CL01365,2026-03-29,Crédito consumo digital,750000,3,0.0244,262000,App,841,0.1578,Automática,Activo,0,2025-03-04,Antioquia,Medellín,48,M,1,Sin información,Comerciante,1660000.0,Campaña digital,550.0,False,2,Android,hash_661267,390,3,6,1.0,0.0,2.0,0.0,0.0,0.0,1.0,0.0,426.0,106.5,0.3546648129908565,0,1660000.0,normal
CR001499,CL01366,2025-05-30,Crédito consumo digital,2100000,6,0.0298,387000,Web,607,0.1106,Manual,Mora moderada,1,2024-10-03,Caldas,Manizales,34,F,3,Técnico/Tecnólogo,Empleado,3500000.0,Aliado comercial,588.0,False,1,iOS,hash_307123,239,5,4,0.0,0.0,1.0,2.0,0.0,0.0,0.0,0.0,393.0,131.0,0.47293884924122837,0,3500000.0,normal
CR001500,CL01367,2025-07-05,Crédito libre inversión,7900000,6,0.026,1439000,App,857,0.327,Automática,Finalizado,0,2026-01-06,Bogotá D.C.,Bogotá,36,M,3,Sin información,Microempresario,4400000.0,Aliado comercial,674.0,True,4,Android,hash_606218,-185,7,5,0.0,0.0,0.0,0.0,0.0,0.0,0.0,0.0,0.0,0.0,0.5205308332110883,1,4400000.0,normal
CR001501,CL01368,2024-07-15,Crédito consumo digital,650000,6,0.0293,120000,Web,497,0.0652,Excepción,Finalizado,0,2024-01-11,Bogotá D.C.,Bogotá,27,F,2,Técnico/Tecnólogo,Empleado,1840000.0,Aliado comercial,588.0,False,1,Android,hash_295980,186,7,0,0.0,0.0,0.0,0.0,0.0,0.0,1.0,0.0,140.0,140.0,0.6395216707227562,1,1840000.0,normal
CR001502,CL01368,2025-04-28,Microcrédito,1850000,9,0.0388,247000,App,511,0.1342,Excepción,Finalizado,0,2024-01-11,Bogotá D.C.,Bogotá,27,F,2,Técnico/Tecnólogo,Empleado,1840000.0,Aliado comercial,588.0,False,1,Android,hash_295980,473,4,0,0.0,0.0,2.0,1.0,0.0,1.0,1.0,0.0,675.0,135.0,0.4967475174186354,0,1840000.0,normal
CR001503,CL01369,2025-09-04,Crédito consumo digital,1550000,9,0.0206,190000,App,841,0.0819,Automática,Activo,0,2023-11-19,Antioquia,Medellín,32,M,3,Bachiller,Empleado,2320000.0,Referido,547.0,False,1,iOS,hash_445508,655,9,3,1.0,5.0,3.0,0.0,0.0,1.0,0.0,0.0,1865.0,186.5,0.220916759215329,0,2320000.0,normal
CR001504,CL01369,2026-03-20,Avance de nómina,350000,6,0.0316,65000,App,834,0.028,Automática,Activo,0,2023-11-19,Antioquia,Medellín,32,M,3,Bachiller,Empleado,2320000.0,Referido,547.0,False,1,iOS,hash_445508,852,3,4,1.0,5.0,5.0,1.0,0.0,1.0,0.0,0.0,2506.0,192.76923076923077,0.17870257845851614,0,2320000.0,normal
CR001505,CL01371,2023-06-26,Crédito libre inversión,2700000,18,0.0336,202000,Web,900,0.0596,Automática,Finalizado,0,2023-02-08,Bogotá D.C.,Bogotá,34,M,4,Técnico/Tecnólogo,Empleado,3390000.0,Referido,621.0,False,2,iOS,hash_143042,138,6,0,0.0,0.0,1.0,0.0,0.0,0.0,0.0,0.0,142.0,142.0,0.28318765028908394,0,3390000.0,normal
CR001506,CL01372,2026-03-09,Crédito consumo digital,1600000,6,0.0214,287000,Web,876,0.1157,Automática,Activo,0,2025-10-08,Cundinamarca,Soacha,53,M,3,Bachiller,Empleado,2480000.0,Referido,598.0,False,3,iOS,hash_319712,152,3,0,0.0,1.0,3.0,2.0,1.0,1.0,0.0,0.0,1127.0,140.875,0.2332108352686555,0,2480000.0,normal
CR001507,CL01373,2025-04-30,Avance de nómina,900000,12,0.0214,86000,App,900,0.0345,Automática,Finalizado,0,2025-01-24,Valle del Cauca,Cali,22,M,1,Universitario,Comerciante,2490000.0,App orgánico,585.0,True,1,Android,hash_479928,96,4,2,0.0,0.0,0.0,0.0,0.0,1.0,0.0,0.0,71.0,71.0,0.589789209702098,1,2490000.0,normal
CR001508,CL01373,2025-09-24,Microcrédito,1800000,6,0.0437,348000,App,887,0.1398,Automática,Mora moderada,1,2025-01-24,Valle del Cauca,Cali,22,M,1,Universitario,Comerciante,2490000.0,App orgánico,585.0,True,1,Android,hash_479928,243,9,2,0.0,0.0,3.0,0.0,0.0,1.0,0.0,1.0,339.0,67.8,0.6502365915898907,1,2490000.0,normal
CR001509,CL01374,2025-11-16,Avance de nómina,450000,6,0.0248,82000,Aliado,900,0.0309,Automática,Activo,0,2025-09-26,Atlántico,Barranquilla,20,M,3,Universitario,Independiente,2650000.0,App orgánico,582.0,False,2,iOS,hash_926083,51,11,6,0.0,1.0,0.0,0.0,0.0,0.0,0.0,0.0,61.0,61.0,0.5639702577445393,1,2650000.0,normal
CR001510,CL01375,2024-03-17,Crédito libre inversión,2000000,18,0.0286,144000,Call center,829,0.0526,Automática,Finalizado,0,2023-06-25,Caldas,Manizales,51,F,2,Bachiller,Conductor/Repartidor,2740000.0,Referido,500.0,False,0,Android,hash_673613,266,3,6,1.0,0.0,0.0,0.0,0.0,0.0,0.0,0.0,108.0,108.0,0.816051034082148,1,2740000.0,normal
CR001511,CL01379,2025-12-14,Crédito consumo digital,850000,12,0.0229,82000,App,805,0.0429,Automática,Activo,0,2025-11-05,Risaralda,Pereira,30,M,3,Técnico/Tecnólogo,Pensionado,1910000.0,App orgánico,488.0,False,1,Android,hash_785621,39,12,6,0.0,0.0,0.0,0.0,0.0,2.0,1.0,0.0,644.0,214.66666666666666,0.5171030617440027,1,1910000.0,normal
CR001512,CL01382,2023-08-20,Microcrédito,1150000,12,0.0271,114000,App,873,0.0418,Automática,Mora moderada,1,2023-02-19,Bogotá D.C.,Bogotá,31,M,4,Bachiller,Empleado,2730000.0,Aliado comercial,636.0,True,2,Android,hash_159278,182,8,6,0.0,0.0,2.0,0.0,0.0,0.0,0.0,0.0,465.0,232.5,0.3721019833186969,0,2730000.0,normal
CR001513,CL01383,2025-10-11,Crédito consumo digital,2050000,12,0.0218,196000,App,900,0.0563,Automática,Activo,0,2025-02-12,Bogotá D.C.,Bogotá,58,M,3,Bachiller,Comerciante,3480000.0,App orgánico,767.0,False,0,iOS,hash_676304,241,10,5,2.0,3.0,3.0,1.0,0.0,2.0,0.0,0.0,1951.0,177.36363636363637,0.19413998915165948,0,3480000.0,normal
CR001514,CL01383,2025-12-12,Crédito libre inversión,3400000,18,0.0248,236000,Aliado,900,0.0678,Automática,Activo,0,2025-02-12,Bogotá D.C.,Bogotá,58,M,3,Bachiller,Comerciante,3480000.0,App orgánico,767.0,False,0,iOS,hash_676304,303,12,4,2.0,3.0,3.0,2.0,0.0,2.0,0.0,0.0,2006.0,167.16666666666666,0.25568445679959145,0,3480000.0,normal
CR001515,CL01385,2025-10-13,Crédito consumo digital,2800000,18,0.0285,201000,App,900,0.0419,Automática,Activo,0,2024-07-10,Bogotá D.C.,Bogotá,43,F,4,Universitario,Empleado,4800000.0,Call center,700.0,False,1,Web,hash_950340,460,10,0,0.0,0.0,1.0,0.0,0.0,1.0,0.0,0.0,67.0,33.5,0.26362529390325706,0,4800000.0,normal
CR001516,CL01386,2026-03-08,Crédito consumo digital,750000,12,0.0224,72000,App,854,0.0414,Automática,Activo,0,2025-02-26,Antioquia,Medellín,39,M,4,Bachiller,Conductor/Repartidor,1740000.0,Aliado comercial,485.0,False,2,iOS,hash_265438,375,3,6,1.0,6.0,8.0,2.0,1.0,2.0,1.0,2.0,3625.0,157.6086956521739,0.3543022679841331,0,1740000.0,normal
CR001517,CL01386,2025-07-30,Crédito consumo digital,700000,9,0.0379,93000,Web,824,0.0534,Automática,Activo,0,2025-02-26,Antioquia,Medellín,39,M,4,Bachiller,Conductor/Repartidor,1740000.0,Aliado comercial,485.0,False,2,iOS,hash_265438,154,7,2,0.0,2.0,3.0,1.0,0.0,0.0,0.0,1.0,1152.0,164.57142857142858,0.5844679214321611,1,1740000.0,normal
CR001518,CL01386,2025-11-26,Crédito libre inversión,1850000,9,0.0194,226000,App,755,0.1299,Automática,Activo,0,2025-02-26,Antioquia,Medellín,39,M,4,Bachiller,Conductor/Repartidor,1740000.0,Aliado comercial,485.0,False,2,iOS,hash_265438,273,11,2,0.0,6.0,5.0,2.0,1.0,0.0,1.0,2.0,2781.0,163.58823529411765,0.5679218298788784,1,1740000.0,normal
CR001519,CL01388,2026-02-01,Crédito consumo digital,3600000,9,0.0384,481000,App,898,0.1276,Automática,Activo,0,2024-07-24,Tolima,Ibagué,52,F,4,Bachiller,Empleado,3770000.0,Aliado comercial,710.0,False,3,Android,hash_428398,557,2,6,0.0,3.0,1.0,0.0,0.0,0.0,0.0,0.0,592.0,148.0,0.14122138559001482,0,3770000.0,normal
CR001520,CL01389,2026-02-14,Crédito consumo digital,850000,3,0.0351,303000,App,900,0.1464,Automática,Activo,0,2025-07-26,Bogotá D.C.,Bogotá,36,M,2,Bachiller,Empleado,2070000.0,Referido,639.0,False,2,Android,hash_252947,203,2,5,2.0,2.0,4.0,1.0,1.0,1.0,1.0,1.0,1646.0,126.61538461538461,0.25213294534492886,0,2070000.0,normal
CR001521,CL01390,2024-04-25,Microcrédito,500000,6,0.0443,97000,Web,755,0.1902,Automática,Mora severa,1,2023-05-15,Antioquia,Medellín,28,M,1,Universitario,Desempleado,510000.0,App orgánico,482.0,False,0,Android,hash_432395,346,4,3,0.0,0.0,1.0,0.0,0.0,0.0,1.0,1.0,472.0,157.33333333333334,0.8244165222382694,1,510000.0,normal
CR001522,CL01391,2025-11-01,Crédito libre inversión,3000000,6,0.0247,544000,Web,888,0.1902,Automática,Activo,0,2025-01-25,Bogotá D.C.,Bogotá,41,M,3,Universitario,Empleado,2860000.0,Campaña digital,632.0,False,0,iOS,hash_364234,280,11,5,0.0,1.0,5.0,0.0,0.0,5.0,0.0,0.0,1457.0,132.45454545454547,0.33204108269887034,0,2860000.0,normal
CR001523,CL01393,2026-03-14,Microcrédito,2250000,12,0.0333,230000,Web,730,0.1643,Automática,Activo,0,2024-01-26,Bogotá D.C.,Bogotá,56,F,2,Universitario,Empleado,1400000.0,Campaña digital,559.0,False,2,Android,hash_551501,778,3,5,0.0,2.0,4.0,1.0,0.0,1.0,1.0,0.0,1157.0,128.55555555555554,0.46087559146891705,0,1400000.0,normal
CR001524,CL01394,2025-10-01,Crédito consumo digital,1050000,12,0.0321,107000,App,586,0.045,Manual,Activo,0,2024-07-04,Cundinamarca,Soacha,37,M,1,Universitario,Empleado,2380000.0,App orgánico,588.0,False,0,Android,hash_544400,454,10,2,1.0,1.0,2.0,1.0,1.0,1.0,0.0,2.0,1192.0,132.44444444444446,0.4175720960885397,0,2380000.0,normal
CR001525,CL01394,2025-06-11,Crédito consumo digital,1150000,3,0.0226,401000,App,591,0.1685,Manual,Finalizado,0,2024-07-04,Cundinamarca,Soacha,37,M,1,Universitario,Empleado,2380000.0,App orgánico,588.0,False,0,Android,hash_544400,342,6,2,1.0,0.0,2.0,0.0,1.0,1.0,0.0,2.0,966.0,138.0,0.41937893927446535,0,2380000.0,normal
CR001526,CL01396,2025-07-04,Crédito consumo digital,3900000,6,0.0292,718000,App,900,0.1425,Automática,Finalizado,0,2023-02-07,Meta,Villavicencio,38,M,5,Bachiller,Independiente,5040000.0,App orgánico,659.0,False,0,Web,hash_163327,878,7,4,1.0,1.0,3.0,0.0,0.0,0.0,1.0,1.0,1010.0,144.28571428571428,0.409635173491408,0,5040000.0,normal
CR001527,CL01400,2026-01-12,Crédito consumo digital,2100000,6,0.036,395000,App,900,0.1606,Automática,Activo,0,2023-10-05,Bolívar,Cartagena,29,F,2,Universitario,Independiente,2460000.0,Referido,575.0,False,0,Android,hash_948248,830,1,0,0.0,1.0,1.0,1.0,0.0,0.0,0.0,2.0,642.0,128.4,0.32853220571938574,0,2460000.0,normal
